-- phpMyAdmin SQL Dump
-- version 5.2.1
-- https://www.phpmyadmin.net/
--
-- 主機： 127.0.0.1
-- 產生時間： 2025-02-12 03:45:22
-- 伺服器版本： 10.4.32-MariaDB
-- PHP 版本： 8.2.12

SET SQL_MODE = "NO_AUTO_VALUE_ON_ZERO";
START TRANSACTION;
SET time_zone = "+00:00";


/*!40101 SET @OLD_CHARACTER_SET_CLIENT=@@CHARACTER_SET_CLIENT */;
/*!40101 SET @OLD_CHARACTER_SET_RESULTS=@@CHARACTER_SET_RESULTS */;
/*!40101 SET @OLD_COLLATION_CONNECTION=@@COLLATION_CONNECTION */;
/*!40101 SET NAMES utf8mb4 */;

--
-- 資料庫： `sideprojectfinal`
--

-- --------------------------------------------------------

--
-- 資料表結構 `keywords`
--

CREATE TABLE `keywords` (
  `id` bigint(20) NOT NULL,
  `keyword` varchar(255) NOT NULL,
  `times` int(11) NOT NULL
) ENGINE=InnoDB DEFAULT CHARSET=utf8mb4 COLLATE=utf8mb4_general_ci;

--
-- 傾印資料表的資料 `keywords`
--

INSERT INTO `keywords` (`id`, `keyword`, `times`) VALUES
(10, '管理', 5),
(11, '用戶', 1),
(12, '健身', 3),
(13, '應用', 2),
(14, '美食', 4),
(15, '地理', 1),
(16, '食譜', 3),
(17, '心理', 1),
(18, '旅行', 4),
(19, '語言', 2),
(20, '寵物', 2),
(21, '園藝', 1),
(22, '植物', 2),
(23, '書', 1),
(24, '儲蓄', 1);

-- --------------------------------------------------------

--
-- 資料表結構 `member`
--

CREATE TABLE `member` (
  `memberid` bigint(20) NOT NULL,
  `account` varchar(255) DEFAULT NULL,
  `password` varchar(255) DEFAULT NULL,
  `email` varchar(255) DEFAULT NULL,
  `intro` varchar(255) DEFAULT NULL,
  `github` varchar(255) DEFAULT NULL,
  `picurl` text DEFAULT NULL,
  `name` varchar(255) DEFAULT NULL,
  `birthday` varchar(255) DEFAULT NULL,
  `tel` varchar(255) DEFAULT NULL,
  `isblocked` tinyint(1) NOT NULL
) ENGINE=InnoDB DEFAULT CHARSET=utf8mb4 COLLATE=utf8mb4_general_ci;

--
-- 傾印資料表的資料 `member`
--

INSERT INTO `member` (`memberid`, `account`, `password`, `email`, `intro`, `github`, `picurl`, `name`, `birthday`, `tel`, `isblocked`) VALUES
(1, 'Admin', '123456', 'admin@gmail.com', NULL, NULL, NULL, '系統自動寄出', NULL, NULL, 0),
(2, 'Elijah', '$2a$10$YlGd.8FOUHDB5zR4L8I8TeuINMr7ZlN1NhYn0LMNFsAU3jNdJ45oK', 'elijah5941@yahoo.com', '大家好，我是一名系統工程師，負責系統架構設計和優化。喜歡學習新技術，提升自己的技能。閒暇時喜歡跑步和健身，保持健康生活方式。', 'https://github.com/willyyayaya/side_project_backend_version_1.0/tree/feature/order', NULL, '姜健穎', '1964-08-13', '0971023118', 0),
(3, 'Jillian', '$2a$10$.D4B9wAHeKSqMuFxofSeIeiHibgOs437V2uFFRwMKSs9PAHl.Iedu', 'jillian3947@hotmail.com', '嗨，我是一名嵌入式系統工程師，專注於開發和測試嵌入式軟件。對科技充滿熱情，喜歡動手實現自己的想法。我的興趣包括烹飪和閱讀科幻小說。', 'https://github.com/willyyayaya/side_project_backend_version_1.0/tree/feature/admin', NULL, '黃晴添', '1962-07-19', '0954163858', 0),
(4, 'Rupert', '$2a$10$C3OxjJmvOB9HdhshEj3QBe/D.MosaomC/FqSr.ACQpRs1zTJFTSzG', 'rupert8380@gmail.com', '嗨，我是一名資深軟體工程師，專注於金融應用的開發和維護。喜愛挑戰自我，提高技術水平。業餘愛好下棋和寫作。', 'https://github.com/willyyayaya/side_project_backend_version_1.0/tree/feature/home', NULL, '張彬楠', '2013-05-25', '0910109126', 0),
(5, 'Aletta', '$2a$10$ChTzXSBO0XmnWE8ISvApve5KiqPi7HSEj9zqWzS8nYtkcr3Akm1ia', 'aletta7091@gmail.com', '大家好，我是一名網絡工程師，負責公司內部和外部網絡的設計和維護。\r\n對網絡安全有深入研究，喜歡保持網絡的穩定和安全。興趣包括園藝和手工藝品。', 'https://github.com/willyyayaya/side_project_backend_version_1.0/tree/feature/member', NULL, '李毓璇', '1986-12-31', '0932008488', 0),
(6, 'Cruz', '$2a$10$KhBoEDzsILeK.pnPnUOLUuVidVdI18JMXPeMCXvNyvfw.xz9QJls6', 'cruz5347@gmail.com', '你好，我是一名雲計算工程師，專注於雲平台的搭建和維護。\r\n喜歡挑戰高難度的技術問題，不斷學習和進步。閒暇時喜歡釣魚和攝影。\r\n家裡養一隻大橘，歡迎貓奴交流。', 'https://github.com/willyyayaya/side_project_backend_version_1.0/tree/feature/member', NULL, '曾利馳', '2017-07-13', '0930516728', 0),
(7, 'Cameron', '$2a$10$r6/cGBh52zTzv8Fuv.wvZ.DPK0zX83EtQIfOQZBx9CzeR4jaHG7Ue', 'cameron4355@gmail.com', '你好，我是一名人工智能工程師，專注於深度學習和自然語言處理。喜歡探索人工智能的前沿技術，並應用於實際場景。興趣包括瑜伽和烘焙，最近在學習法文跟西班牙文。', 'https://github.com/willyyayaya/side_project_backend_version_1.0/tree/feature/order', NULL, '何子祟', '1980-04-06', '0972032018', 0),
(8, 'Anna', '$2a$10$mp0bqG0oR.ZQV.Scj/KrCOtoD7FY1MQBxAGdeTFrltbcPMv1W1bPm', 'anna8985@gmail.com', '大家好，我是一名資深軟體架構師，擁有多年的軟件開發經驗。熱愛技術，喜歡分享經驗和知識。興趣愛好書法和園藝。', 'https://github.com/willyyayaya/side_project_backend_version_1.0/tree/feature/order', NULL, '戴喧政', '1986-06-11', '0912011335', 0),
(9, 'Velazquez', '$2a$10$B/D7ktzF7nWHT3YimRx/VuMrMjfqO4OgUIDyQeFcWm/Cxa6u0Bode', 'velazquez8798@gmail.com', '大家好，我是一名軟體工程師，專注於後端開發。熱愛編程和解決複雜的技術問題。工作之外，我喜歡打籃球和旅行，探索新的地方。', 'https://github.com/willyyayaya/side_project_backend_version_1.0/tree/feature/order', NULL, '魏叡許', '1985-05-27', '0963943528', 0),
(10, 'Brianna', '$2a$10$7zzhb76qwuNSkwqUAq7PY.1wXLEiqQqh9m.EXRWbDjnRD2UQI/NFq', 'perez7462@outlook.com', '嗨，我是一名前端開發人員，在初創公司工作。對設計和用戶體驗充滿熱情，致力於打造美觀流暢的介面。我喜歡畫畫和參加設計比賽。', 'https://github.com/willyyayaya/side_project_backend_version_1.0/tree/feature/order/final_side_Project/src', NULL, '游凝懿', '1973-02-22', '0954207833', 0),
(11, 'Jax', '$2a$10$yM/Hv7Gv4Pg5t4sU2A/ONOJNgmqwHNIAbGwnET5RNgVHYSgp1.Uy6', 'jax1906@hotmail.com', '你好，我是一名數據工程師，專注於大數據和機器學習。喜歡通過數據解決實際問題，幫助公司做出更好的決策。平時愛好看書和騎自行車。', 'https://github.com/willyyayaya/side_project_backend_version_1.0/tree/feature/register', NULL, '王宗毅', '1981-03-30', '0920316636', 0);

-- --------------------------------------------------------

--
-- 資料表結構 `memberorder`
--

CREATE TABLE `memberorder` (
  `memberid` bigint(20) NOT NULL,
  `orderid` bigint(20) NOT NULL,
  `owned` tinyint(1) NOT NULL,
  `wanted` tinyint(1) NOT NULL,
  `collected` tinyint(1) NOT NULL,
  `evaluate` varchar(255) DEFAULT NULL,
  `getproject` tinyint(1) NOT NULL,
  `picurl` varchar(255) DEFAULT NULL,
  `name` varchar(255) DEFAULT NULL,
  `detail` varchar(255) DEFAULT NULL,
  `rank` int(11) DEFAULT NULL
) ENGINE=InnoDB DEFAULT CHARSET=utf8mb4 COLLATE=utf8mb4_general_ci;

--
-- 傾印資料表的資料 `memberorder`
--

INSERT INTO `memberorder` (`memberid`, `orderid`, `owned`, `wanted`, `collected`, `evaluate`, `getproject`, `picurl`, `name`, `detail`, `rank`) VALUES
(2, 17, 1, 0, 0, NULL, 0, NULL, NULL, NULL, NULL),
(2, 18, 1, 0, 0, NULL, 0, NULL, NULL, NULL, NULL),
(2, 19, 1, 0, 0, NULL, 0, NULL, NULL, NULL, NULL),
(8, 20, 1, 0, 0, NULL, 0, NULL, NULL, NULL, NULL),
(8, 21, 1, 0, 0, '合作愉快，受益良多', 0, NULL, NULL, NULL, NULL),
(10, 22, 1, 0, 0, NULL, 0, NULL, NULL, NULL, NULL),
(3, 24, 0, 1, 0, NULL, 1, NULL, NULL, NULL, NULL),
(3, 26, 0, 1, 0, NULL, 0, NULL, NULL, NULL, NULL),
(2, 22, 0, 1, 0, '非常有趣的題材，希望可以再合作', 1, NULL, NULL, NULL, 5),
(6, 25, 0, 1, 0, NULL, 0, NULL, NULL, NULL, NULL),
(7, 20, 0, 1, 0, NULL, 0, NULL, NULL, NULL, NULL),
(7, 24, 0, 1, 1, NULL, 0, NULL, NULL, NULL, NULL),
(7, 17, 0, 1, 0, NULL, 0, NULL, NULL, NULL, NULL),
(8, 22, 0, 0, 1, NULL, 0, NULL, NULL, NULL, NULL),
(10, 19, 0, 1, 0, NULL, 0, NULL, NULL, NULL, NULL),
(10, 23, 0, 1, 1, NULL, 0, NULL, NULL, NULL, NULL),
(10, 26, 0, 1, 1, NULL, 1, NULL, NULL, NULL, NULL),
(10, 17, 0, 0, 1, NULL, 0, NULL, NULL, NULL, NULL),
(11, 21, 0, 1, 1, NULL, 1, NULL, NULL, NULL, NULL),
(11, 23, 0, 0, 1, NULL, 0, NULL, NULL, NULL, NULL),
(11, 25, 0, 1, 1, NULL, 0, NULL, NULL, NULL, NULL),
(10, 27, 1, 0, 0, NULL, 0, NULL, NULL, NULL, NULL),
(7, 28, 1, 0, 0, NULL, 0, NULL, NULL, NULL, NULL),
(6, 18, 0, 0, 1, NULL, 0, NULL, NULL, NULL, NULL),
(6, 27, 0, 0, 1, NULL, 0, NULL, NULL, NULL, NULL),
(10, 21, 0, 1, 1, NULL, 1, NULL, NULL, NULL, NULL),
(6, 21, 0, 1, 0, NULL, 0, NULL, NULL, NULL, NULL),
(7, 27, 0, 1, 0, NULL, 0, NULL, NULL, NULL, NULL),
(6, 24, 0, 1, 0, NULL, 0, NULL, NULL, NULL, NULL),
(2, 29, 1, 0, 0, NULL, 0, NULL, NULL, NULL, NULL),
(2, 30, 1, 0, 0, NULL, 0, NULL, NULL, NULL, NULL),
(3, 30, 0, 1, 0, NULL, 1, NULL, NULL, NULL, NULL),
(8, 31, 1, 0, 0, NULL, 0, NULL, NULL, NULL, NULL),
(4, 30, 0, 1, 0, NULL, 1, NULL, NULL, NULL, NULL),
(4, 32, 1, 0, 0, NULL, 0, NULL, NULL, NULL, NULL),
(2, 32, 0, 1, 0, NULL, 0, NULL, NULL, NULL, NULL);

-- --------------------------------------------------------

--
-- 資料表結構 `membertag`
--

CREATE TABLE `membertag` (
  `memberid` bigint(20) NOT NULL,
  `tagid` int(10) UNSIGNED NOT NULL
) ENGINE=InnoDB DEFAULT CHARSET=utf8mb4 COLLATE=utf8mb4_general_ci;

--
-- 傾印資料表的資料 `membertag`
--

INSERT INTO `membertag` (`memberid`, `tagid`) VALUES
(2, 2),
(2, 3),
(2, 6),
(2, 11),
(2, 15),
(2, 17),
(2, 19),
(3, 1),
(3, 2),
(3, 3),
(3, 13),
(3, 14),
(3, 15),
(3, 17),
(3, 19),
(4, 2),
(4, 3),
(4, 5),
(4, 11),
(4, 13),
(4, 15),
(4, 16),
(4, 17),
(4, 18),
(5, 4),
(5, 6),
(5, 7),
(5, 8),
(5, 11),
(5, 19),
(6, 1),
(6, 6),
(6, 7),
(6, 8),
(6, 13),
(6, 16),
(7, 2),
(7, 4),
(7, 9),
(7, 13),
(7, 17),
(7, 18),
(7, 20),
(8, 1),
(8, 2),
(8, 4),
(8, 6),
(8, 11),
(8, 13),
(8, 16),
(9, 2),
(9, 5),
(9, 9),
(9, 13),
(9, 17),
(9, 18),
(9, 19),
(10, 1),
(10, 4),
(10, 8),
(10, 13),
(10, 17),
(10, 18),
(11, 2),
(11, 4),
(11, 5),
(11, 8),
(11, 9);

-- --------------------------------------------------------

--
-- 資料表結構 `message`
--

CREATE TABLE `message` (
  `messageid` bigint(20) NOT NULL,
  `senderid` bigint(20) NOT NULL,
  `receiverid` bigint(20) NOT NULL,
  `title` varchar(255) NOT NULL,
  `content` varchar(255) NOT NULL,
  `createdat` datetime NOT NULL DEFAULT current_timestamp(),
  `isread` tinyint(1) NOT NULL,
  `receiver_email` varchar(255) DEFAULT NULL
) ENGINE=InnoDB DEFAULT CHARSET=utf8mb4 COLLATE=utf8mb4_general_ci;

--
-- 傾印資料表的資料 `message`
--

INSERT INTO `message` (`messageid`, `senderid`, `receiverid`, `title`, `content`, `createdat`, `isread`, `receiver_email`) VALUES
(23, 2, 7, '詢問相關經驗', '您好，感謝您的申請，這邊想了解一下您在過去參與的專案都是負責前端、後端或是資料庫呢?還是都有參與到?\n如果都有參與，想請教各項參與的占比為何?\n另外對於我的這個專案，您有甚麼想了解的嗎?', '2025-02-06 20:14:23', 1, NULL),
(24, 2, 9, '詢問相關經驗', '您好，感謝您的申請，這邊想了解一下您在過去參與的專案都是負責前端、後端或是資料庫呢?還是都有參與到?\n如果都有參與，想請教各項參與的占比為何?\n另外對於我的這個專案，您有甚麼想了解的嗎?', '2025-02-06 20:18:01', 0, NULL),
(25, 2, 10, '詢問相關經驗', '您好，感謝您的申請，這邊想了解一下您在過去參與的專案都是負責前端、後端或是資料庫呢?還是都有參與到?\r\n如果都有參與，想請教各項參與的占比為何?\r\n另外對於我的這個專案，您有甚麼想了解的嗎?', '2025-02-06 20:18:24', 0, NULL),
(26, 5, 10, '《來自〈求職跟蹤器〉專案》測試信件', '測試信件測試信件測試信件測試信件測試信件測試信件測試信件測試信件測試信件測試信件測試信件測試信件測試信件測試信件測試信件測試信件測試信件測試信件測試信件測試信件測試信件測試信件測試信件測試信件測試信件', '2025-02-07 03:47:37', 0, NULL),
(27, 10, 9, '《來自〈個人化書籍推薦系統〉專案》測試3測試3測試3測試3', '測試2測試2測試2測試2測試2測試2測試2測試2測試2測試2測試2測試2測試2測試2測試2測試2測試2測試2測試2測試2測試2測試2測試2測試2測試2測試2測試2測試2測試2測試2測試2測試2測試2測試2測試2測試2測試2測試2測試2', '2025-02-07 04:30:40', 0, NULL),
(28, 10, 9, '《來自〈個人化書籍推薦系統〉專案》測試5測試5測試5測試5', '測試5測試5測試5測試5測試5測試5測試5測試5測試5測試5測試5測試5測試5測試5測試5測試5測試5測試5測試5測試5測試5測試5', '2025-02-07 04:51:57', 0, NULL),
(29, 10, 7, '《來自〈個人化書籍推薦系統〉專案》測試6測試6測試6測試6', '測試6測試6測試6測試6測試6測試6測試6測試6測試6測試6測試6測試6測試6測試6測試6測試6測試6測試6', '2025-02-07 04:54:22', 0, NULL),
(30, 10, 9, '《來自〈個人化書籍推薦系統〉專案》測試9測試9測試9測試9測試9測試9測試9', '測試9測試9測試9測試9測試9測試9測試9測試9測試9測試9測試9測試9測試9測試9測試9測試9測試9測試9測試9測試9測試9測試9測試9測試9測試9測試9測試9測試9測試9', '2025-02-07 04:56:04', 0, NULL),
(31, 1, 3, '您已成功加入 食譜創作者 專案', '恭喜您成功加入 食譜創作者 專案', '2025-02-11 09:30:16', 0, NULL),
(32, 1, 2, '您已成功加入 旅行計畫師 專案', '恭喜您成功加入 旅行計畫師 專案', '2025-02-11 09:30:16', 0, NULL),
(33, 1, 4, '您已成功加入 旅行計畫師 專案', '恭喜您成功加入 旅行計畫師 專案', '2025-02-11 09:30:16', 0, NULL),
(34, 1, 5, '您已成功加入 綠手指 專案', '恭喜您成功加入 綠手指 專案', '2025-02-11 09:30:17', 0, NULL),
(35, 1, 5, '您已成功加入 旅行計畫師 專案', '恭喜您成功加入 旅行計畫師 專案', '2025-02-11 09:30:17', 0, NULL),
(36, 1, 9, '您已成功加入 旅行計畫師 專案', '恭喜您成功加入 旅行計畫師 專案', '2025-02-11 09:30:17', 0, NULL),
(37, 1, 10, '您已成功加入 心理健康日記 專案', '恭喜您成功加入 心理健康日記 專案', '2025-02-11 09:30:17', 0, NULL),
(38, 1, 11, '您已成功加入 綠手指 專案', '恭喜您成功加入 綠手指 專案', '2025-02-11 09:30:17', 0, NULL),
(39, 1, 10, '您已成功加入 綠手指 專案', '恭喜您成功加入 綠手指 專案', '2025-02-11 09:30:17', 0, NULL),
(40, 2, 3, '《來自〈Cocos Creator 動畫重定向 (Animation Retargeting) 工具開發〉專案》', '很高興跟您合作', '2025-02-11 10:41:55', 0, NULL),
(41, 1, 3, '您已成功加入 Cocos Creator 動畫重定向 (Animation Retargeting) 工具開發 專案', '恭喜您成功加入 Cocos Creator 動畫重定向 (Animation Retargeting) 工具開發 專案', '2025-02-11 10:42:06', 0, NULL),
(42, 1, 4, '您已成功加入 Cocos Creator 動畫重定向 (Animation Retargeting) 工具開發 專案', '恭喜您成功加入 Cocos Creator 動畫重定向 (Animation Retargeting) 工具開發 專案', '2025-02-11 16:18:10', 0, NULL);

-- --------------------------------------------------------

--
-- 資料表結構 `orderform`
--

CREATE TABLE `orderform` (
  `orderid` bigint(20) NOT NULL,
  `name` varchar(255) DEFAULT NULL,
  `intro` varchar(255) DEFAULT NULL,
  `deadline` varchar(255) DEFAULT NULL,
  `detail` longtext DEFAULT NULL,
  `picurl` longtext DEFAULT NULL,
  `location` varchar(255) DEFAULT NULL,
  `rank` int(11) DEFAULT NULL,
  `people` int(11) NOT NULL,
  `budget` varchar(255) DEFAULT NULL,
  `upload` varchar(255) DEFAULT NULL,
  `newdate` varchar(255) DEFAULT NULL,
  `category` varchar(255) DEFAULT NULL,
  `collect_count` bigint(20) DEFAULT NULL
) ENGINE=InnoDB DEFAULT CHARSET=utf8mb4 COLLATE=utf8mb4_general_ci;

--
-- 傾印資料表的資料 `orderform`
--

INSERT INTO `orderform` (`orderid`, `name`, `intro`, `deadline`, `detail`, `picurl`, `location`, `rank`, `people`, `budget`, `upload`, `newdate`, `category`, `collect_count`) VALUES
(17, '本地美食發現者', '一個基於地理位置的應用，幫助用戶找到附近的餐廳和餐飲優惠。', '2025-08-06', '<p>創建一個基於<strong>GPS</strong>的應用，使用戶可以瀏覽和過濾附近餐廳的選項，並查看<strong>評價</strong>和<strong>優惠信息</strong>。應用還將允許餐廳業主提交他們的餐館信息和優惠。</p>', NULL, 'newTaipei', NULL, 3, '另議', '2025-02-06', '2025-02-06', 'app', NULL),
(18, '健身夥伴', '一個個性化健身計畫的應用，根據用戶的目標和時間表推薦鍛煉。', '2025-10-30', '<p>開發一個應用，允許用戶輸入他們的健身目標和可用時間，然後生成<strong style=\"color: rgb(230, 0, 0);\">個性化</strong>的鍛煉計畫。</p><p>同時，希望應用程式能提供<strong>鍛煉示範</strong>視頻和<strong>進度追踪</strong>功能。</p>', NULL, 'remote', NULL, 4, '另議', '2025-02-06', '2025-02-06', 'app', NULL),
(19, '智能家居控制', '一個能夠控制和監控智能家居設備的網頁應用。', '2025-11-06', '<p>建立一個手機應用程式，讓用戶可以通過<u>單一界面控制和監控多個智能家居設備</u>，如燈光、溫控器和安全攝像頭。應用還將支持<strong>語音命令功能</strong>。</p>', NULL, 'taichung', NULL, 3, '50000', '2025-02-06', '2025-02-06', 'app', NULL),
(20, '語言學習遊戲', '一款幫助用戶學習新語言的互動遊戲。', '2026-06-06', '<p>創建一款遊戲，通過有趣的任務和挑戰幫助用戶學習新語言。遊戲將包含詞彙練習、發音指導和即時反饋功能。</p>', NULL, 'tainan', NULL, 5, '另議', '2025-02-06', '2025-02-06', 'game', NULL),
(21, '綠手指', '一個幫助用戶管理和照顧他們植物的應用。', '2025-02-05', '<p>開發一個應用，允許用戶記錄和管理他們的植物，並提供澆水、施肥和光照等建議。應用還將包含植物識別功能，幫助用戶識別不同植物。</p>', NULL, 'hsinchuCity', 4, 3, '另議', '2024-02-24', '2024-06-06', 'app', NULL),
(22, '旅行計畫師', '一個幫助用戶計畫和組織旅行行程的網頁應用。', '2024-12-31', '<p>建立一個網頁應用，允許用戶創建和管理旅行行程，並添加景點、住宿和交通信息。應用還將提供行程分享和協作功能，讓朋友和家人可以一起計畫旅行。</p>', NULL, 'taoyuan', NULL, 4, '另議', '2023-09-13', '2024-07-19', 'web', NULL),
(23, '求職跟蹤器', '一個幫助求職者追踪和管理求職進度的應用。', '2025-04-30', '<p>開發一個應用，允許求職者記錄和追踪他們的申請、面試和回覆情況。應用還將提供求職建議和資料夾功能，幫助用戶管理他們的求職文檔。</p>', NULL, 'kaohsiung', NULL, 3, '另議', '2025-02-06', '2025-02-06', 'app', NULL),
(24, '食譜創作者', '一個讓用戶創建和分享他們自己的食譜集的應用。', '2026-06-30', '<p>建立一個網頁應用，允許用戶創建和分享他們的食譜，並瀏覽其他用戶的食譜集。應用還將提供食材清單生成和購物清單功能。</p>', NULL, 'remote', NULL, 4, '另議', '2025-02-06', '2025-02-06', 'web', NULL),
(25, '寵物照顧助理', '一個幫助寵物主人管理和照顧寵物的應用。', '2025-11-20', '<p>開發一個應用，允許寵物主人記錄和管理他們的寵物，並提供餵食、醫療和活動建議。應用還將包含寵物識別功能，幫助用戶識別不同的寵物品種。</p>', NULL, 'taichung', NULL, 4, '另議', '2025-02-06', '2025-02-06', 'app', NULL),
(26, '心理健康日記', '一個幫助用戶記錄和反思他們情緒和心情的應用。', '2025-06-21', '<p>創建一個應用，允許用戶記錄和追踪他們的情緒和心情，並提供反思和冥想建議。應用還將包含每日提示和提醒功能，幫助用戶建立健康的心態。</p>', NULL, 'remote', NULL, 6, '另議', '2025-02-06', '2025-02-06', 'app', NULL),
(27, '個人化書籍推薦系統', '設計一個針對使用者興趣及過往閱讀紀錄進行書籍推薦的應用程式。', '2025-03-07', '<p>閱讀伴侶是一個智能書籍推薦應用，利用使用者的閱讀興趣和過往閱讀紀錄來推薦個性化的書籍。通過分析用戶的閱讀習慣和評價，應用將提供精確的書籍推薦，幫助用戶發現新書，並豐富其閱讀體驗。</p>', NULL, 'remote', NULL, 3, '另議', '2025-02-06', '2025-02-06', 'app', NULL),
(28, '省錢達人', '省錢達人是一個幫助用戶管理和提升儲蓄能力的應用程式。通過設計個性化的儲蓄計畫和目標，並提供智能分析和建議，讓用戶能夠更有效地管理財務，達成儲蓄目標。', '2025-10-24', '<p>省錢達人通過個性化的儲蓄計畫，幫助用戶設定儲蓄目標，並追踪儲蓄進度。應用內建智能分析功能，能夠根據用戶的收入和支出情況，給出儲蓄建議，並提供節省小技巧。用戶可以記錄日常開支，並生成財務報告，以視覺化的方式了解自己的財務狀況。應用還包括提醒功能，幫助用戶按時儲蓄，實現財務自由。</p>', NULL, 'miaoli', NULL, 4, '另議', '2025-02-06', '2025-02-06', 'game', NULL);
INSERT INTO `orderform` (`orderid`, `name`, `intro`, `deadline`, `detail`, `picurl`, `location`, `rank`, `people`, `budget`, `upload`, `newdate`, `category`, `collect_count`) VALUES
(29, 'Cocos Creator 動畫重定向 (Animation Retargeting) 工具開發', '為了要讓不同的角色可以套用相同的動畫檔，我們會需要在 Cocos Creator 引擎中實現 Animation Retargeting 功能。', '2025-02-28', '<p><span class=\"ql-size-small\">一、專案目標： 為了要讓不同的角色可以套用相同的動畫檔，我們會需要在 Cocos Creator 引擎中實現 Animation Retargeting 功能，使開發者能夠將兩個相同骨骼( Bone Hierarchy) 的骨骼動畫，從一個骨骼模型（Source Skeleton）的每一幀動畫資料，即時計算到另一個骨骼模型（Target Skeleton）身上，即使兩個模型在骨骼結構、身高比例或綁定姿勢 ( T Pose ) 上存在差異，都能夠良好的轉移讓角色表演順暢，而非莫名的變形等問題。可以參考: Unity 的 Humanoid Avatar 的設計 Unity 的 Animation Retargeting 的設計 Unreal 的 Animation Retargeting 的設計 提供易於使用和擴展的 API，方便開發者在專案中整合和使用 Animation Retargeting 功能。 提供詳細的文件和範例，說明如何使用此功能。 二、開發環境 - 遊戲引擎 : Cocos Creator v3.8.4 - 程式語言 : TypeScript - 目標平台 : Web, iOS, Android. 細節與規格書，請參考下面文件 https://docs.google.com/document/d/126MRqlNSpY1G5EoT2rUelB6GBCzju0vw5b9HUambxHo/edit?usp=sharing</span></p>', 'data:image/png;base64,iVBORw0KGgoAAAANSUhEUgAAAXoAAAGjCAIAAACt80kgAAAYJGlDQ1BJQ0MgUHJvZmlsZQAAWAmtWXk81F/3v5/5zGIby9j3se/7TvZ939eEMfbd2KmUUCGkQkhCSEWRpRKhTUQkKpK1iEpCafP76Fvf7/O8nuf57/d5veYz7zn33HPPPefee+45AwDXNVJUVBiKEYDwiFiKg6kB0c3dg4h7CbCAG9ABeiBKIsdE6dvZWYH/+WyOAWin8YnMjqz/yfbfG5j8/GPIAEB2SLOvXww5HMHXAIDbyVGUWAAwO/KEE2KjdnA+glkoiIIIrt7BgX/h9h3s+xce+MXj5GCI8EwDQEVHIlECAcCvIHRiPDkQkUNPBwCWEOEXHIF0IyJYhxxE8gOAywfhkQ4Pj9zBOQgW9/0XOYH/gkkk379lkkiBf+O/5oL0RAY2Co6JCiMl/frx//kKD4tD7PXr4UPedDGhjpbINxtit0QyydgRwRwIzg3yN7f6Ta+JijVw+E3vCI41d0IwC8IzGhRn5vwbL8aFOusjmAehfw+NtNzhR+yE4ojwtbFFMAHBwuQYQ8T2O2OhVJODnFx/81j5+RsZIxhZRSg3SqTDH/6gmHjHP/Tk5CBDmz/8ISSLHX/TI/xZJAqCfumDKvYPM90ZVxChX4qKtdvRc2eswYgwm99zQc0HUEx2eHboX/1jfs13R7eg2CAnM4SO6AwzxlKcdniQOcI8AcEm5ghGdIPlgyhmf+h6UWG/1jTSF3aixDns2EEYwQH+Ec47NtyhZ/mRjHZsi9gELgMmgAQowB/4ggiwBIjAChgCo99vIkKPQGhkEAnCkA+FyPCnBfMaM4yZxTzFTGOe/6EhPX/zgWDgh+C/ZP1Lf4TuCJLBO0SqP4j5MxqaC62D1kJbIW895KOIVkdr/GkbXGlb+YN/6xqI9JX5Ldvgt/bxiMQff/i8g9Mof/DvPr5/9/hPnUzAPGKBwD8c8hfll+S//+n/z4yxxlgjrBnWBCsBH4Gb4ftwN9wHd8BtgAh3we3wAHxrB//W688oJISyY5UdC8cAS8SK/iDu16+IP+P9m5Xi/ub4LYFekl4FOCC9IkAo0hb89wguv7QO/g8pcQiHLzJiCMJr+bc/fuuFFkWsq4I2QGsjdkZsjGZDcwEZtDJicX20LuIDFYT6jxf/fTYyIOCXteN/zSUUvEbmER7rnxiLrCVgGBmVRAkODIol6iOnpb800TyCLCtNVJRXUAI7Z+8ODwCfHH6dqRDb0D80yiYAWk+Q/TnyD82rDICmIgAYvvxDEzECgKkQgG5fchwl/i956J0vDKABDMiu4AR8QAiIIxZRBKpAC+gBY2ABbIETcAdeyBoOAuGIxglgLzgIMkE2yAenQAk4C6pAHbgMmkAb6ADd4B7oB4/BUzABpsECWAarYBN8gyAIB+EhZogT4odEIClIEVKHdCBjyApygNwhHygQioDioL3QISgbKoBKoHPQBegqdB3qhvqgYeg5NAMtQWvQVxSMokOxoHhRoig5lDpKH2WJckLtQQWiolHJqHRULqoYVYm6hGpFdaP6UU9R06hl1AYMYFqYDRaAZWB12BC2hT3gAJgC74ez4EK4Em6AbyBr8Qk8Da/AW2gsmhlNRMsgnjRDO6PJ6Gj0fnQOugRdh25F30E/Qc+gV9E/MXgMD0YKo4kxx7hhAjEJmExMIaYG04K5i+znBcwmFotlw4ph1ZDV7o4NwaZgc7BnsI3Y29hh7Bx2A4fDceKkcNo4WxwJF4vLxJ3GXcJ14UZwC7gvVLRU/FSKVCZUHlQRVGlUhVT1VJ1UI1RvqL5RM1KLUGtS21L7USdR51FXU9+gHqJeoP5Gw0QjRqNN40QTQnOQppimgeYuzSTNJ1paWkFaDVp72mDaA7TFtFdoH9DO0G7REegk6QzpPOni6HLpaulu0z2n+4TH40XxengPfCw+F38B34ufwn+hZ6aXpTen96NPpS+lb6UfoX/PQM0gwqDP4MWQzFDI0MwwxLDCSM0oymjISGLcz1jKeJ1xnHGDiZlJgcmWKZwph6meqY9pkYAjiBKMCX6EdEIVoZcwxwwzCzEbMpOZDzFXM99lXmDBsoixmLOEsGSzXGYZZFllJbAqs7qwJrKWst5inWaD2UTZzNnC2PLYmtjG2L6y87Lrs/uzH2VvYB9h/8zBzaHH4c+RxdHI8ZTjKyeR05gzlPM4ZxvnSy40lySXPVcCVznXXa4VbhZuLW4ydxZ3E/cLHhSPJI8DTwpPFc8AzwYvH68pbxTvad5e3hU+Nj49vhC+k3ydfEv8zPw6/MH8J/m7+N8SWYn6xDBiMfEOcVWAR8BMIE7gnMCgwDdBMUFnwTTBRsGXQjRC6kIBQieFeoRWhfmFrYX3Cl8UfiFCLaIuEiRSJHJf5LOomKir6GHRNtFFMQ4xc7FksYtik+J4cV3xaPFK8VEJrIS6RKjEGYnHkihJFckgyVLJISmUlKpUsNQZqWFpjLSGdIR0pfS4DJ2Mvky8zEWZGVk2WSvZNNk22fdywnIecsfl7sv9lFeRD5Ovlp9QIChYKKQp3FBYU5RUJCuWKo4q4ZVMlFKV2pU+Kksp+yuXKz9TYVaxVjms0qPyQ1VNlaLaoLqkJqzmo1amNq7Oom6nnqP+QAOjYaCRqtGhsaWpqhmr2aT5QUtGK1SrXmtxl9gu/13Vu+a0BbVJ2ue0p3WIOj46FTrTugK6JN1K3Vk9IT0/vRq9N/oS+iH6l/TfG8gbUAxaDD4bahruM7xtBBuZGmUZDRoTjJ2NS4ynTARNAk0umqyaqpimmN42w5hZmh03GzfnNSebXzBftVCz2Gdxx5LO0tGyxHLWStKKYnXDGmVtYX3CetJGxCbCps0W2JrbnrB9aSdmF2130x5rb2dfav/aQcFhr8N9R2ZHb8d6x00nA6c8pwlncec45x4XBhdPlwsun12NXAtcp93k3Pa59btzuQe7t3vgPFw8ajw2dhvvPrV7wVPFM9NzbI/YnsQ9fV5cXmFet7wZvEnezT4YH1efep/vJFtSJWnD19y3zHeVbEguIi/76fmd9Fvy1/Yv8H8ToB1QELAYqB14InApSDeoMGgl2DC4JPhjiFnI2ZDPobahtaHbYa5hjeFU4T7h1yMIEaERdyL5IhMjh6OkojKjpqM1o09Fr1IsKTUxUMyemPZYFuSSOxAnHpcRNxOvE18a/yXBJaE5kSkxInEgSTLpaNKbZJPk8ynoFHJKz16BvQf3zuzT33duP7Tfd39PqlBqeurCAdMDdQdpDoYefJQmn1aQtn7I9dCNdN70A+lzGaYZFzPpMymZ44e1Dp89gj4SfGTwqNLR00d/ZvllPcyWzy7M/p5Dznl4TOFY8bHt3IDcwTzVvPJ8bH5E/thx3eN1BUwFyQVzJ6xPtJ4knsw6uX7K+1RfoXLh2SKaorii6WKr4vbTwqfzT38vCSp5WmpQ2ljGU3a07PMZvzMj5XrlDWd5z2af/VoRXPHsnOm51krRysIqbFV81etql+r759XPX6jhqsmu+VEbUTtd51B354LahQv1PPV5F1EX4y4uXfK89Piy0eX2BpmGc41sjdlXwJW4K2+v+lwda7Js6mlWb264JnKtrIW5JasVak1qXW0Laptud28fvm5xveeG1o2Wm7I3azsEOkpvsd7K66TpTO/c7kru2rgddXulO7B7rse7Z6LXrXf0jv2dwbuWdx/cM7nXe1//ftcD7QcdfZp91x+qP2zrV+1vHVAZaHmk8qhlUHWwdUhtqP2xxuMbw7uGO0d0R7qfGD25N2o+2v/U5unwmPPYs3HP8elnfs8Wn4c9//gi/sW3iQOTmMmsl4wvC6d4pipfSbxqnFadvjVjNDMw6zg7MUeeW56Pmf++kP4a/7rwDf+bC4uKix1LJkuP3+5+u7ActfxtJfMd07uy9+Lvr33Q+zCw6ra68JHycXst5xPnp9p15fWeDbuNqc3wzW+fs75wfqnbUt+6/9X165tvCd9x34t/SPy48dPy5+R2+PZ2FIlC+nUXgJE3KiAAgLVaJC9yB4D5MQA09H/lRr84kOsuhPAgWArcgSSgeGgKicAXYCJcihZCX8LoYSaxOThzJIYtUHfRXKa9RNeC76V/yYhlUiJEMrewfGczYT/Dscllx32RF8vnxd8sgBf0F7omghF1E6sUfyupLrVXuksWyBnKZyj0KsHKhirpqh1q6xpSmh5a+bvuaG/qium56mcaNBlOGqNNJEzNzQLMUy1OWV60umU9aDNp+96ezkHR0dkp0bnE5abrC7evHry7d3m674n1yveu9+klTfp+8qP1Fw7QCLQIcg72CQkJjQpLDj8QcSjycNSR6AxKesze2Ji4kHifBIdEwySlZI7kjyl39hbti9hvkipwAByYO9iX1nSoIv14RkZm0uGYIxFHQ7Mis0/kvM3VzDuSP1LAccL95OlTI0W4Yo3TASW5pTfKpsrhs2IVNufiK8uquqvnaqhqpepsLkTVF1xsujR4eaWR+oroVb2m3c1x1/JaLrTea5tt377BdVOlw/oWqTO2K+N2Yff5nobeG3fu3R299/L+woN3fQsPn/XfHWh6VDK4f8jrsdYw6/CHkd4np0cjnuqNEcbmxxuexTxXfr7+onEiYJJ7cujlwSnFqflXhdOWM/DMzdn4ObV5MP9ooei1zxvxNx8Wm5ai38q+fbtcueL+Dv+u833UB6EPk6tnPwavaX4ifFpfn92Y2Jz9vLHF8lX3W8z3Kz/WtkW2txH/84JDEBPkCrWh+FDxqGnYCu5G7sRDGDIWhW3ABVCJUa1SD9K00NbRVeCr6JsZHjGuEziZzViSWK+yLXGIc/pyVXK/4GXnc+I/TLwl8FFIRNhWJEW0Wqxf/J0ko5SCtKNMlOwxucvyDxSmFb8oM6gIqmqqWauTNWI1D2md2FWp3aDTrtul16t/16AXiSsdxi0ml0wrzcrMqyyuWnZZPbQes5mxXbZbdwCOtE4EZy4XQVcxN1l3JQ/13TqexnvMvEy99XzUSfK+YmR+PzZ/fAA6YCvwQ9B88LOQgdDusLbw+ojyyLyoxGgTCp4yGlMeGxanHo+Lf5HQmJiZtCdZNYUpZWXvw331+4+mBh1wPuiaRjoUnh6fkZp5+PCJI+VHa7OuZHfk3D82nPsybzH/UwE4wXhS4JRioX6RY3HA6fiSjNLCspoz18q7zg5UjJ2bqVyq+lC9VUNTK1FndSG6vuRi96W3DYyN2ldCrhY13Wv+3CLe6tmW1959ff0mscPwll9nelfZ7cbu7p7+3sE7j5HTqfP+1QeVfXkPU/oDB5wfGQxKD7EMbT1+Ptwykv8kdNToKe/TL2NPxpueFTyPfeExYTgp95J7imbq66uV6emZp7P9c3fnuxc6X3e+6Vi8tdT5tmu5d+XRu4UP2FXlj5S1jnW2jUObP75kfOX41vLD9efPX/53gVggf2T3K6MyUG9gE/gSmhedi6HFHMUSsNU4HdwUVSa1OvUmTSvtATpHvAw9nn6NYZZxiKmX0M38iOUl6wd2NAcHpziXHrcDjz9vAt9h/lPEaoFmwS6hPuEnIq9El8RWxb9IAikqaSrpbZmPsq/kHsvfVmhUPKN0VDlOxUvVRE1KnUH9g8awZoPW0V1+2ro6nDqrun16VfqpBt6GukZ8xijjeZP7pvVmx8wpFs6WWla81sB61qbHtsou3T7AwcZRy0nYmc75g8uga71burubh6TH990DnqV7gr00vWm9X/pcJWX5+pMlyQt+Z/zdA7gCXgXWByUFW4eIhEKhL8Nuhp+OiI20iRKL+hHdT8mPcYxlj30RVxa/J4GYMJtYlUROFkl+nVKzN3Cf2L7F/fWpMQdsDsqnMaVtHHqR3plRiayTsCN2RxWzWLI2s8dyrh07nhuZZ5+vcpyvgLbg64l3J2dPjReOFo0WPz39vGS6dKls48z2WeoKnnO6lRFVZ6oHa6Ba5brAC6X1fRfXLrM1qDbaXfG7Gtt0sDn3WlVLZ+tY28p1cINwU7BD+ZZ5p2/Xwds13aO9NHdM7x67N/aAtk/loXd/zkDHo9Uhicek4YqRqVG+p55jZeMvnnO8cJs4N7k55f7q8YznHNX8s9ejS9TLse8Jq28+zX3m/Rr549WO//+qke3EBKwqAOeZAHBBclCbiwBURAIggtRkGJG6iR0eACcNgIrrASi6AQDlDPwdP1AAj+SaisAcybSTwUkke3wAZsF3iB1SgmyhUOgIdB7qgaahbRQ/SgfljTqAZHV3UUswPawMe8Lp8GV4HA2jFdDe6Fx0F3oNI4rxwBzH9GFhrA42GduG3cSp4RJxN3E/qYypjlGNUwtSRyMRiYHGh+YaLTWtD207HTNdJN0gXg5fgN+i96UfZNBmaGAUZCxmIjDlEqgIqYQN5kjmtyyBLK9Zg1iX2aLYNtj3c9BwFHOKcV7nsuGa597Hw8FzjdeBd52vlN+Uf4NYI7BbkFGwT+iwsIkIjcgT0TNikeJGEjwSnyWfSd2SrpE5J9so1yM/ojCv+EkZUqFTZVfjUxdBIpuSltquXdoGOoa64roreu36GQbOhuKGP41eGLebFJvuNws2d7Ewt9S30rFWt9G21bczs7d3cHP0dYp0TnU54Vrrdst93GPNk3GPvJeT9z6fWtIoGeWn7B8acC5wIpgjxDm0IGwkgjnSNao8ejFGIzY/binBLLE2mT5l3963+z1S+w4apHWma2SMHE44KpH1KqcyNzrfukDlpGAhsZi7RKhModyoIqLy6nm4NvDCwqWIRtTVimvarUPXyTffdTrdburlu5v3gO7h6UfaQ+9HrjzNeBY+4TmlOD07F7fwcdHhbdFK9/snq4NrN9aLNoO+yG2tfrv8I/DX+QEj9QYhpMLghNRXskAN6AWvEO9zIjUBF6QKcBJqhkahDRQ7ShPJ7dNQtahBJIvng83hWLgCHoK30fJIZl6EHsRgkTtHCuY6Zgurid2H7cZR4exxJbgFKmWqdKoxaknqg9TPaBRpjtEs01rRNiDZbxLdHN4W30WvSF/HIMhQzsjLWMEkytRIUCQ0MSszX2fRY+ljdWadY4thh9mLOOQ4HnCSuVBIrDLmfstznFeD9zVfMb89kY74UCBb0FqIWWhCuEYkTtRYjFPso/hDiSrJQ1JkaXMZdVkruUj5AoWrimNKX1Q4VDXUPNVTNao1+7Tea7PrGOju0SPpkw0CDMONEo0zTPJNy82umt+3mLBcs8bbiNsa2/nbH3GodexzWnZhdNV083E/6tG+e2kPt5ed9xGf+75YsqVfvv9EoHRQSnB/KDZMPzw+4mrk62gBikdMaex4PFOCXWJu0qMUur3W+47tf3SAcNAtrfzQcoZRZs0R6qNRWQs5vsdm8yKOUxXUnHQtZCgaOl1UGnzG4CxnxcfK4eobNZfqrtR3XXrasHqVtVm5xa0t4fqpm5dv9XQNdb/qfXf32wPMQ8YB7kGRx5IjsqNKY8rPdF4YTJpPOUx7zDrNq70mvJlaOrVssDLzPvbDxseYtfl1u43Wz6xforb6vhG/x//o/+V/CFABLmT/2yAVpWOgEYyADYgL0kViSg50DZpE4VCKiOcPo5qRuwU9rANHIXWacTQebYxORd9Eb2HUMUmYW8hut8CewE7hpHEpuAGkbpJANUqtQl1CvU0TRPOE1oC2mU4cuX/w4EvpifTnGZQYehidGZeZMgmChNvMXsw/Wc6xGiJ7+wS7LvsKxxlOWy4sVxeyr3V4UbwP+LL5rYgsxGkkJuUJRQp7iJiLaoupi6tLqEpqSGlL68hoy3rJnZZ/rAgrySo7qSSonlJrUh/RWNPi3mWmnazTqkevH27w2EjTuN6U06zAgtEyz5rN5qydrH23o6lTgwu9a6zbU49du+v2MHuleW+Son3f+UX5bwVmBXOF1IYphl+LVItqpSjFXIuTjq9IZEvKSv6+N3LfVKrtgQdpuw5Vp69nGh0uPLKUpZGdkzObq56Xl/+hwPnEnVMqhS3F6qcflvqWbZeXV8if66xyqn5fk10nd+H5xfTL0g2jVxKamJrrWlRab7brXL9+U7rjXKdkV393WC/9ncZ71vcX+1L7OQeaBo2GJoajn1CP1o3pj88+PzQhNtk75fJqZsZvdnxeZ+HM68VFsSWPtynL+Stn3hW/z/4Qs+r8UW4Nszb8qWzdc4Nn49nmyc8Wnz9/Ob9lv/X9a+0362+fkKxD68fUz74d/8cEKCnuRA8A0Rkg5cep7e1PogDgCgD4cXx7+1vl9vaPKiTZmATgdthf/7vsMGORWn3Z4A76b8//AZU2zMUtMB2iAAABnWlUWHRYTUw6Y29tLmFkb2JlLnhtcAAAAAAAPHg6eG1wbWV0YSB4bWxuczp4PSJhZG9iZTpuczptZXRhLyIgeDp4bXB0az0iWE1QIENvcmUgNS4xLjIiPgogICA8cmRmOlJERiB4bWxuczpyZGY9Imh0dHA6Ly93d3cudzMub3JnLzE5OTkvMDIvMjItcmRmLXN5bnRheC1ucyMiPgogICAgICA8cmRmOkRlc2NyaXB0aW9uIHJkZjphYm91dD0iIgogICAgICAgICAgICB4bWxuczpleGlmPSJodHRwOi8vbnMuYWRvYmUuY29tL2V4aWYvMS4wLyI+CiAgICAgICAgIDxleGlmOlBpeGVsWERpbWVuc2lvbj4zNzg8L2V4aWY6UGl4ZWxYRGltZW5zaW9uPgogICAgICAgICA8ZXhpZjpQaXhlbFlEaW1lbnNpb24+NDE5PC9leGlmOlBpeGVsWURpbWVuc2lvbj4KICAgICAgPC9yZGY6RGVzY3JpcHRpb24+CiAgIDwvcmRmOlJERj4KPC94OnhtcG1ldGE+CouTCtQAAEAASURBVHgB7L0HeFzJdSbaOQd0N0Ijg0RgBHMYDjlZkzRByZYtrb5dr/3stZ/22X7rz/bz2nqyJXu/lWW9t+vsp/V6JdmyZK81ox1RYZImB81wAslhAImcc26g8/tPVaNYvPd2AyABEKEuwYu6VeecOnW6749Tp5L5M7/0GyZ1KQsoCygLrL4FLKtfhapBWUBZQFmALKDgRn0PlAWUBdbIAgpu1sjQqhplAWUBBTfqO6AsoCywRhZQcLNGhlbVKAsoCyi4Ud8BZQFlgTWygIKbNTK0qkZZQFlAwY36DigLKAuskQUU3KyRoVU1ygLKAgpu1HdAWUBZYI0soOBmjQytqlEWUBZQcKO+A8oCygJrZAEFN2tkaFWNsoCygIIb9R1QFlAWWCMLKLhZI0OrapQFlAUU3KjvgLKAssAaWUDBzRoZWlWjLKAsoOBGfQeUBZQF1sgCCm7WyNCqGmUBZQEFN+o7oCygLLBGFlBws0aGVtUoCygLKLhR3wFlAWWBNbKAgps1MrSqRllAWUDBjfoOKAsoC6yRBRTcrJGhVTXKAsoCCm7Ud0BZQFlgjSyg4GaNDK2qURZQFlBwo74DygLKAmtkAQU3a2RoVY2ygLKAghv1HVAWUBZYIwsouFkjQ6tqlAWUBWzKBMoCBSxw32eOyqXP/f1b8qNKKwssywLKu1mWuRSxsoCywI1bQMHNjdtu63C+9K5z6zRWtXT1LKDgZvVsu3kk/8pnKzdPY1RLbp0FFNzcOturmpUFtpgFVKh4i33gy2wujw1vb65UQeJlWk6RG1hAeTcGRlFZygLKAqthAQU3q2FVJVNZQFnAwAIKbgyMorKUBZQFVsMCCm5Ww6pKprKAsoCBBRTcGBhFZSkLKAushgUU3KyGVZVMZQFlAQMLKLgxMIrKUhZQFlgNCyi4WQ2rKpnKAsoCBhZQcGNgFJWlLKAssBoWUHCzGlZVMpUFlAUMLKDgxsAoKktZQFlgNSyg4GY1rKpkKgsoCxhYQMGNgVFUlrKAssBqWEDBzWpYVclUFlAWMLCAghsDo6gsZQFlgdWwgIKb1bCqkqksoCxgYAEFNwZGUVnKAsoCq2EBBTerYVUlU1lAWcDAAgpuDIyispQFlAVWwwIKblbDqkqmsoCygIEFFNwYGEVlKQsoC6yGBRTcrIZVlUxlAWUBAwsouDEwispSFlAWWA0LKLhZDasqmcoCygIGFlBwY2AUlaUsoCywGhZQcLMaVlUylQWUBQwsoODGwCgqS1lAWWA1LKDgZjWsqmQqCygLGFhAwY2BUVSWsoCywGpYQMHNalhVyVQWUBYwsICCGwOjqCxlAWWB1bCAbTWEKpmbxgL/+g8eQVtcfidPfP3zpzdN01RD1t4CyrtZe5urGpUFtqgFFNxs0Q9+Wc1uuTy3LHpFrCxgaAEFN4ZmUZnXWWDnLs91z+pBWeCGLKDg5obMppiUBZQFlm8BFSpevs22EgePDf/ilz6qgsRb6WNfrbYq72a1LKvkKgsoC2gsoOBGYxD1qCygLLBaFlBws1qWVXKVBZQFNBZQcKMxiHo0sMBXf/tJhG8MClSWssByLKDgZjnWUrTKAsoCN2EBBTc3YTzFqiygLLAcCyi4WY61FK2ygLLATVhAwc1NGE+xKgsoCyzHAgpulmMtRassoCxwExZQcHMTxlOsygLKAsuxgIKb5VhL0SoLKAvchAUU3NyE8RSrsoCywHIsoOBmOdZStMoCygI3YQEFNzdhPMWqLKAssBwLKLhZjrUUrbKAssBNWEDBzU0YbyuxqmVTW+nTXq22qu21Vsuym0muOo9hM32at7Atyru5hcZXVSsLbC0LKLjZWp/3zbS25YPpm2FXvMoCCm7Ud2CpFigrNS+VVNEpCxhZQMGNkVVUnpEF/CF1/IuRXVTeki2gQsVLNtUWJlTHMGzhD38lm668m5W05uaWdd9njm7uBqrWrbYF1oV3g3HWQMSLpppZcCCbyZotZovFkkykrDYLHpOJ9NxM3O1z4g4yJHDnaSTU314YYQ2u5/7+rTWoRVWxiS1g/swv/cYtbB6f0FFU4jeZslADKIN7wpxwZBwmJJEn35mi2Ww2k85wnQFDSHDcUaDDbbJ6d3g3CnFWz7xbQfK68G46rO116br5+YzdbrHZza6UPWM1ZbOmTMZksXCXJ5vzfEymVMpsBSqZzfPxMYsJOGV8/fpff0ou+C+//I/yoybNUU9kKuQSppATCmtka6j0DVhgXcRu7Bd3WNMZrylltZOPk7GyPpXJZLUSyGRNcGHM6bQJP7jsQCJT0mIxe9wRp9tudZGn4/G7cP/or94t7kjgGjAP8IS6r4gFVPhmRcy4ZYWsC++msgmdIovJ6oDTIj4JHsfBo9lkxR3Qk7tAmHEioINH9KqsKYfJlIxNz/NSHIdkd9lxz7LeWeWYN1VElIWPSTIzgJuYay0O7JiZiOUqWv6vG/aSbphx+TreFIdycG7KfFueeV3ATQYXC8fE55JwWOC5WBi6AHFQAmSxwqXBxUM5Jrg5aURtMg6zx2432U0+C80H4YCClYT8M+WdqXTIzwFM5PNSzZ2/7cHxuplMzFfkKYxNGl75EbA1P5uQczZZWoVvNtkHusbNucVwo4+S8Dc/bukpL9nd3ZcoDZtm4oN+V7nZYkrGU53d6frtTqQRMDa1psZD5NTohdyYEeMh6q3Bu7lhgVDe5XXMjzp9URK1dNgCTtlilhHzlbV3r5blWCnv5sa+WoqLW+AWw02+j6EktCOVSpdFzPB3HKYIIACD33AcyoA+C2lTKB835ReODWs4bxhfNHLwSN6NKzEzQSVLF5tzr8ZWxr36TvSfPj7wSb1uN5+Tz7tZFmbdvBpKwga1wDqFm8LWxMj30t/kwqLWVemKuFc+s+sXOj6ejF7rYBZuI49bjc60e82VhSlRuuLejcKpRW2+mQjWHdxsaBy5YeVvmFH/XZzJzptcNhMLeC9FLH/hgTWpRMrmWOT7kM+74WpccVy8/4ypo3mXXiuVoywACyzy9VI22joW4FhTGFAKezflfSc7mseCJb6lB608QZrBMNr+k1AtrZAAY+Gg/qIfh3KXFjXRLSRQcHMLjb/yVS/FndHUuiyWAmAUKsOUyzEInxyeWbpMjg7u+F5wgReMS4cqTUP4Y3w+icQNR68UWhladaUyFdyslCU3lZx8sGLo3XCA+K+//K0bNgEPWnH2m/Rufu2vfzY5lPw/nmqe+bAPApcLXvC2xgenbxitCltAYZmCm8LfkC1aymFFDzr6nJvs/izdD1riJwGwAOXM0V2mBXdpiYycDIgAN+3jHb9QEoklPO7lohWE3CRc5tN2WYtyICTnNrLFzHjUrCtEKV/nzKsTq51F7Sv+uXDJCm6EhVVCawE96Gi8m5vEGm196+OZAMtlGp41mWaX0SsUuhdAKB6oOv3s1MP30lo/Q8qbRysZaOwOKybE4m7yOZ1ux7//c5oeMTU6GwjTwKXFmlvDRASYm88WPGPiWDqZ/tW//Fk+rX9qdGZ8aGZ6bFbz0YP+Bq5bvCL8BjRWLLfWAsLB2ZRYw99VYeGV/SO/FOGGGAR9vEVu3MdGEqGIHWt9Jkem/+73vvdv//BRcceCwSf/9AXcsZcL91wAIhMTqUiJcy6WdnvEIiBTKpG2AV8y+Ic4Fybx55qLdT/ZTMpiseM5bo6nTKmkKdlh6gh9EF0puFHeTc7W6ldhCwBldp/YzmmQsFjNNxOsKVzXLSxdWXy5gYbk8254ZyoccRAomLLpdBbgxe9AHE1FdqdtYjId8VojJYQywJpsMpsyz9ltnngm7jFZ0mwdIhYFwb8B7Jjxz5oxJexWKy0wxDJFZ9bpTttTJtftb9ovFmnE3/ijgpsbt92W4oQvDZQx42J/DDNp9r3cUia46cauCJbBtQHcIMD0t+a/xdzxUKlfOE1IoArc0V3ysln4ojOVmcrYQp50KmOZtIyk5gNh+hStZjtWRttMlozFZM9YMvTfTBssZE3zcxm7zYS1igNNtaYhGjRckUvBzYqYcasIwVK1tkuz2xpp60V1raUF5EU5HF8esZzAFCdpD4WcOnxjTKEbwsD2iNceoS6SFR2nQDY1kEKYBvnoc9mzVratC23sgrXQGba/HSgdDjPfdEHIWZGEgpsVMeMWEtKwy48/kluoweu1qc5MNSYrwbuBp9M93733lf7xe48i9IP9dlOjqa8Vf02sm6PYMNucF025+GYH7t/8ox/xZgnPiKDHga6VlUeIZ8ZnVzBCzOvCXcGNMIVKKAtsSAtgKC0yHuloLsLYP+9MoRk/N/ApcwlFl7GdC+6Xzk/v3Ot/+61pmsQtXSvSv5PkLZJUcLOIgVSxsMCfffbbSG/KASnRxg2RkDGCuyfyPEnehCnsgclmHvHHxp1e+KQHD3ovvnErm6jg5lZaX9WtLHCTFpCh5yZFrQG7gps1MLKqQllg7SywngFoYYrP2llD1aQsoCywRS2g4GaLfvCq2coCa28BBTdrb3NVo7LAFrWAgpst+sGrZisLrL0FFNysvc1VjcoCW9QCamRqi37whZs9PjosCGZiaWxeEJ+PYQWDw5aaHGenTIhilVAWWLIFFNws2VSbnRAQEyptnJubxgq9irpDWEAzMtSTzWTqKqLYmAAJwA0Sf/lbp08+2vzWj644Xe50OuVhhyZvdtuo9q2MBRTcrIwdN66Ugd6uSPmO4rLqYEkT4MRfFMF9ZKA7a8qUlFUDZegY04w5a7YQ6GQtxSWVXl/AFygaHe5HzvREOhAqHhvp97jMoUjJxrWD0nwNLKDgZg2MvE6rcHgr/IFQpHwP9CPHhS4Ainmkv6s4yoAmk8FuB/i3pzF6/ko/7YOCC4tw2D4UkZJyhkSZseF+q9U2F88kh6diM1PBgFPhzjr9yG+1WgpubvUncCvqz1gCFos1GZ8HUmDzlBzYmLKx2alwpNxkMY8P9TndntnZqYN7amsqy4bGZu493oAdbp5/4wrTl/BmfHSIwU02XFyOM97HR2lfA2BQKp1qa+3wuCzRyppb0ThV5/q1gIKb9fvZrIZmCNB4ApUer6OkvJbJ504N3Wemxqj3lM14fAHqQ2XSB/fWIf+JH7zG4jaZO08c2NsYPdfSPxebGh/rD0UopkOdrSycIHNRuIyDji8QRlEqlWy51NK0s2k1WqFkblALWPcdvn2Dqq7UXq4FrI6IN1hWtW0n+lAW9Il4r4h+AS7Mk2NDXn8QMlmXCa5MtjiIHQyyMwmbx+Nze/2XLl0pi/jCfoe3PDTen2K1E07xrpiJOmJZxI8hx+nCzttZp9PT291tMWfcHrUd13I/q81Jr+bdbM7PVdMqODU2V2m0usEMmMEG/PQjJyxzs1NlFXWslMGQxbyjLny5c5xwiGSxm8nUeKp6970NlfX+A/eW3/5Yo4Q1DHWoX2YKhkqmxjGOTh2uQFFkdi4jD6trFFOPW8oCqjO1+T/uudjs3qOPAGIG+zvLK7cvQAfDEfJOsgN9HaXRGnSMTFkLxYrpshQHXTvrwpGgc3d9CWhmZyb31B8IBn0AFGuRe9gzG4vNMO5c6Ift2M3iQCYMbxVPjg95fbSnNmRNzyT6+87vbt67+W2tWljQAsq7KWiejV8Iz6Kx+T6L1TY00FVetZ38F+7DUAIp9sN/ixzkU/9K+DSmprqw20NHI+GanUsMjmfQg3K5vQgPj48McNBhd+pP8QsRnKmJEWBQYn5udnrc5fG/+/ZbXIK6b1kLKO9mM3/05Ncce5QjDPNZzEO97d5AKDaNmcFADLqADgCX4YGukmiNGYPe5Nngt2lsMn6layJbHThzrq2++vCF1iFEguuOlYLFY09OsohNUagUg1PoiDmcbooZ536yABoQQ/LocF8wXGq12SbHR6AG9FFxHGb1LXpTcLOZP/hAZBv6UPBrfL4i+LFDfR3R6u3wWgLBEGs2hVoGetvLKrchztvf0wrnxO3xzU6N04BTpqKppojQZG46mUqjS4UxKeKiKA34QIskQYzD5ZkYHfAHIxNjQ9lMGp6PLxAC3GTSaQxyAXrgGXl9wUwm1XLxYk1drZqVw4y/FW8Kbjbtp+4P18fjsaH+zmjlNgIa9KSoh8T/5Vo90NceraoDaGA6X7SyjkAmnfZ6/el0GgGd8qJKqw1nNuYujIJ/92tn9jaV2yodbz19hYjByRAHoIMqIqVV2Wya8uHaLPSr7HYH3BwWMDJ7fEXdnd0KbhYsuuV+q9jN5vzIEbKZn5/BYBN+Bvs64L8s9J6oF8TaLN3Rd9JdJWVVPaPpVCL+kQdvwyB3yG9HDKa5qeL9iz3k4eQwBaNOg9y1sTucPJd1qYAwDImyGbvDBXcJj6w3R6Hjc++9p6tNZWwJCyjvZnN+zMXlO0vL61jbOL7gbqZ+EDwcShK+DPS2RSvqyPXAf+aN0NwZ9kCU2ezwQHc6FW3r7/zovTtt9mRL18TYyAVWQn4QUAbuTSAYRhrs6EzNx2bsTpcAmgWpWZvdAWkgQ1gIvapkMrE5ja5atZgFlHezmIU2YDlcG7OFHUGfNQ32dpSV13L4YFCCE+kIB/D6483nKX7n8/TIN8n5JxgXZ0/ZTCKRHBqZxkMwVBosKsbCKECVLxDxL2ANIU4mA6zBjBuOPpDJBJI0h8s9OzPFY9W4O5yu8++f3YB2VSrfrAUU3NysBdchf7hsB61RIBThPRqWYIhAKUogtpKZmURIGKEW8YMSRs/uLJ1j7BkY2VYd4ZSIALvcHpvNTo9pHqkhrKE4DhCHdamQ4D8LyIZVDjQBhyI47JeIB61D6ymVVs8CCm5Wz7a3TDLe69x7DrigFIMCBj0MFnDL9Pe0lZRXUwoXAQ4DHdw5gvA7xX3xQ26OBWdGM0o29gSZTCyHM+QzrEFFmGSTq43whmi4j+P1BsjBob4c9erwc+HcuVtmIFXxLbKAgptbZPhVqxarvUuitfSmZ7ODfe2YLkwwweCA/c4hCGVycCFkIUzBaBRLyPdcCUALV640TeiDiTYENQyCBNZACIbApydHGdTkHCtyZ3IXAxukTWavn4/Er5oVlOB1aQEFN+vyY7lRpShqQyNPBATMsyA8oDR+XbtygMI8GUpjUz78MLxBmq4FJAIPEZBIBjfk2rD5e/MxhHKQhmT0yyiT8ukxhzKok/s1mKDDOlHUnZqdnsKuF4kEuGkHUmh7ow1VfBvSAmpkakN+bPmURlQFRZhrgzAwJvtSuq8d91wXBhOCfcHYzCRDj+xgTztgCagQKa3kfgpDJWANgcfwICbIlHEYYlTwbghcjj+889WnzgFM6JExEJwRooGKY03uPjM1wXIzBDdms89fFJuZRtgYD1gyjvtA/5Cag5Pvo9yU+QpuNtXHanMWF5fV8J0lYjMT6FXRm77QRB7T8Xj8gJjh/k5sGEpwk81gYg7Digw8kQziNQAR5uJwH6d5R+Xlq53VFaU5d4Y4MLxF2INEDmIYP9LUk8pmsHUOCmnfHCaf9aWwMmIB9LhCQq0F9dTvTW8BBTeb6yOmuTVADQtm1sD7AGzgJQe4oJF4u/GLUoQ1XcVlVUATFIEuXFLBqXmHiINN26X30ukkaJJ1NKFmZnYWW4hijh+hDQcajjWZzBRBDMvmg+sY85qa4Ht0MYi5hisEONdQx4QR8c1lfdWaRSyg4GYRA224Yrz3cD2oj5SL4Mgt4MgDbGGhFo4RC30i6hzx/yxm7C8KB0IlgBsssMSqKCwax/EvE2PDyURicnwYlFMTmGJDCLYwf4d5OiQNV04UdaIIX9hdeDcL/haCOLJyKr3pLaBCxZvrI2buCr3tC+4KBxA88a4QBxoCm4V4MHWb2MWzcOfeDX5RDjwgBh8cvfyBIqvViiiM118EkZSguYIknFXBEIfVjkzAHfvhoSOyszdQNIsgMbk79N/nD128cJEK1LU1LKC8m83zOc/Om6OVCPrShbeZv/9oHu9AsXZSET0DStgAExEREtF/lqQ7ixSz2zUniGSAlwgZD0EMnrJAGcpmPyyDPSMFhyZXs2Rgwhh2UYI5Ow6H6k/lbLIVfim42VSfMr32COOaTdh8D+NN7IFwgjWSgIb9Y8CSc1sII0DGs9gDnglyFryhHJQwtAEVc3Y4C+MiAIOABZRZSFAm9aJwCYyhlBkLHa5lmExJ1Z/aVF/ARRqj4GYRA22kYu5+IDRsNsemJ/n+exxhyNFYwBr8xqEuhBgMIxh0UJonCHhYf4pyAEkcXyCZ4Q3jIlLGy1gE0CCPdaB4EaVxggxHHAlygC+IAS1YVUaehTz1e/NaQMHN5vlsAQkAAB6VZfiB6XkLOHMNbIA22ZnpSZoWTBfBC/1iCEJ3whAK39jZBn0sn+ggIODDzjUUkWGb2hCPYKcEXXRnBHRD3QtwozGyNDivKVGPm9oCCm42z8cLqMALjw4L3nTuv+ClR/PYf4IBBgR0J0ih4C4DCEIUDeggcJPG7jZYh4lQsd9tAwPHLeJi3OKGBKQwoMklsP2xzqZQQTkyOqtsvQwFN5voMyfQwEQbetsRu8HW5TmkwTODhNwvIA8bliKQWPBQZMRhSER4hIvSjI1k8MAy1cLhCXcQXMMalFOZheMbjwUT2wLUiJRIbCLjq6YswQIKbpZgpI1AgvVHFlsR3nY60xvvOF57tpIbugMP2C3n3eAxnSUoQYK8EtDlvBtiYUkaBGcSCG44VEHEthPVD5WYandVON30tfmnP/0uJ8vJASfJw5IFk9vtxfm/GCbXWQ46MPyRAEftl66z0qbNUHCzST5aLD6aS9hmpyexBUS4pJzefer4oHXsDQcQUILwgGECgCI3xkQIAXAhmOH/qIhlsQRQidjYJBo+fZDggo2ks+0puDwullfGNw1kZmX1I4LDABDeDnEuXDPT43B7cKmzGRZMsvl/K7jZPJ8xHIri0iqXxzs62INWjQ72EsSwA6Fcbh8wg/k4mbGRgaJwKY060cWAhXCGIAd3npNDHAY7JIPhxuDgaG1VWcaO3UK7kcUdIM4CVqLBONTCb9RLGSwTAoCDudOrzGbsOooNjHEQFWjQ6cNdXVvEAgpuNs8HzQaUaJFUMFI2PtoXCpcT3BDg4LynXrz45KZks/NzM5lUigCCAIHhTA5q4MLQlsMMgagbxX8IQIgYF61ZMCdGiTGHSxRvjs1OEgE7ftPmcGZSSUIWixXw53S6kskknjCBmDwZswX4UhSOMmAieOJymXB12/wWUHCzeT5jBGQAEHingQnoKiGNtnGkwB7DQAiGG+hjpQKhYoIQghryabiHwtIZHLZLuZl0fH4uTaiELSiS8fgcslJsWxxz2pyIzzNRGexlAQGI1DD44UfiWSwOJw63Qp/O4w0AdDCgTtFrAiy2WBTVoXsFxQhyTA6Hc/N8AKoli1lAwc1iFto45ekMbZEFVwIvNj/WkoEN3m76x15zAhdgDQ7bDQSBODmvZgF3qEuFffaYU0PjUlgPdfJY8wcXW3FWFFDsjSffraqqtFTYnv7mS6z7lXa5CGhwYcYPc6MWxqCY0YAr1JlCHutTAWGuzbdh2aBSqzQ3zvdrBTRVcLMCRlwnIlKpJBDHksXuE2bsrcUm79LrzqCGfAqWIMRhsWCK3bDoMA/cUO8I/xh8UMyGJyiT5VIbecAY+IIlDkSMiweAUAnVYzZbUQUlIYbXzNikUDHLBgkDHkZCFOraIhZQcLN5Pmifx0oBYAu9ywxRaFCJ4QB7+9kNkIHfzH9hcMNghYCD4INKGIgQjtBZC7lwMuVzCAmH/OMZbH7OtuBitKyI25D1kAh4srHYNN+Vgns3GJoiH4cWjoKGCOgXS0fLSjizum8FC+gngG6FVm/ONmIsfGykHxiRcz9Y34pCLjyHhX7Jb6G4Ds27wUWU199zy8Ez6fm5GFEyEALeEEhks7VHq3/wjR8TjZDJICkHagQl/CIOXOTosH/k9bB0joBJm50eV5uHcnttkbvybjbVB223ORAJRq/GHwhjwDsYKiGQoBddvnhPifWDcp0m3jkCDXdzCJLguzDooUzKJhnk4/AiyqEk4RH8FsSGyXMhIvrJVQkvhlLoS9EduaBBGIiUYQHtTWV61ZglWEDBzRKMtHFIZmcnnW4vjxYzP4YNTjEAkPCGoUmuo8R7RAxQiIKY2I0mHnM04YyENsAOWgXKIzvkISGNLPTeCHQQuKGLQQ23GMpY54liNxxxaMeJONsdnSgw+4YTqvsWsYCCm031QYeKvNhc2JLFm2/GGDPgAM0jmGBgwYGDYQqHDO7UkKPCvRUCGhG+oQfmAVF/Cn4NRJCPQyhDOUyM2NTmOivy6thAN6rmmyUz4JmdncAEHEEbiQREWiW2ggVU7GZTfcoIhWCQGzNl0KWi6XwiyELwQvDBfvhtIU0Iw9OaOzEQTDFsIQ+J9ajAzIAIoMM2uLjefkAauugX84X4b8rCRc4RZbMLgRueUPetYwEFN5vts04lE7OzUxNjg5ikJ86rQ8CYvBLCE+olMRDBAz0S9ly70xO7CFMAQ5EQDm/J4Q0S3T19Dz1wNwiQ5phC5ssByEIqa7IiQMOeCF4WsimHXwtZKk68YJGt8lvBzWb7pMvKim1WO2b0YuBpcgxThDno4ClFoMNQJ51lw1WUI2MN0jyHYRMb0oJDwi7qTAFjGE4BiHgnCyXXWW8BRkyAvFwRsRDikBCipRsmJQMPyyui1zGrhy1gARW72WwfMlyGvrNncWYLTnqanRqfHKODcdmrbvL6gxw9PJ4Azp8DJMFJIdeFeSvcZ0GaEgAU8ntSjJ7nYC1UgoMXFihgoMlssiTic1gchTNhcGGlgp1FizDohJy52BR+sZ/cDfQomZmZ9PtDWBehXJvN9s1bQnsU3CzBSBuNpKKyfHxi1mq1waPxBXKhWXgX0xMjNrsLGMF8jew0nXVJ6w844DDvhSELPSM0k43NTJFTlIKzQ4PrHFMAGZgBmEolnC4XlkQxqMndOe7E52Nutw9pghlCGKQIkjDR2eMrQgLuTkVV+UYzqtJ3BSyg4GYFjLjeRMBx6GjvwNQbDIpPjo9gmyvekXG56bhel9WHqC/Oe3LDuyFPhtAl59TwBD3Q5qE4lYXhhQnTatBGImTXgrd0XbtRBZsrTIVymibc0NwbpgJJoU0nttfXXcesHraGBRTcbM7PuW5b3UD/MJyPdDqRTCbYgQhAA6AF2os7i9nQgm/u2uDOEIfdkQbc2O1OIA6jJXoGNjTNrzxaWsBkEG9jcWJUxLaXyIHN7Oz0wuZ+2arqigISVNEmtoCCm8354cLBwQ4Sw8NjdruLhWn8C84HAQ7ww+n0zEyP8W23mI9zvYNDA1QYr6JtcZAAB8yE9IKPkvNjGIpdZ8D5GPad8DF6EFOAh+MNZ4eTE8FRwBG1Tuo6o22dBwU3m/azjlbWtLe2ujy+VCKedGBkGmEUWkkgkIOiMskk+TWEN9c5OPScST/2yINv/uRt4shm/+WJ7378Y48PmhB4Jrwi8OJgcw1yeD7JX5hCTIxYr5CKxz1e4J0pNj0RamrYtBZXDVvMAmogfDELbeTyE3feg7Fws9U6PTmWTMaxgAAdKwwwJVMJxHoBNgv3JGYGAnpoCwt+RyKVRNM5GLFozDVDAFGsNv6HijpoRMYKsck5P/6BgIfBGudJJON4mhwf3n/4yDUpKrX1LKC8m03+md/9wCPP//ApGh+yWjE+lHNJCD+yGGDCYZt2pxPQIPpTuSQL1uxoati3d7fTldtwr6S4OFwcnvfMA7YgDSNZOM2KbV3D0YYsiRT1noAuiNywWzI+7/H4se/f0RMnN7mtVfMWs4B13+HbF6NR5RvbAtsadlz+4D10qRLwbhLz6AXRdD7afgKuTBz+CUvTaDd+KJvNBkQs55VX3wgGA1NT08PDI0CSYLDoUs/l918739rehYXdCAnDA4IIjJUjjVARzlRg0RrqZ0EsbnOxGQATht4PH79tYxtRab8SFlDezUpYcd3LeOgjnzz9xDfh2zhcHnH4AWblESLMTvM1B/BwRBeI95HQ1ULLAgH/7vt2erzeWdPsIfOBiZkZ848QnCGXyGqz09YTZgs2x8EEHHSmMMcGQ1oAIKz2BhhhHB2PB1Qfat1/Q9ZGQRW7WRs73/paHvnYp2+780NYPwCvYwEjZrGMMwG3Jx7DD7YNRpAFSEFRHhbc+elPfPy7T/0gEAh0dffwBsTj8Z0s1gs84hdABzKdLjf2KnW5PU6XF+CFAS94Q4hSHz1xas++5gVa9XurW0DBzRb6BmAE+sMf+zR8FnSU4J7AN7HaHJjLBxPYbA7+AyQSaW6aS5evVFbQJGB3xdyrr72JxOOPPsSKIAMLoObgMVG4BlkUHia/BygGIfsOHmRk6qYskLOAgpst91WAm3Ps9rt4R4k3HtAgP8oW+Y+//R/wiOOiPG734NupHU1NkUgYIWQAC1ZawidyOF2sC0YowyPGWFG1Y/ee/YcPy3JUWlkAFlCh4q34NUBMt2lXc6S4pL31MpZWwQRwaoA4uAtzfOwjj+7a2XTxUssT3/1eqKaosaG+c6i77Uq7z+uNj8RDoUBbRzebQIz4D7ssdPwDAs0n775PncMrzKgSsgUU3MjW2FppgMKO3ft8Pl93ZyvFiU0mzLthQ+Jp4M75D87fecfJ4uJIcTiUGEnUl2577fQbidGE3+y73HLlyae+j2F1IBRGoTA4hXjQzt17d+49ULNt+9YyomrtciygRqaWY63NSIvJx4994jPjo8MI9D7/o+8CaDCfGDiCHhaiNmgxosW4P/rIQwPzw+Wesq/8l7/8yGMfRsQHcIOgMuDp0LGTal3CZvxqrHybVOxm5W26ESUCL+DsIKxz8MgJWr+ATScy6X/+l+/g/vhjD2OgCo165fQrCDE/9shDT3z3NCI1iDQfue2O+x7+qMKajfiJ3xKdFdzcErOv30rh7Jy6+8GGnQdLozVul+97339mz65dUNdV5vrExz+KJeZWq9XnDwbDJUXhEgU06/eDXJeaqc7UuvxYbqlSAJEUJs14A9goa2Sw55+/99IfffEL6bE0liw88eT3/MEwtuxyu73x+PwtVVNVvvEsoLybjfeZrazGmAqMwM3UVOoTD5965J4jQ0OTeHQ63F5/UaAoAnAJRaL9Q5OmoPn1tz4ABmH5AiYQY/8adUrUyn4QW0Ga8m62wqds0EZgii9YbXO6qhub79oXjCXMXUPzs9OTd548dK6lH34NllYmU3EvfJzEPCLHsf5YbHYaI9+YIoiJx7SsPGmHENWfMjCuyspjATUQnscwmzcbGOHyVWzffVsiOV9eWV8eSMUzzg/ap1uuXM3YispL4dI4+obGsI86xp6wawS2WK8uL2k6VG1JWPsHxxG7wXoFxIyLS6tSGXMyjpUQMf4Dm81MTSLkjCrU1JvN+w268ZYp7+bGbbfhOIECRSUNe48eGx7sjs9h73T76FDP9gONtOxgfra8qp4WN9Dk4OynP3Lq+y+1YHEV29TcsqupeqZ3pn57zRvvXMQmx1a7c0fjgbnYNKYUY94N6MPF5RjP2rUtgnRlhB0yZTL93T89Px+bLikpUtCz4b4qq6Swit2skmHXl1gAjbeobu/RR7FZ+uhwH5AlNjsVrdyGKIzXnvS7TfG5mYYqX1N1IOy311SV9Y/GJyeG2MkNDvSwzl9s81f5O7r60Kqa+r3bdxzIplPbmvZX1jT5i4rLKrYBufY0lF7uHH/3fEcoFOodSfQMx08da0YAaGo62dnRs77MobS5RRZQnalbZPi1qhZA4wlUW51eG7Y6j02XV23Hzn5uj++uA6WVYXNTXcRmNdmt2V31pZGAI+i1Pf1am8thwa4R82mn1xf48M8fPHxvc0ljJFTus5a4RzozGP9G7KaqbgcGxedmJgEo2E/rxL6yuXjK60gfbt7e2TfxwdWhzu6+owcaB8YSbl8AYaCJ8al0MqbcnLX62NdpPaoztU4/mJtXC0ATie4srY5ionCktMIfCGEGMG0vkZivDceff/nckQM7rnZPVpc4EolUZWX50JQZHaX7T9SOz9LEYpfL3T/a7/bsxiLvSIkfexnb7PZwcRQnAlfVNg32d6LXBdiaj01NTY6mmgKv/+QcdpwA8ZnzbQd319VU1Q2NzkyMDuIcq+JodSaVmp4e62jvqttWc/NNUxI2qAUU3GzQD66Q2gCa3Ycftnt6cdwc3Bls5zkzNY49+jCcVFPiiHpKrrT14sFuswGAWjqGTx7dHZuL945iC75ArdXkc2XHJhM4ZRy72NiwJ7HZlPIMu0xRq806MTZQUlYzOtRbUbW9v7fVHyiCTERwJmPpI/sbsV9XfVXRnqYqbIY8G0uE/I67Th0+e7kftWARZyBYnJif7+ke8Hqsajyr0Oe3ectUZ2pTfbadbS27Dz1ksXmw5VVldb0/GAKE4LRdRGq2V3hD7jgWXg4Nj8HHwTYRHd39h/c1YtTpg9ahimip0262pCfTZndJ0N7Sn8GMGwSS6w9GsWGWNxOYn826ArbZwRAm+wFlgCA4TwYrpzA6fu+x6nDAWVYciATdf/utZwPB0PDQYFHA63DYPc7s7vrS7VWRtp4JhJ3RscKA1/TUzPDgUChctKlMrxqzBAsouFmCkTYCCTwaf3hbcXQ7cASuB4AG/Rq+NR+2KC4vylxtuTQwOOxwurFJOjbwQ3cJ26EfPrAHG6ZXlIXfb48HvVZs6Fcc8kxMTtWXu+Mpy7bd4fK6SDppcTvM6YxpYiwWiLjHeufBC+forsMVdeXenXWRjq7eltYuh9351b9/6q6TRzBWVVHq7+0fQa+turI8Npd8+fV3Du6ujYSDV1pagYPh4gr06MbHJzIp2t54I1hX6bgyFlCdqZWx4y2UAqApqdpjd5sQUkGfBZrA9UDPiWNNqS/p9mUvXG5HHrbdwyEKGLGOx+cee/ge0LV0jJ692F1R02Cz27qHk4N9wxMJf0O5PzY3Ux/1JtK+yy+Mj09nDjfYRiYSmE/sdWbvfigydWUawjAHZzoGKHl3ZnpyenLkl3/hXyXm58hvis2YLeGRibkDu2tefPMixtbvOnn4pdfewTbprG/VB01KojVQbwQb6Fxt396w7RZaT1W9lhbYbN4NpuTTeUkFf/DarKWJV68u8mgi2wJFFcFgpGrbTuo3Mb8jlcR6prnuzsvbyz2DQ6Nj49PYsRwThTGJ5vZjzTsba7fXVf/N1576wY+eDZTtwAQck8WMSA0cIox5Yz0UNuXbtiuYiWVTGZPDao4WYTtRs9tu9XvgCWXefrWlZE943pZ67plLLVfbZqYnRod7EZQ5e7H15z71+OjoOGbrYPe/2ooihHKGRqcwgNXW3nXqtgOTM+mB/p5dO7YPj8VoPy6LGQslUonE2BjcnHnl5qze92T9SDZ/5pd+Y/1ocwOaAF9krqV8awUL5sKCF/u8cAlL4ZXruoVp8mgq92AjvmjVdqAMIsE4phL+Ag08JRMD3a37dlUHfK6Wq10AIPaTOXlsn9frfu/81RdeeRs+Dk7sBSYdOn5/ZW0T8Bdh4Mvn3iwpq/IGQgFnetf2YnSXpmOp4nAAGGO3ZjBDB/P/pmbmxiZnn3v5vYmx4ZOP73v2W69NTYzgh8VzitFNKy2vAX4hvvOxB49dahvE+nGc9OCjWE92306MSWXh5jTV17x/dZJrRfCYIjcHB1E1NNbfQpOqqtfAAhuyMyXwQjbQEsFC5tWMj8hFsmSklyhcw7VKj1ZncbSmgoCGKsCEu/Tk2CDWFgBEBnra4Nrde2L35atdvTguClCTST943wlsWP7OuZbvff9peBzYYxhRFRz/gk4N/eQuU7ikorSiLrrdkxxJXGgbDIVLMfY9NjFdURpAlDeeTKPz1do7g0gQtkMPhkpeP33h3p8+/r3/8QxgDouqAHPwguAllZbXYUjrpXd6G2uC4aD3Qgsqwsm95nOXu6HNnbcfPnP26oHG4PtXp8zmNJqAotKymhFzT1dHb01d5SoZTYldDxbYGHCjAQLDl19Dk8+4hrycWF8kZMKbEE6QRrKeS0Owgo9zCVswVApHo6yi1oRJNHTRSbtzc7NdrRcSycTJY81Oa+rC5VZ+at3DHzqJGM7/+1f/CHwBysAJQgK4AJ8CBy5guIpOTsDFjk+o3RVJTJkG2+cAAQPD01l7CNK9pc6ZWCrgtU1M076izHmCpPlUOoPe2Q//4cUP/QyqOPI///JJlxshZIfXZ6UwchLbcZlbOieGBt5/+O7DvUPoUlkRQobmZy91Hd7X8M65tv0NwR+/cTEUjgJuADmI5oCvt7cbHbqmnY0raDQlav1YYP12psSrDmMt95XW8MqPsukNxcrEhgSyBKRl+rGRwXBxGSdYCq9GVIFH4F1p9T64MGUVdRQJZv0m9l7HB3rbEolEOpV44M4DF1vaATSnThzwut043fK//vU3OdDAH5mZGoPjgxAyZv1BAuDgM7/5M7X1e/1FEeTMxaZ6zvElUhRtBjFWZgI4asqc8E1qytxtfdOo9P2L3bHYTH93K7byQy8J05QxRxl9pXt+6viTXz2NYS9MRCbvxo1RcCeWj6N2fzDSWO0PBX2dPSOI4xC4mEz7dla/c669tqoYweZL7aPweqhvBXijjlUPAk9126oKWEMVbVALrCPvRn5vYU3+uvJMTZEoFUbXEGhedc2jnksTxNHLFyz6BCBGZFbWbBdpjUoiH4l8+sg0Is2Aprncj16GuTRajTAwAjQCaLAPBEK8h5q3O63p8xeu3HH7Qa/bdeb9y8+9+IYENONwguDO8K4TOj6007DVeudjJzsvTKIifxjYAW8pk7GYLBnzQF8HQjAUCUqnrnbHS/3JeDh64eoAOmsAAtqbIgFHBsAFjAN4QZLt+19/7uHP3P3kf/s+1iu4vUHidXlw2lS4pBIslzvSU5NXjx1ompikM3yBOICtQ83b4Fa1d7UCjN5890ooUgYnZ3xsEHskW9zmq1faImG/prcrbKISG9QCtxJuNC+k4UtomAlbg5djBNJyNycfvebj0VSt/1prCAQ7l9/b1SZyZIgRmUjk0wSSgSAgkNUWjDIXyHxFNQ177wag4AVGXAYD2GnaaCbR39uGMR2MIh1ujrodpg8uXX3ovturKsreO9fy7Auv5YAmQb0nuAzwidBhAjTAe0HsBi88pOGt9vh883N94bqK6bEE61OhU4Xj7sygBZiAnn7SKToZJmsC1gBt0I+i0A+OXsABDOkUGOhEToyi2x2nv/bsYz//gM1qf+rvnsbWosWl1ZjFg7BxxuGEDl5fUUvX5IKbMwyu9y92odWH99WjY3XPqSMvvPp2Np0tKa2iDmI6VVRcPjLYPXqlVcWPxXdjEyTWGm7Eayw7BdyO+d5b2cqCHZl6jECmTCAzatLyW60p4o96AgExeN+ilbWCS9SoZ9HTIAdki1JiQ72KugOIBxeFIi4PRovjgBhgDfovA30AmiSAJmGxYvyorfUqAjTl0eKv/MXfT44N8f7LzOQ49rJB74SAhib7pemcXvJDbOlMyma13fPAo7lmur0ee3JwahJIBKeGoihUkO3vaYP3EiqpgCeViBOsJNFhQwAoMT823IelUvBxACIgZnItNpsdo9rPffsNDIv/8+Wvn/76s8jBOk/s/vfid85hlUM67QD9pY7U1MSV4webMOe4s3cEbs7Zi11wzd493/ahk83Pv/7BxNhQEdwcuiyI5mC1REd7j+pY8Q9rE9xXHW7E28iNJd40PbiI91ljVhENQb5g19CIRw2BpnZBJudrWASNRh+9woKSJ2SZyIHzJfyXfFVoJOCRKG1FgeJ6u9Uaraob6GmHM4IXHTNoju/cNz07Z91zrG9gDH//vS5LbVV5Y130y3/+NcyzSSTmkDk1MQxgIn+EBnwwDSdDwRKIANCkU8CRolDZkdtOiHptDqfD6QSaeHxBjIITjyk72NdRXFaJ06P6+zoQHI4GayFpcKALHSVyr8jpmcHAFnAIxIFgGFxWiw1zhTFjOFRcHo+lf/qzj3df6X7zmfcQkZmZHnclvTg2HArYobav6HLHBPpWd91+uK+vD8q9f7Fz/64aQOH9d+x/9/LoYH9XKMwRx1RcVoWwc1dnl99nN/zrIhqiEhvCAqsCN/KLt/Q3TbzPGnbNay/MKuhFDhIyLx6XUrvMwn0u+C/g3daIxdDLuFCXLEq8HsiU82WJGvUylgCGkHHKAYKvpkwaPRGEPxwxT3lRNjabNkWcP3zpA3SUfvFT90EIoOfLf/51xICpd4NI8PQ4HBHsO4OpvegxUS3MpQHQAB/QmQqGio+eOCXX/vXPn06mXPf+zG2vf68FEWigBtBmuK8zEq0EouAKh8sQXfY4aVMkLCgHgFqsdiySwC7FcHBsVit8HMABnduLU8bt9vgc7ZuD9PjgtL1o+r5P3P30t55Bnwijae6Uz+H0pJ0uIA6EA3Sef+knxw81hQLeK+09Zy/1mC2m/bvqDu4wxetLX3j1DFyyYM7NMWN4HkJGLl9p3KFGrOQPcOOlVwZuNK8Tf4t4pqYIFtK8Y8jR0GgIDGEFXAKGODrwLz3y89GjyPCSu3Uyr0YrmVfWUCaT8wW9YSYvBS+PQCGeWt1wBNAQragd6Gm1222Y3rK9wtdcu6N7cKqxruxK+8BMLP5vPn47RqD/+M/+4VMf/9BX/8c/wddA2zGKRGPZ8DRMJhwIBayBT0EBV+bRENAEi5sPHgKBRlUeGwIBHw6HAKQyCNyw6AmcEQADOlPwfcALpwnxaQxOYfydBrZACnSymIGPGFAHBzavwEDV4dtu500LuuvnZxMP/Oz9/+0P/3tsZgreU6SkMpXyYONRmx2DZkmvL3ipYxx9q7tPHnbaMh3dw+990HFgT90751oRyjl/pX+or7soUkq18I7VYM/I6ExxBHtcqGujWuDG4Ubz3dUbIN9rxhn5aya6G2DPR6+XjBwIEZ0sDaOAIQ2jDCUyjZwvs2jEykU81oscWX+ZoHBaNh0oseIJnkK0og4B2vm5aYxAt189f/JQ/fmz79596mh761WXJV5VVuzxuLp7B77x7e+fPL6v5Uob4hqIpAAUMAcPd4IEODQIpgC07A7k0CvtD91+5z2s5NqN144mAOP4u+vx+BmCUE+KTf0DXrG5yOn0yEC3rekAAIeBT4rvLsrwBysfLGa6WXz+ENZD+QJhpys3P/taZTh+8xOfweMrP34GY2qEOO4EEAduDjS0YfQ+Pv/jl34Cje86eai3tw9BnEPNmFucNTeVnzdb0LEqCpeS02U2Y9McNLmzYyLgdwrPUa5Ipde/BZYBN5qXhLetwDupabyGXf+N0RAIdl6FprRAvfng4+yZ17jMSElUCF96QlZArzyXI9PIkqGtXMSVxwtfu+N29D7KK+swgQ79JvSM5uHmFNtq9tW0tHYjtIvxmkcfuANuxVM/fLE8Gq2pKv3Ux++/3HL1ie8+hVIausZlwiQaAA1CNBQNxmuMx/sf+bisgL526AAF8A6DDDtmYV8I8mKyOF/Kx7wb8nDIz8FYFXOdCNHYphPwU9BrY/VZyPVgUSK6m0zwyCANfTTcf/FLH+UJrsape+5/9vtPAlwQPMb0ZWcqSR0rjKXH5wNFxVhF8fxLb9196rDLloF3A6kH927b24iNwSwDfZ2sY1WKBvJQTm/n5d6e/r3793HJ6r6BLFAIbuTvKJpk+IZraETLObFcasgu6A3lc3a8FXonAkWLCpRdGMjfdzjn58uVIq0hk0uFA4XMRavT04jma5ow0NtVuf1QtKY8HC7OZhETIaDp7b56YGeNp9h5tb0X7zb8hfvvQagli+0gfvjMi48/cv/Y+MQHH1xsqK/DWbp49xIZerdxUWeDkAZAk0T61D0PIhNVLxqrtrtLQIk1ljhTgTCF/ccjvA8GY4Q2Rw80Xb7SWVVRwnIwTA4icqSoH2WmTbNw4ZHARqTp2eD60Ic/CjtcOHd2qL8DW6mnkl6EfiKllQhRsWhO8PmX3kTsCaCDOUQYHceIlb0xBMTBuPsQc3NgqNmZKSxGhc+lNgY0MPG6z9LCjXhDoPkKvmCQthSA4GTCaFyBfGrIqgqWgd7O5QZxZG9II1MO64gqkJBZ5HykZQlCc5EggoRt18FDwaIwOi4YysErx4Gm4dgObBOBNxxzgvFSoz/z9HMvAXf27d158sSR3/ncHyJogvAtQsX8xG67zUHvvMWCbKAS1nzf+xB5NEIB4YIhR2TK2lptAfaYAxqGJFQxqsYPTzDnhvAFjwyOcgI4yrA7x5tcvgBWEKNSueGggEon777v+R/+Lzg1bm8AuIah/Vz8OJ3yeIOIN//4xTdLymsO7So5c7YVs3IeOBF65o3OaGVdR+sF7OUO5wg2KSmvBeJcbWltaFKrOnOW3xC/bIZfRK46L9J8Y/StkiUIYpGQ6WVKkS//EUamIaMglhOCUnZPMJwkahEJziXoZSFIy2QamnywItcICXh5OMbBG9JIkOvCq1havbduR/1gb6vb7SKg6bqyf2cNB5runtSpEwfxzj/7/Kt4o5r3NO1qqusfGP6br34NIWG82HNzMwgAQ6Dd5gTOYF6MmSbomu+472FeC2+IXgF9DqePJ9k5HEAb1o1C1XAiIphrQ/Hg3IVMhIo6u/sRtUEasMN4KZoyH5v1+gPcr+ECcRcYB8VQr2xbQXPizvswsajt6lVgJyLNGKdypDC8RVMK7WmH2x8c6Gt/K53et7NybGKmo3vw/tt2XWrts1qbMTPIYXc73B4IL4lW4/ia4eGpkhIOmkK8SqxfC9jyfReFyvpvzM0DhCwTX1D5UU4X0E1+4TWgkI9Lliw3IR+9sIA+gRplaUKCrJXMhd0hsF9EeW1FtKImGY9hUObC2dePH9hVzzyarp7UHTmgeWXPrsbdO7YPjYz/9Ve/hlEhxFDh0ODtgrPgdGJzrHkMQiPfbLJiMPrAkdvkbqZQQ666QBqB3lwpwxHWS8INXkwuXkxpwhi6UR7DJbDwgE2u90TlHIMMqsqnEvKDocjLz/0Ak3cwph4qjqJRQBx4aukUDgwG4nTMzkz4A+HmHRVd3f11VcVeH604x7j75MQoFmdhQiBKESxXmx8b2H29Zmk7U3o9+TdGfrtuDCBkCZpvoeZR6CCzyDNi4EpoIEawLDEh/giDXq5FsBuqJFMaEhhqFU/aEQ0tr6zFH3OMFvd0tmCBYvWJvVfaeuqq92G/K7yuAwPDeKFLS0u+8a0nsfKAAw3TDUfHuTFuhTQcCuo9mUwOr//oiTv0CsjqiYYgIVMKGvgXHn8Fi7swFAGgMOBgvxfSmWzQx6bwyOIoDU0Y6JBvk3N4kMBSLCpc7BI6PPDYT51+4puIzoyPDmJeD7qKzM1xYYQOnSaLxQY3By7P5MQwZgCWFPnN5nBrL52lh9mPmCgEpxL4CycrnrQiHBatxH466lrXFsgLN+I7wdWXv7LI0TyKJspc8CCQL/785mMRvPqEHDqR32TUIlckGPVVyGT6Us5omC8Yb6YVrPfUXFe1DUFcTE7p6bjcvKOq7kjjxZa2k8f2F4eDg0PD6LSMjE09/dzLGCdGmBZzebEiAK87XjPEZdxuXzIZxwAz5g1j0Pm+hx8XjdUnDBsCMqjBicVnIXgxOdhkcua8FoE05N/kHkqgZcCHB0IVdgfOMJAB4hDWQALiu2ggot2YmyPsBhae5lqJfLDIej7ysU9DvffefnNudgqNJTcHDo7TbafwURo+UGfbRZ8/cObCYPMOW11FsKrM/8Lb3XWNe4/vDMzOJfqHJt7KZob6Oi2WTbJDo/hoNmXiutjNTXYxNAbSeBDyF45Tyl87wSv3R2SIEQRIGDIin1dxMwDBa5FVlVshquBk8l2jEv7YVtUfQe+prLyK9nZov7x3R2Xt4YZIKIA8lTiqAABAAElEQVT38P67jrd1dmOj8hdfOQM0gTuDtxl7/GJiHt5kdFswdQZYA18GA8X4I483sGHnTlQH4+SziawMT4tWaJrAS8cmYlXbd3HIQBAEUIImwMvAoipEpBEYQgJTaeYT9Oh0OqcmxhCrRlcODhrNvsmkMb0YGITVW1iWiXE0OB1oi7ADJCMNHTjYyUgnFOPEUO+eBx9lbo4VCmBfwVCkIu1MZjIYIKP1pV5fiIbDTaYrXRPbK70PnqhJpEx9I3NuWwpnSOxpKMM0wpHBnnPvDTY0NejtIFTSF6mcNbbAdd6N+F7iCyG+E7JChp+cTGlIAAmG+YJR7ihh9aMhsayGPi1EoUi0gpPJRTKjphaZTFNUgEsUgV3AnMtfUdN0zEILlCLYZDMazNYeqQ8XBdxuZ0dn79jkzHMv0O4Q8AWwWQz8AvIOUpjJQgEaIA5Nn7OYuTuDk1KO3Y7h8GuXDMfXchcGy5bYCjBaLdRBw+KAvf7DxaWVqBouDU7ILIrAv8DShSQ6dA1VgdIIjmehwA1blZ6enhj2Borgd9DoVTbjwTl2FNHJXTzBdYA4JGDJAsaUtb33wY+gf3fh3HvoeEIr7EeBOM7kfAyTdLDtBWYSIoyN6YjNO473jKSqiu39E+a2lsv3nWjCHux33Lb/6eenEdnBRyA+fSFcJBbUzP0uoJiGUj2ulAWMQ8X5Pgn+yYn3iiuRj7iAipp3RvMX2/D7oa9FJtOXitrzFYFd05AbaI6sw7/7uU/ifKWUGS+YB4sjX3jzYtAxfWJPFUVdTNn3zre+8MpbGI1CrwMnNCEAjPcZbgubrYdtHODNYO8pBjSJOA7YveuBD4smyAmNrXgR1Gi/coGPjsnESBvSI59HbYg4hxbUVyLoINxBFv2/2D5cWV5cVhLGvOUFMuLgF7WKeIl4IY8cTG5w7t2IfMOE/qPBoNXzP/puKFw2PNDtROfKj0lJs06mD7bpQvDLY09d7E0Cmo82OivD+7GpKRnQkomUVg31d8bmslNtLaVR2oFUL1yjg/zZaYoW5dXQq8clWuA676YAj/zZiD8gnF4uEhL0H5gMMfneAc6u50U+r0UPEIbEQg19QtZW0xBOLBPI7KIimYBnIsfmLO4fnjaZ3eXFfryyXX2jD55qAn6cu9iBzcChNgttAGjoSDn8HYaDgHcUA0/ogLicGNnNeTRAnbvuNwYaWRmkNWrkW1Aqm12WUN1wlB4ZUHCEEXiDTA44uP/jE8/85mc//c65Dk6Yk0B9MMIr/GKUTBAoGBFXDDJ5Qtgtx6v7JRrCKXk0592fvA4rTY6PwPVDeAvSsKloXWPzZCwbcc16Hc7BSTN8nPl4NlLkwXr4dy/Y4aMBcaan5mq3L+nsKo1iwlD4cgqVdMoujmJ6FpUjLJCL3WhMz4tloxsScDLDIs6r6SWB3pBYaKNPyDqgVA8QGgIhQa5IppHzBbGcMCSABH0MAs5/Imn3FUXgIiJ4URb28nfSYbc21EbfOHPh6edewasCoMm5MywMDI8GPRG8sOjO4G62O/lQNxAHHg0qkrUVinGt5CJDPQW9SOiRHUKgOfZGR2gGZExn9ptSDHmkG4oxH+b1ty8Q4QIpCTebsJoBcRzsFooij68IS9J9gQiAlX9GaJleZ2LUXfqGQMK9Dz+OaI7HE4BHEyiKmEKlqByGutQ+VhnOTsWy1aXWeDw+MjLyQUsvnMFDe2rfPteGHXZKy2sROMMou6hHL18UCYhBjmyoAizyRyDkIFGARSbb4ulcZ4obUeM73JgF832E3NCGn5amIplGU6T/tPIR6NEBvPmI9WKRo1FD5sUXGt5BVf3x4cEu7GV16rZ92JAc22oWBfxgTKbSWHlw+gfPTY4PY1UQXhIEU+HU4H1FPALOP6EM5uYn5smpMZv3Hz4mYFSuRWgFTfTN4eoZ0gtGkdC0hT7oXG+K+TQMX7BJMPasgYYMV+C14AXndwIhIYr5NFTGHZwcBSOWaK4lZQ1lNQSFJlPQczfn7TdexopTQHYwXIa9NTDR8WpPYpdjDLvD9w8MlZSWBkNxBJjdTjPi65HSCoxSmS3YJcMgiCNqxF9BPjNThhhRWjgh1BNq8xzxqGcXLPqirZZz3ciU+NJzK+SzoN58hSFGtqmeF6WoiCMd0vIQhiGxLE2TlhXWtIVTygQyr1yRoJEzBTFKsxZ/3c7bMXNvaKAjWFR8Yl9VeWkRXj6XE+uw05eudEZC/t7efjj2mD+CC/vapbIJDjEcXzjQ4Gym2+64W0jWJIQayIcmhsqgSCaTJXB6Uaphn09aastoceb1F4MeZDH0AYAQyMg4cx01gyuOWdfAKItV5tdRsYd8augpkSOIkcaXAUvA4It1tLVnTThSphaRr3BJec9otiwyMzCeHJoaaN5R+d6F9IVLVw/uaThzrs3mwOXq6mgRXwDRdvEt5SiDiuS6ZGUEi5zJ04JFQ6N5lBkFi5zJ0wW49MSbIMc4VFzYFjCf3EsC8YoPJ3EFDD8nzSck02iK9B9PPgK97wBeSJbp8RhP2iIltZg+j8MPcCzcbYd21lcGMUgzN4dt7pLdvUPYy/cb//DPmHmGg2uZF2PBO4sdIeAI4MIUWA43t91xr6aBvKJltYVLkDWUZaJFMnALyZweS7lBPDrYgwgr42JAgxseONZQbnZyfAibcuFE0hNH9rzy5vuMkgNMDmtyDg4r4LeRoX70FpHGXVOpRFUoKbeIS0DPqG676eL5sxixwsAZ1p3Dtu9enakKeyZn5i62DuF04JdeH/U4TAj0YDP24f5ObDwKC3DE0aCMqFuuSGTyhNBc5OPPIbdnAS5BrEkIFiFWn6NhwaOg0Rdt3JylhorRQvGxIa33QoUpZVvoTSaT6UtlXqQNCSCBu0Ly65SPWCNQfpQ1EX8JZQKkOc0dxw9g4nzcVI8dvzHF49KVi6eONddV+PFmXrjaXxUN/fjlMx++HztyZl989RJiDT5/Edx+oAw6HG4rNsoCytB170PGk/RQiwYdRNWGFtAoKYh5PmfJx8hbhP2AGXHOe7nWIaJek4Q5Rq4NkCZL8InWc+ghqKIfLtHs5MvogQj8bxLPl+/6L49cirT4aEQrkMCk4dde+jEMi7UL6DdhLvL7l4ZOHanvHcRMRTOO2cPpWjvryt4+1+7149DOTE/X1djsNKQtWp2mdjyKeoUm/BuCR5Gj4RIsmnw8ChY9jT5HsAsukcMTBVg0lOvw8VpnyrAZhSFGbo8hOzeZBh0MKWVRhmnZ+oboIBMICZq6ZBpNkWCRE5ymZ3C2tGJn1JVoaW3fVV9+vPkkhkp6BsYx82RqcuLl9k7MuEdPyhYKAlmwWHl6YgwdJTo0Dm+k2YTBXX1dGk30BFwNmUwoJohFqcgRNPkSoAS0eewhIuDQkktxr4ayCHNY5rUke87dCG+Q5FiTyxO4hL0EuTKA13zvufylkgWL7T7yNQdbhb3z1pv9PVer6nZi+h/2RX7tTPvJw9svtA5gc5zXJ0bDIb8/UIS4DPbEwVRsoBI8I2Elua58VXAawaIh0zzKAgWLyLwZhwhCeF1CrKha5IiKRELQiJz1lrjWmRLN4IE0rmi+4dVFmyGkgVKDDnKRLEdvLJlSXyrzIm1IAAkasMtHqZEmHjvbWg4duWtbKUIznpryIkxwGxmdoJWT6QzWImDwuyzsq60MYyz22985jS14Z6ZaMR8XX/Sde5rxXZe1WlZzuAIyO8+BEOAF0rJzxyXriUUrNAneCcLZCdyVYbjDEEMADIEPMR3d3xCLIRwj8AR5OaDhQvDMISonipgWuTQwJMyyFG/o0NHjWJOJc/Ww6w0cKJwV8dp7nUd3l7V0jJ26bf+Lr759YHfDmbNt0ap6TAucmopFK40HxUWlhrou3ZKCXbAIyevHIYKSQj2h8C1JUGdK89dG/jYI28nK5VNdJs5HAzn5iji7Bh3yEcv66NOyJhqwA7FcKvNq6gIZgpR3Pfzzw/3tOyob8P7F5ubfOduCg3ERr3nx1XeiVdvcQXtytn9bbUVLawcm+0Ma3HgEjA8vnHYAIZoWyTUuPS10hpIaPYUQQSNyeELQc4JY3FRTRiEb+F9AHOoJsX8ut48SlOZQw55kWcAZ2acRaUFICRmYZGZtWmgr1JO/eDK15vuJarEkHiszMd4HxIHZuye99WVusODPAE7dwoQdKzZrtttd7mIRwZEFIi0qRVrWhKdFjuCS6UWmnBAsGkrNoyGLnMnTBbj0xCJHcOmVETmC+GYq0ghZ+qMNn2W+jxlSRANkiUJ1zYtkSCwz5ksLgSDQoINcJNgNK5IpDQkKs6OUSxCNAtbsPfJwx5X3P/348cnJSSweevaFNz/x2L3jE5OnsZVndT1GZwf6e3Fs7X3W5u/8r2chwTWOA6Hih48dl5XRtIirIRMIxZCQNZdp5HyZXk7no9F4Qx6v7zrUgAiCF8zKm3G5PAvow1GD444p4HPlYOR6MGEODkMdJoGUyebMCMjS66/PkfXPl9Z/Py9/8G5/Nlu9fTeQBWu6+ruvbivfe6G1/9RxODhnDuyuf/tsGxxMdOz6unE+J21aqL+EMrLd5LTMIojlTDmdj1Gm0aRlFiEfmUiLxwIsmiI8Ci5ZMifT5/B8waKXlo9FT7n0HJv+syzMLOsnf5DIl4u4kAIay8QFyAyLBK+ABlRnSFm4LaJUCEQObxRybrv308CaTz12NJFM/Mmffw0TUn7z1/63tvaOp5/5MWa4jQz11jbsNVumbju0CwNT42MD0crtmOq2a89e8C6qTD4C8MqN4hrmIxb66xP6Fgkac8KONHNEgAmEHwQ2eOYPrIQyxaPgXMAaoAyFiRceF7iJji07oDkviN0ItaGMBvJAyTUUNKKSAgnh5uzYc/Dsu+/Cf/F4i6rqdmD1xhtnLp44svuDqz133n6of3AIMIT9SbESAkNvwCafPwix/KsuLLOsqvXEQg5XWPOITD2LvmmCSyaW0xoWQa/J548FGA3pkSmzCOE8UzzqeWUufWmBHAoVL8osV5yP2DBfZoQSeJFExMGQvoCiokiWqcE7QSMn8lUky9HQoKi6/ljn1fc/+chh9Ju++KW/isdjH7r7JDpKf/E3Xx8Z7sVBlI27jwSiexCVxChse2dPWXkdpthGywvt5idrpUnLysiN4mRyqcyoURtFglJfxBnx2keiO5CmUfAytkUxQxsGHhxyGPJIWCLXaJBeWMeAzdUxOQATiwWNrEw+fQSN4OIJmV6gjPyncd/Bgy2XruDcK/iY6FLh2PSOgflt1dVmc/JKa/fBXQ1vn2sF6MDBSSQtYERFWFYG4ctaWabRCo9CYVlDPZlMqSkF49KF6HnlHCGHZ2oeeeaieoKMM2ooNY8F6hVFBVg4DYWKDbUUIpBYVIpMLKc1woXjABpNpYtWIejzUebLF4yodCl4hxnD8Gv212KPzmKwfPnP/j4Wm/nQ3SeOHdn/u7//pcR8zOcrwt/Vo3c81tHyHnYOxzKFv/z/vhbCfNxMFmAqVydMsahu+Qi4hHylvC6NN5SPWCiD06BwIIxwYig/hzMSxnCnh/k+C4zXnBmWw/pQ1JuiBPlKCxdm+kEx+EaLagKOfDSQIOZ2iSOSkSnTN+1s7MM+FLEZhGywUU5f11WLZUdtqePk8f3jk7PoTCETDg6bJ0WbbxUY9xCIttCI3G8BcNzUBRTWMOajhBwgvvijK8Rydrl1eoEiR3AthV4QC3ZRlyhaihyZXUPP5SBTCJSJRXVIUKhYMOejFvmCUi9OzhH0snBBYChEZhGUcsKQSybIlwajEC4cB+SITMHIqzh+76ediS6ftwnT2774pb+Zmhz5k//0exh2/eyv/w6iwIEgBlan9x+/H8cJ7N9ds6ep6nf/4CvY1hNLGfbkP4pErmspkCdUKpAQMkWjOLHI1/BKBmRIkcMY1o0yZUeH+yIl5bRwlDs31JfSCKBH7HdjkIsskC8wdHV2Noci6EwZUy6WK9588arLHJrWWbLY77mlZvsezHLCuDg2mQfiVAVT2O0DQ+MvvHIGEWNMMsa5DYX3+jOsC/Xmc4jy0cuqymmhNj4F6YOQSSgtyDQFgoUTiEcNmeGjITHk3DzqCYVFFSKh14Rrfm3eDSgKUHN+Q3NwLrloUTl6bQSLLEcmE/mCUi7VpwU9ivQs+hyQgSVU2tTbceGnHzqAxz/+06+Pj/bToZTZzM//21/xBcPYHhi7lB+/83GPP9DdfvFffeQTv/v7X8a5azhLLhDI8x4yzVCd0EegA3JEJqPK3Qx1EwSCJR9ZvnzOODkVr26kYakFMGG/mXfDsugR/3kp7n53biIoz8Hyi9yJwKQQACWHXLyUcWZxlgt0APoIVYl24TJUT0AMqAq/yRp2PFIQx2ansLHVlsE2PZn0pZ74tuI0Zkida6kYGegaHx1wewJ4u4TlF3TJ+1tons8hkhWWpWiUF3I0assscjofGZQHmd4nykcvy5TTsj4FeAWZzIu0YBEEIkdDqX/klNfm3egp9Dka6bxWGSY5C/I1lHpRco7QHpmLMsrEQgjnkosWlSN4RSJloq1q7j/eOBubRxdpsK8DC6O++Ln/87d+9z9FqxvGR/qxBGF7Q4MvGML2d7/+Sz/94qs/wZy2BBBobqZ2G52Kq7kK65NPQ5lLIxCP+bj0lJocMEKyy00DxhxSFnpA5M+wLHJQ+P9cBrk+dH1w8QqG/195g69joBzADIrYovBxzGnEzmCcFsFynK9HBFKomBgWLrl1YobXjS2C4SIRxOntGertuFzb0ByMoEt1pbpuR/9sEjuGHdxd8zbO6iSPLItJxuJ1BaOhGYVuhqULLaDfGlgRRQKG+BJQkZ+PXhDkS3CV8gGlUFjPrmkCp9Rk6rl4Tj4yCNH03IUC+Vg0VSxjEQPnFBXgkddhWJNMJqqUKWUCOV8Q50toiLmcm4e8tNlfVhb88MlaTNh7651z3/v+M9j34A8/92unf/gc5qfGZiadbu/O3XuCxdvQmfr5n7nParU89b0f+IMl2GuucccOrgbXTTRNo2q+FmnyBZcsR6RFAlyCUiNB8yhYQD+fpE38hDMCcOFIQ2BBSfphpdduL7x65p47jrW09WrEah6x0TI2DysprwPQ8L/GGgL+CB3EOym/hEJJmatwAwVLZVVp65U2hOonRgfwBwDLYrF46htPvvyLP3ufx2VNxGM4ls/h+PD/PP2iEC54RY5QT5OzrMd8E6NFkzXSZAvIRUK9whYoUMolyD13yEdmARZZAU1a6LNc4NNUd11nCnVoinmtorJ8BBrl8pGJb+Gif2f0AuUcvT6Lqi2zy8RcFKbY1O86WRd10dtnNj91+ofo8t9z57H5+fi/fOdJfHeD4eK6bdvK6w4m5mdrSh3Yvfs3/+DL/mAxPBv8dYVwLkeDejxTrk5WwzCtbxonMxQiE8vSOLEoFbxQz+2vAHRiy3FGLzBFQhrKY4+sMODzPHjPbS6Xq6aSJjEaXpguiH000NnECBEDLN7D0tKKV87wHRNKymyiCXKmeIVklnDYj2haKBINhkoRM7baHWgjFnBuqylFCL/lamd1ZQkGAUQEJ5+JDGtE7XJdsjI8LbjykRk2GbzCJlyO7BPlY9HXXiBHjw5CVQ1XPs05fb5SISQfgaiOf2razpSmmIvLJ0tUViAhBIJG33hkygRCjmGNgtKwVPCKRD4yjnoy5NU03YYzRh6/5wH8Zf7cF75CPYVM9o7bj/zO578M1wa7YQFrorUHetov4OzHYw/d/Xtf+H+wDhAWLC3NLcnhdRnWKNQWiiGhoRQ0mnyZRZ/WE3M5hVEP7+HoUDcGdEaHejE5hcCFo00OZFjXKoc/6BjZESafmJz8xydoHqO4sLcenU2OA8rRpfIGKDCcNWEsfJZtsoXBKe42oVS8UTfw/mgayFuHbxFPCKOhFnyaV1vexQxjbHWMwW+70wUn1O1yAgfRHkz77u4bRRcZlhHs4NLIN8xBJi65Lp4j3/Vy5NICaWETLl+WI+ymYRcsmnz+KPSURcmU+fIFo0yMdD56DVm+R7Bzyfzdv64zJVcpQ4OcL+QW0EOmL0DGRRkSCAniTxmIDSmFPoUTQiDI5KbhEX/0HN7Sf/eZByenZvCIeRyAmP/8hd/+7c99aXZq3F8U3rFrN/KT8zPYNe7ffOLOP/jPf+FwOHHabGlZifhrCYJ8l6Ha0AdNA4uMevkkLJovWsfrylcjUMBN+38RllTWNgERcGzL7IwXw1KQkE3jqEza8xxvLK/x5PFmEGNJgN3u+OTjd3/j26eRD0ABFgNZ2J6eGTxyYkIpCIZoiJ2jHQv5CyP6FxolOddS7npGwwYePXHq/TNv22w2TyAcipTC5zLhJD6sbLBaTElTOhXHAOLY2DQMbsheWBMNC1cJmTwhNBRCNPQiX5MQjHr6fLCSD4a4nfVyNDXmexSMGpXEo55RsOiLeA7nlcmu60zJBbIIw3yNHiuFC6hXlixDg5wv1DPUTZQKlgJkWEh5/+27wII35HNf+GOnyzs1MXq1tR2b2viLimvr6lCE3pbJGvjff+6RtvYu7EGBYzBxjsJSsEZoIhJCJblp+lKRg0Q+5YWofAQaIRkzrVckv4MjQzaLsw082EO0GEPgGbyisAD2qRkd6sMUaozHmbYVez1OeDczs/N8TQAONcecHRzMQKXios4TSWTdL8pFpwD0+V4YobYQgIS+CYJMXyQzyun9h49cPH++qfk41soCW4cn56tK2SFZcNIcbhzqgM0VR0YG7dZRfOiGlcrS9Gm9Svl0E5QaIYKeE4hHDVmBR41VRUVLWeBaQCyKDFUqoKGoOp9YPa+2M5WPU5/PZYkq8fKItEiAS1+lXhRylsJiKEpm1Es2ZNGQObzRP/7Kn37pi//X57/4J/jrjn4UFi5+/ve/cO/DHxWUQJYrly/9h996CTuBImaM13J38z656kUrEsSFKQ1LBS/0uRlYn5wYadx1BEKu4U0OephPArygxyyG9gl3UilsqVVXW4kuCXYOA76gDFgzMzWGQ3WFZViCjqzhvIRmtJShaHJ84nqaa0+F2yg3EDyGxNdk6VIYn9pWHR0b7W/cVjk3O5NIYivo9NlLPUDA3o5L3kAIe/3AgeWSZcMKSfoaBZm+SHBpEvkoNR35G5AsKuK8oiINDAmyfN6QoL9hHUTVoi4hiudoHkF/XWdKsBVOyFLkKuW0kCATi0xBKUpFjqBZYoIzCjkaLpFfQP5Ad+sXPvebWO2NbyFGdjGsW15RBjSBKJnL73O2XuqB74MX8eARdoyBVJmoSMq7LimLuq5gCQ/gFfKFT4QckSlkFK6liDYY5y4IwxWBOznfhGMGhC2AR9b0xA9e+5V//UhVZek3/+VpzkpwkhMiqs0lCKtypcbRYi2D0bNoIC/Ut5Hn52sptjTGIb/w2qqjgUQC+0NjVD59tWts5/aye+66vaVzdGykHyd2TmHtuHPU0D8VNWp6u/lqNGqENk/I1LRO0AkCkcMT+koFpb5Iw8sfBaxoSgFDgGBkalZ15KPXsGseuVaFVQLNdZ0pIULPJhoJGn2pYNQn9MQQpcF4PdcSc4RW+lo0EgSlnM+5PG7zf/y//wiHJaBXga1wyxvLDL8T+Go+lP8UalkBw7pEpkwpK2OYLsBlKEfQa6SBGCGqQHHdNcjggMPwgW78hwMNYQbLobvprfcv726sJYIcmmhk80fGn6WYDqI5Xn+YnKElXEJhw+ZAQL58wShX4g/VYsYPdvbDWpPSIvt8wox+H5owMT749vsTu+ujjbXhS5iJY3Ng5BFuGo8cyxJ4jVy45mtgWGMBDblYzpWvFaLqfARypbLfl49eCCycgFjEegyFLOoNaSQvsYHgQnXGnSkuQkZ3Q800FRd4lK0GUXppMoGQoydDkUxpSCDY5YQhJUc9kNVt3+507UFvX7MhliyhcHrpWsmUQqasnkwg5wviAgk9PZeWk0kIsAAw2eyRB/FyZstqA3anZX625J3nejnu5JCDSBneMK6FSrO5dQyEPnTRTL+ZSZxAhxEgUNOVK7nuk2IFdOMaijbqFRaUhROCUYgCPdI19XtwzvqeOv8UNtdKOsIBOqYKpwDjCHa3x/fGmQ9wTHsmEz5z9gr+tPT3Ya7QnPBxhCghXNbBMJNXKpNp0vm4NGT5HsEutJLhT2RqGAtXJ7gKkOXzbjQwdGNj9trOlFAIzVi0eQWUBrssqjAliA0JhIQVBD5ZMbmByOeXqHQhg34bqod8QZyPQBbC04aUkCO3sQClXqA+R2iFIlEd5JPHwmCCEoQK/IkE8CIqJoJcYS6BlXVW2uOdI0wyMYeBKlbpAq6wB5JGNAt4JFWdK2fmAsTLg3FcVaGkoFw0IdooeJ2+ygxWMSTmdlaXDAyPdg/FM6lkVXmwpiI8NtKXisdfHOg+vL/xjbfPY2X/sUO7X3n9DI5IHhwY5mFj1ChELVq7TCBzyVrxtMjhLDKxLMQwzXkNWQwzIURTnUZsPi4NmeGjgCG9VhokEuyCReQQ3Mgq5lPIMF9m5BJBJjINWUTFy0rIuCDkyxIWrUvmKkxsWCqzL6temdgwLSTLbeSUokhmNFRPQ1+AhiEJgQIu4spmx9OuHb3t7wYjlMPyczcOQbjzi35zAiYjl0t5dOW2oSACvPBYXPbOj6+IropoCBQz1E0QCKk8oScWlJoip7cCh6v7QtETe4rOXe46d6mvrHLb9NTE4MT8tqpihL0tOEF8enZkZPyxB+/AJuojo+P//hd/5pkfvwnEOdjckMmaX37zPS5cI1mjUr5HPa+hHKG/Ro5MLGjkTA19vkc9i5AGFjnNJejp80kW7HoWPaxwIXoYotiNnr9AlXKRYBTNEAmhHBKCTObNl5YlGDIaZspcXDInE/mGXPl00OeDXYhCqRAuZ8r16iVocgRjAcUMiwSjRiAeDekFmS9Ug1i4AAyGLCjMVvnTl8prTbGZHNbwXwxZiJejDEsRHFGCLiaHSJHG2ZVUwIencnn0a2Ag58gUVgwS8hGIxsI1Ez6Rnhi4VuGvjJREDzd6Lrf1v/zG2eKySpxaU1nb0BQl8PypR059/dunMQiAAX673fbRR+6emJyemo41NdRhUg62aiwKFwuxolJqp3QJAinv2gtsWCpT8nQ+Ml6p3EzQIzMfvV6yJke0orAEQaZh13BxMk2mhkX/qIch49iNnlOfIytaWA+ZksvR0wsafZG+an2OzMVFrZ7TLmqXKxWZoiEiBwlOKRcZ8sos+dKCUUhDDk+LHM4rKPnjQG97w85DCJ1iUh8m2qBDwZFhdjbBCOi1xEWZ4uKwkivGL4AKgxwZeDABMjGPNdnExJh/6rOPYgfVhv11h+/9FbfX9/XP0+TAm7xk10/TTEguqdwzNT78sft2vXO+7a33r44MdDidLpxvN9jXWV5UU2oyf+vJ51xu79hIb2loe7jIhxNNoWlnV8+RQ3vdbhc8ne7uHqGhxm4iX18vivIRC66lJIRkuZmcURRp5BSol7MUIJBF5SPjQlYQ/lApZNJexXL1SOsxSRDIjc+nqCAWCT2laAxoCvzVEhKWkhC68er0lUKIoJEF6illMn2pzKtP6+khTYN9XBM9pV6aPkfoJrPLacEiKHnOzNQ4AQJmM2LQiH6yb3z/Ku4H76l5+5lWDA9jQAePuPAqMtzg8EL4Mhubu+O2/S+99g4BDhXTnf1w+GHPOUZKMzL2G2f+xWaRMtSQKPJcBbg0ojDiZnMXf/KxE1hH8fIb7/X3tGLXdKwXrahuwGg8TjevjR7B5EUEhpPx+URi7vV3Lj92//HWjj4sdDj9o5c/+bEHLGwJex5FrmXzeoVVNY/X6FhKo6SmVDwWaCanySdHqCFECWjIxyIol55YIvwtWqNopsHUTw0A8RD0TU6RFi2UzaRpjFzE6ZfYjCUSg8xQoKh3ZT8wIRaVFq5XGMeQDKVCVL4mCAlyQiOtsrqRPBpcBDX0ny5MD2bQgt+UXkAilAAzsIBjYnQw4KMpSDkQYlDEwYho6MeEdWRY9olxH/bEbqjEFrrw5oU9J+q4GnIThJIaDZEvyPRFgkuT2HXw/p7Oy6ZsemA4Bh/HlEmPD/cN9LQ+9qlfBSW28sN+gxicmp0egwuGHAyizccTLqcN6IMVtjjWZmp6+kp7H+ZdFag0n2L5WAS9rK0gFqUiRyZbSlpm5NL424S0EC7kyMQiM1+Cs+djMczX18iFg1gjTTsyBTru3QgRvAINBgmyfEpr8jXSNKX8Ud8SwWVIj0w9Sz7KfPlyFQL+5EzBuJS6ZMZF6fUEMjvqXVn4mxgbCpdWUHM4sLDOFPN0ckDD04Q5DHTYQgWkCXfIneGwhHUP3gC2egDEsDzmx2SzmMbCBOcACNSW1Dj+UEES8nHpG4tM0V7RUkZrTMyLNHe4NrF588lj+7BG9M//6r9j3azT5cPBviPDPaS12Tw80IUzpZHGDluYn9k/NBsoxYINUypteu6lN+fnZiJF3rvvOjU6ler7/6t7DyhLjutKsH5576u6qn2jG+2AhiMaQMMQHiAcjWhEUYY8Q7nZ0c6e1czu2T2rs7M7e5ZHZ2ZHsyvNaDSaoUhJHIkSRAcCIEB4EI4AG5YAG0B7X1VdXabL272R79er1y8iIyPz/18NfYLVkRH33Xdf5K9XEZGZkUcPXnIZnhHTHxLp1K+h4tiJBxUiBYpH9NnI2Y9tHueXTWRBgW02CfaUFQ+QRMWDejpE/XnphmvRoCjsGVZiAvKweaTLJqlBsjGGKyWSWz0Fv6GTjU0kLSG5yWko8f6yYivK3ys+TTW1rcggEIAdYZZHMeYuOOQE82w3RjcmxZhBTvSvSTXmMMooZa0tsIo+MKAchJ9UMMs3Mxg74OnrfBvyzcICdu2M3Wz0/I7gRE/V3J8S5ezbdRdfMzs9uW5V48/3HcWLXqamJrGJ/dYdO/Af8tzgwKla7CtYtogtb/B7jpXyq667s2vV2idfOXzfTZshGLtVfHBk5NZc7vrdl37n6H7plzOg068UFlJmZhWpJ140xblmtjiAkhQHIx47A8bhFa3zkDiJweY5765iu9nJSJXOBGTfFm3DPJyqibsV9X5tEkkkTjzDnK3Kuzq0TcDG+ZvAxG8jFZXzME6bk43BkkoiOctQ/xudTd0md+BtdhOjeOQ9SiVIDmYwYzIMFUzmif6LEo1pMgnFDG2iJIMjk56w/W/UEg14loY9BhU9Yv7gf/gBdnSemph++eH3HvvWS40NVep3jMVLwcbL0sdZz1ZLKPPc7CVX78Q2GrW11U8+89L42LDZL6OqBu4QL54Ib2hoxLv6qior8VpxLOis3bRj1ZqLsFJOQzM8348nw+oamz841Ld1U29L9N50uCZHrNn2SwKcIlkbF8jcD45rLdA1a/AXOFKGZfMbEmn2K1MsDgXy5Lwtmr/3jE9MQBxt3GlgKi7YSCbhP1MA2zBmCCwwLbE5CSWGaJ0wamKwB2Nrc4JBZb+9gG2xY8bUxDlMNKKUIvKLyTRmBccMaVTeMUnHpJMo3yCbGCA++KOClx+gELXhpwFMjJ/D7X/YbhW7kRmnUZpi7yhki5QZ7JBburZMjo3+6id39w+eg7LahqaZyYnNF2+GCX6FxiaxEQ+egGvEIbYZxE+sFuP+IDyqgs16sFJz8/VX/fDRx3vXb9538MwlW9dgb7D9H+zfsnWLcqQOWQ+HwzUoMJhbuUbCAstsK9lQ5kPJw2BZGVcmhjiTuHqnX3YRZ8UAFJZHNyFoaSl9e2zt5OJMQIFsUkBgWSZv6YXMPcolPxuG4G0MmxNncTMgOLlL7d4m17hVv7K2vr2z5+zASSQHPPBthiKcP5BpTP7BZjfLHxzjA1hLc2NnR1tjQ12Ua0y+yf/fJBuTZcwSrMk4eE9DNOqJqLn3cPcNyrxaYXcOIwML3JnlVTNlVRV4a/u3v//03MxURXkVNqAASR5QbhINdpVeXFwLcfVNLRNjw30nDtNSOfIOOgEhYpsxPAGPEdBv//oD/8fX/ginJlChEwbX8uSyGCcYrYkfikWay7I0526RlShLPGNkpcJ7Dm0rJoSVLCu/zLk8ulFoQigHEqOamDGxIH8liBCv11CPpYJEwhI5CZAoz9YsTdgLw7iVaxiTqkDmzEYZkA65kghTOfJkGZZHhPg5OmbSB1Yr8GYCXPY2eaS9G79vKKA+/38zfsF/5vfQVEYHr+298i8nqrsnMRf7JqUaZBw8J4Xl4bmZadxZg0O8eAu750X5JxrsLC5iSz1+y50/40NqSNTcUQTGIvFFO28+/MEb8I650sjZvo42s3UYsw0OYWsevGnP7P6FVRusE9fVVmDzkIpcGRZ03t9/Au/b/NGPn21q7hgbHnrvQP+G3pae1Zsigiw/WJ4Mlom4lWtQ8EdNJn5MCBvxqCQoDbOVE+U5Q15eKnYGZmt1wlIpljqIzfl6Df5dYvK4BMSEGbTZJmDDzB9O+Q8yC8hWiJNnuwY/g6UvheSeiesQacvlSXOtusFkBCQdJBq8mGV8BO4mJnpwtRv7+EW5hRKP+RlloYUNa/8lxjW9/+x/v/3Fu3/46J8dPvLL0cxpMZ9lKvEApJlJ4T9jzh8cLjnGa3zRn/xLqGIhlCdqblKGeNAJD/HjXj64PXnsA7rIveTT/NvavurowffwExetcMXqbP+Jmpb20aF+7MUzPoB7ius/dlkZsuSH7/70mps/deDEOTwsXlvfdPzoBzjvypektcuk0G/ibOXQbE7UOE2cyJBK7n8Cx7kOcRoSb5z+5XSjREtBUqusJ5MQiUCyYSDe/l3iXzOwFfduICXPVsjiKWT6acNkK5v4YdIEZSeYqAp8TcrU1DhWRuEiSivm9XXVNfW4coRl46aW9v5Th4ejd9pFUwwzqwIA5ZHB9qnJ5g/+9MaFMxvN7Sp1v7NY9i3sFwMALc8AZjiBNTYLucVyUxPVRaGhlLz3jTNqlfSpExiJP9dDZ/v2XLV9emYWr+hBUlu/0dwfxJ++k4c2b728rs5sYPjFT9/+p3/+1yiMjY1U19ZjFDN8dgD3/mHLwbnZWXSLmV2W5bBvIQIBjM8ds1GBvUuMrFR4/6EyVE7VoQL7malV9Zg0iWNTTsmEwNwUZyv548rnpRtmBDqO1K6XVlIfyrLJNozTFFePBMSExCYTEFvZeYqb7IIitAFU4xTPtmwFGFc6TRgZXuAYZVzsRfIkesQcCusUZukmPxIxOWVdb0f33dfMzV6B1d9/+OHzpi1axMGUanLi09Nz3R/uL6+YbvzlE3/95PyVJ6uvPWFe82fGPnAdZRb8wMfUoL4Mj46bapNvkHQwl6muru8bm5Z/saRmu8yhOU241axGTYxv3dB+4OARzBCn8MzX+R/cJI0813fqyOLi+m/+zfcbm1vRXlVR1dG1Bv2AjQ0Xy7Zj9wxMsvpOHa6trR8eXfvPvnLf1/79ABKZ0zXMyfvKT0zY9fkhun9JuYsSvw+KDYdOE2fejwPbnLLGpJtC9Dm9Kn1OjBSRWI5TKH8DmYR/P7nGhsURsklIgc8NsyFwnoJxJcNCOAkjQ7DFA+PkZI/SESHRhAxgEsn8fGNzB5ZvzP7ni4sfu2wzUsN3H31pZGgA70G/9qrtL776DmC0bFxV/eDUxERTy5Xrmx947fKbfvYcSN5CWsEKCDZsxlNIZhhjcks+xZjsFX1wTRqbzkBGY2Mb7rXDI1RSkrPM4p2hsQm3onD0yMnf/1/+L7xrEP/bccmlzEDgicmyxs0tuXLzjj28qGeubK6lpa2qcubc6BDmUJhhIUpsfQ+9Q/0netZufvH1Y/ffshVPOxw70udMN8yvWrmeRaLAOmWlKrNhCNiJYQZi5jzoBCvvIYfEr+JlQ+Wd6z3eC3oinB2gIH3b+mQrWXk0EUCaJIKlEvv3k3575T1BNkYyBJZZIcvjgmRgGFc6YWjlLJNNnk0L15z6ce0men2CmU/R9GH35VuQLI5iH2KzNjz/0mvvXvexHXuu3vnCK2+bjBONVhbK/rKx9rqmxgOzs82d7cfa2194b5+ZiKHVWNEoJgoM26riWjvu3sWTAXgjIMZKWDHB6AYXntHOneAUCYBdH7H6flRXzp3pO4Zt6q/ec5M0J1/YsO9M3wm8cAqjrIrKCizuYECE/5rbNzW0dOAOwJrqqt//vS9/7f/50+rWRrxffHx0EOFg1XnaGigRoXQhZTnrOV4n0k8oTfxldk2E/Hvn9+7npNYQhexdETq9E+a80Q2q4igUIx8ytd/QbmVDpiLvXG+bSGR4GYT2A1/8iy15An/J0yq0A2EG8k6LMrg2FyhAanaWmR+u2XtNfePU5Di8RPOe+asv2/zK3n1333JVVUv1xrXdE7j73zz0tIBcc/01lz7/Eq74mBUcjIgaGj48ePjG63b3t7f9wKSZaIkHr+JGuom8Y6CQV/GJO2/euWP7X3zru8hiZipVtogbi6mNZbA2/lMMALfmicL+Udu5MjOxjQ+OT05OnHz/rbJPXD46fAavYaiprUW6OdN3HKtJuLcYGfXt9/Zj0Wdg4Ow6vHh5CtuPlWHre3auCLk+pOCMiFM/MRTCzxqIRLlTh8od21JBgZ2EysR/6CQkk+UL4XTMXcCMyhj1EmO3sqG/IA2ZkAvsRcL8hKqVqZwMzl9sOwdJmJ9QefcfkiR2R17Azy7I3Kncz0wMTsO2jlVDg30m10RLL9E/NE4xAxUzmInmQtGYJRq5mNp55KCmxn/4ra9MNdTjRuTP9vUPvPPzfbAlNJZXowcXym6/ZQ+ehMTRf/7Gt3/3n3wJs5vjC1gcKcMT2FiaxcUg/Kbx314KQR6qwFOFz7Yq6s6Ohg/f/wVC2L//IO42HjrTt37Dx8B8dngSE73BkYGxifXIk8hENbV1v3jrxS07d586PfD7v/vL//rf/JmnG/39H9dKhDJkieQQZKUKRzahzCZ+mLSKQzKV/AMgDTOXiVn6zf3ab/8LPx3ZQApgtDAh7f22/laO00PIGKYKBHtgTJVYQEaQUzDCyxyUyGADVJaxAVxjx44mZ1yMdLYS4eFDxzC0mZmexnWo0eGBf/47v4L9pdpbm2o31s6fwNaa0xOT09VVVUPDo62tTT97471oUcZkoLaWxisv34kLQLimNTs7j+2pZmfnXnrltSefeRH5BeR33HL9U8+9gqHNQw8/1tjUgmnLnbfduPWmi77x734wMT6CX3XkpNaWxrSvduKguENU+ATwhAz8j7737ara2qam9mtv/DjxzC7gzVqtM1Nj01NTv/qp6//PP/wT1O/cteuDfR8OnD6CBIqXcCAvOL0rAUTo/xki0sngFIBgMxM6vaCSHcme5EplJTGqSR7GiTzvypQ0oDJ7lYmZKxkfKAJ4aRtiZWMkAwuggg1WgPBD8lKsxzLgNzzLsEhnODJ8/nPkRDIPFfA739bRi2vG+IOP10W98dYv9r5z8N47rq0sq16ba8ObpLCg29rScuxkX3l57qWfvmEGN+Yzj6kWdtu8Ytf2nu4uDMCw993rr7993z133nzTnhdefu0HP/wR7vczEyr832Qf85JcjGv2vb//+mt2PfnMC5itoAnbXYWIlJqdeIQv//IBjxonkqju+cwXJSfKJw+/ufOqu2bLsIA9U11diWEappEgWbd+Nf4DOX3V4zhl/zOzDWaY3cRW/oJtCE6+FsH8ILGRfmZuJRKnubMShtIv80iwhxN4R7qRjJLIyU6V0oRqlCEDVD1zhheYgTnZlmsYw00hBTYH2MNgj244lbAXxnAT1zAmWwHCWCf/DeAa5rT148Iw7osrz5XhmnFVdU00HzKDl1VdrZPHp6qryn/2+r4NG9Y/98LPcLst0oyZLkX//fy9ffiF/Pm7+5B6TP3iwj133rr3jbdX9666cc/u226+AXcKlpeX//jpFyLvoDT7+9VXNy9UmIvlRfxQmBw1M9vho8nuAcbjMtyxQ+996bN34Y13SJHIswzmAoNVwQmQAlL9DVDkcYfED9eJ3iWDE0wAJpT4kLKTk9g4cPCgxolcnkyRDaBOXIgUibEVFJGWHHkIORYpKQ7P4DiAJAksv733JSCxe67EF5hxUulkMAuoqG4fHTmLzXqxxjI82I9r1Z/51P3r13RPNE22TTc9+exLe3Zf+dcP/ggPLj79/E8prURJZx5XmirKK6NcgwViLPeY+4jxvDXe1gSGW2667uSpvk0b1+Feudm52eeef+Wp51667xN3VK2rWTi18PiTz5orU7nyxvrKtHfrsnKOJdUJYivmQYEYMEbY9+67WFfCvA83Iq1e02unMGkVUmZ3LJJrpDm3ysq4MjOksmI2NucaLmQjZHNVIEeK0+k9+yOayiUfSjfyLMp6Ait9zGAX2DbQxAljEsXvBCtM4CGPZS772PW2CbdyU0gCYtmpdNrg2YXyzu41h/e/gyvHWLxAcsALv7EJXv4W4MVF3KHy8euvzOeapYEMMg5wuZo6FEzGWVyYnhzHzbj4D+nj8Sefw7jG3NuSyx08dGzDut47brtp29bNbW2ttRvr+ivPfPU3Pv93338al8PXrduJqDkW7gFbJzcx2INhsF1wWvG1oSuu3o39K7BIjGtV8ltq8yTWkE7bnV0DKg5K0trIOE5plVhWtNK1LINHIROZGeDR6eR0TKaYK1WBA3C6AZVdzybsSGEYoOoZn6pAJJKTylzjFBnigvOIP33YrWzIXhjDqooSO/gxSMGrCExuqKhcnJ5swM0nrc2HDh+5/I5Ljv7s+GfuvwM7hD/86BPYW5MnTUgwmE/RB5tXmMPFBTx7iQlIVa4ci+h4mTrusnvq2ZdB+9iTz37pc/djP84//8bf3XXHTdVDtesqV339rx7E0AarJBSgHQuHyT3ABRvMTRkK5EhmFuZ3auBWjy8yDEEyiROcWQDT+guJOjMISOR0SlpewLNdOrtGskiTRLA0pLJtAkK5EGgDbJLAGpYqOWWZeBjGtDaGmzhZcI7gpsCCbYiH42Grno+3YYH8BKOgKiqb8S6UtZu2Hz/8PhZ3v/SZ28sW5t5574Ou091vvvN+V1fXE089d/cdH3/0sadwSxwuYJmFm8XFiopyZB+8hxepCodIN4YT+cZcbsJDRpUoIH/hdpV777rt7Xff7+1ddcetNLJb3H/gUPRMVgMeH48TLLtXdb46lMg4NrueSTzmziY2ZE6GcRPXMCZbATw2J9dIzrQeiSTRyglwCmAxThNujSssj25se9sfYbjeNolzk1jPnPLvD1eyeSqP0jzQ0IZJEpJBW1ihXGAW4KBQYC8FPhzv5ERQmESsv3gXNu5FIsOF8MH+40ePnTp8+PCdt93QtaWz/faW9raW+++5E4MZbIuHnIIXp9BYBgmmuqZ8Oko9KBO/yTbleJ6xEmsf2MMBSWrrlouef+Flc1W8rGzLRev/+D99876v3ME7h65a1UmGcT8pfLvzJZ67SFZ6TEI4JZUq28wglH8LgUeNDVM8iYdxOp3MBFacNpJhdpOy9RzatkwLK1nGoQ12Mi+nG7tZUcABX4cjMGoUxibx17BoJ49dyXim9WDsJrYKLzAJj2XoHmUwsBjGhNMSMpDBzmsshj0yJo4TzyWuWr3x1ImDGK10rMLKLu4JXsTsaU/l7o7Ftm99G7cCl12+azvWks2oJpo30QAHR8guyES4wI1Eg6GNmY9Vmr3QMUtqae386ev7tm+9aNOGdYcOYx9yoBaQubZv2/KNP/o+LlHh4QYWqQpxUhWMDp2dzAy2iRNvwwJryJH8W0iGTgGBrsk2EEzunGCpgS8POZGBwdqwRKlSA5vbGnzpBmaSBca2vQQAbwPYtyywVSCebW08U5Wio+VvNf8+sxgusAauQcGWyq2M92AY7CzYYvyzsIqadjzBhCzRu+aiE0c/GB8dxjAHm2kioZinF5EhouwzMDiMNzRhdQYVnGtQRtYwcydzWw1efout77BNaA0YwInyDddehvdt79qx+crLdzQ3Ne2N7uI9cOjYknIa9CwdiS9V5vCZSzJwr1KrPJQwtg0pMEkcg7OeraQLiSSArJHItGXiIU5OiIkaAr0ESnXGYmtwpxvGOVmkUAVgQ8YwQDZxJcMKL3g6Oq07zjL2b7VTp5NfxqusnHiFCT8kR/5ZWEfPNlyQGhw4gbzSu2bTeMtocyMuyzTgKSqkFaQW7MOApIOfKJo0FD3sgBpct8J4BhB8MH2iORQGNZhJ4blwcH7ugY/Pz06v621HMnruhVexBnT4yIkrLr9ktIyeAje5BtewZG+UInx48dBK79yxHjwwZOLHMJUqOK1AWIq5WJzUOA1KKg6dyDha29xTYzMvpxt5Smych1Q22YZ86ZFhNoabwgus1mazaxjM/DYGTWmzDLM5C+zC9s41jHEy+CtDSDhdTs+aX/vOrjVHD72HJxEaWtqwOoNpESZWSCn44PL2tdfs/i/f+G+AgRmjF3OBHGs1SDZm36lKJCazWlOFB62r2zp6sABEz3wfOXbq1Ok+vAYX/91x6w0d7a1333lLY0P9T4+/jR3IsYQ8NjbU2WleSoUPxcvKqZJ+ZugK4gkxdGJsGYBxpdNECk5VJlr+i8i27I5rUAh3TebheCdSaSjFLAFBfevP/x1+Fv++G+o4jiGki529QDzyJ3OiMtCEzG2wpCr6A9nklF3Y3jkoxnCNBxxOy2xcwHpLlD0Wa2rqW9s7T504PLuxEW9NwGtSMMjJTeWiudPCOB5xMrvD4JO/dI1D3FmDfIQLUHirAQZESDS4QRn/YaOG6amx+sbN5eUDC9EFqsefeBa55tHHn7zy8l01LeZZcCSmqsp5FZQ6JJHhXcFIJw+xhfxU5qCVS5PF8kI8yhfLc9aza4ahoJB+WmmYWGZm4qRfWJRtGYxM5JQASjT0bKYe3WRjJHapz8NjN0lDopIYbpWVMp4MZVCpsQy8sCNbQ7gLJglRa2PYnD0ShuttE0Z6ChjbmPlR2WJdXT0WiVtaO3BVCa9ewgAH/2HU0tiIVZhq5BTkHawDRwObMloPBi3M5+dm5jCHamptbMbIyCzu1OJ9mm2dFeUVsMLijll7zpnchBSGcRAsoieo8LRUnUcYN9lxcciMoYKNVIC0h+QItE5mpwwnUvllWlWfeOgkJzYeeiSSpALYUj0aFLMTSRiZaKhm+b4bOlad6+Fir2wSAmYrWbANwSknujZAmqcqqyzDtrYLjsuD4SYG2zyMCSkoc9DKP7lgIEcK5mcGw/qt10VzpgVs1ot3zmH8gkNcqMYMCPkCqQgrwEMjY929G6KnHHIA4Haardu3v/Ds41gMBj8OMeFatXrTlu1XYV90pC887Tk0eGqqqwozJqwuY93nlhuvfiJ6curs0LmqxpooTfml+Vo5Rtm3KPMhGzOSa0IKzOM3d7ayrXRESG5yGkp8hrKaK7AvSZXKLzEEmjhhTg3f+dafQZK928Ty6IYUK0abiwHcxDUy5sxlppU9y5VMm9ZpXJZhQrtgu7BlsJUN5qYMBXYEWiczA5jcCeNWFDBgwZAEizXmwaf8ko25Sxi3yXz7P/6QrjfVNzTi6hXeS4e3uOBZJ5yCBz77a5JkZrYawx/sHIqdJWCLR8zx9CYGR2ZXKrOsHPkxvpZTjTyPkiqkTGHK0GSZGdL2hk3LVIEFpwykdZjTJi0owIsTFuiCYR61Tv7A3vDQsuuQgtLAIxrw20p0ulEOFBfsVZ8qfOZDVqY8EqFdyXj2aGPQlCHLMKFdYBe2d65hjG2eWBNOYnthW/aiMYuL2MiuvbMXL10yl71N+jF32AAfDXyii1AYw2BVeGIMb1/aeNF6puIC5l24vRgW2BnP7GWRf2IzIohAYLl8147vPPTk3b96s5mDRf9n88ACx6JDiLG3YcwgLQCjehsvYRnKRGsn1jgZQu0+AwAAQABJREFUgS6yqbWjUzJoRmbDAlV5YMg1PKJx8iekG6JmuaCwWbiVwDYgTp80DLeK8yLZ/nGt/iIiEp+2E2TH2rbgpAkpbroZxI6ZxssoFnoxwjGJhpIMjUTKFpEjHvze40g2WIgxT0VFO4pLfpSjSdkejI9y0Rt+UeALWxFNlLpMGgMWmcYkG1yWOnF0UvHgkC+ZqabC+4EIVW8QLf0EgAsKpsSEHPoFO/nZu+RXSD+tNAwpMznRUloMkRFCThge1PhNfOmGBbFcJ5dqZSsGxwFUPeOzFcCmxjJQosRk88gkIeY2hs05LsZwE9cwppAC09IXa3wq17FqLdLL/OnZM/0nMVkaHR6cn1sTDW1odGO8oWQuYOVyc7PT2PDTLcAMiAxy4PQxXHUyA6Wl5xvyycbwmQVofLA2hEtczszCZ8rgoo+9n/RSS0H/UlfEdS93lPQRB5YYNgwBS0OUnSZMyIvBTpiiCj+0+8HJzzIksxPJgMBEQ3idbqQ/vxv2pwq2FXFyPwJvYxRJqkP+7qpvtu1FRkcubAy7ZrAHw2BPwTYv0YQUGkiz8mjuBo6yCjIOXhM+E+0BjklTlCwwVDG7YQ2cGcLL6nBPDRZuMMaJHqpcw0ERLfZqMBkqem0mrohH60DzDbW4xG4++BnhFweHR2log9sFMTljElngM8WC+SQyjDFcE14IPHeqo4ifbdmdhLFgbi1KAS6ImWdktgw4kkoC/aYS7OSPU5Iq0ZDafLphRqe/wMCcMGbmfgSMK8kkm1P+goZ/L21HthKuscHOAMMrmVl2BZlzE7Ol8s7mTqvo4YMoJZicQKMRkzMw+jCzIVOoQYrBokwVNjOenMR2n9VVC8wJSUQ7O4eLTfgYqomJ0eaqjojMHEe5htKNQUQeTSHu4UwmZ8H2SeTza4iWPjZsqSX/LzEzrWoNObRtiVP+vUSNDQshtzF2VxDGyc9gyeNEAkDguFbJ4C/bDJRoPvtrv8teiMFGKuZK/KXltfREtDL2HHK/ODlVJYOZUAG4HgX+FiZ+86RVXJkdkQbZG8U6Wxwd+7LF2E1sxWAPxm5iq6iA/YOjpBBlCrNwY7JN2bWfvAJ5onF1457PXI1nnbBtjUkT0X+0jTkwxJwXU16LR8mBgJVhMgvNhhgw/P/2W65/5EdPfOzKyx/8wRMzU+MzM1MY3YyODKncGt6rzvPLZz+Ky/xgWDgz24YU+EQ4A5EMSWdBYk05g2CnC1aoHDjBCpP20D+icSqRMiplJyq0xAXKYoZUtjaYecgv7/mAQ/56BUryw9gRaUhUAjYb43ShmJ0YT6XthQn5z6yNcRIiQUSjj+gHpwma+0S5YlV353v7DiDXRB9w5BQzHc5NlHV0r0UzMg1eWnC2/+TUzOTcbJfZFbAsZ566wr1983MT4+eaW82r7No6exobzIPj+LB4xUyt4T/ts28/m2pjwvklkjTHCbbrOUZJYsPQ6meW5iFl6YKZUVB6JCyEVmH8iYbAThdSxnlrNwotcYF0ikEpDj8kHv5Thi8Qi6FCgY6YLZHHBrAth6MwRVHI5FyAF2LmvxCJSmCL8drazbtRMEMRGpCYn/lNyzdtWHvgzMKlBw9iUy+Ta6LLSfjH+cG26vLT2rnKPEiFW49xjx9uC8yVR5OySjwbsQTEux+6StQbUELM9rOp/LWRalPloGya1deAvNvnCPVOpFSboaw02y4yKwlJNB7BUsl56UbZSBw1ZVasmP2H/HWRXxElxlaiAHEu1FmJg3nqbUfEyYMO2NoYD2FiEweraNUheBjp4owSDv9YQqxvmX9/9dqyw9F+EcgTJtkspYslDP1b15B/0pJSFzGhySzd0JRqsezsENaJFyMSY8R6qGALJuZUP5kzjk1+bZiZv1Rc44QVUSc5YpHMjAKHwGIYxjXhBWb2mzhd2EpAwsgCE42tx5dubDR0sD4uc40Uatsm1vAXwvk9UObcI1wvZVClxHCrrGTbQgrMzIMOsHElM2fwyyThtjYSG4BHGmi9ZTlRmKQQ5Yhz5zAVMh8a3SDT4CUNZWW9VCl/4lZjPABB6QW5JuKiURJlG2DN3AwfTldKD0dEMPxUAK53Fsg8lQnz2F8q/r4Bg32XsX2P87VizJC5oGQ79WfrGcWcQWGcGHoKgReDnbAM7kLTDXeHdCzL5JthdGgDbIl81u0vhA321Ni+IGblRxxxgYf3DCPtiDzhxzXRE5L5AUiUI5Amrrli67vv7Z9/Z67u49Vna0ZPv33mqWdfwkObSDm4XNXR2epko6mWaaJUE+UbSmCEx72Cf//9H3/yq7djhrVhW09rR9vHbrvkr/7VI8xmR8TBMgaFOJhdL63Slun7RgKImb+KkqqQr6Ukl5x22Q7N3zPhzLYvf41zROMX4yeUrQnpht3Y3SFZuKxgbE4A2cqntpDTyX5Vgf1+FEYcduyoYYWsHJ1DlbKXuLXwAi4qtXfhppupaOEmyj8R6eqe7r/5kx9GAxMzKJmdncL9NW530aCFMleUuMxaECHzw5v8gImteZTDNbrgDJY7h/9aOGGaK+Wx3dvOryJ/UZneCeNWFFh/IbKdtmDmPmFHTqTUE1h2JhqydbrgMCW/EwkAgR3pRrLEGUsHnrIyBzNdY8LYtWfNBhgqgIcqpImVO2ntSsYTuQ1gp4z0YBgcUpA8RM7X4IvrK1dJCy7IDzQQiS5fmyN86Ge+GF2WQoLI9axZzxqiNvMjEryUPpa48vlmcRGvCcdV8KuuvBzIaKU5V1bbXVZG8zjmCC3AFwngvxYxekIJFY7Y5ClQAHloJxc7AQFPsFTM0ktIWfUJmxSlc5Br+HEnZvYXnB1oiyESAi+nG8Y5WfyOE1v5DKmTx06lpkQ2BWCStMoVnnkUPw4V0gZkqGF3RG67YACT2xhuUgW2La9c2m6GcgTNgCj1LNnkk08uh/33mlrNWxNsRyDkzDU4gEc9e/DiKrOCI5JWtE6MiigrTffjNZVLHlL8S8qVAHUIOg6QqW0MN1GBTRKRylAdqu8wtZbuejz4nX3CquxwOFLGoGDDqNUzqJHmgWXphWWjQGVzmx+ISnGnH2jjsgxLl+JQaXeTArChBHswEp9YljxKCR9KTCJhHIDYEqlsAMtgZoVhANfPjUcZIUoMSA50OWl57oPX707SpsL5a+DmarjrgzH8movMmzDxMTx5JvN6Bk44xhNalgmWS6bF+7GVe+GOXx5mYEPuBGriQwYUpUDkIdfjnXnKryGbcmekdv/E7UrjlxTYCncsgwvn3eYHIqWJcYE+CJaYZeLYbHe2Hq6xwXG04fWJ5AwgzlQa2DaVlRRvGzInTeltAF+TzucFyg4mRSzi/XOYAd3963cYF0tTKemOy/BiFnTMo1dRSkGDyVsLV1+25d19B6juissv/c5DT6Hl4a8/gxtwbvr0FU/+3SsfvnyKSeIKFIJDeZxBTL3NAObSrXRAhV+5nVz490JGYMOo1U8uGQLLsn9oRMMXniSDhMn68LJH+fJkiuiUM7KUnhRANnFvxvWgBAeW2R0p4QUOmHuiCiRnGIfJ7rhJFRSADRmmAKhnjN3EVoUXaJmDfTFhLofXPJmxCGUIGt2Ymuhz5eWX7j9wBIfR3TY0GFkekjAblOP31jQsjWrEKCka6+T9RbTLV7ByzJBvF0N6bipRtxA/r/6wAPbLNRkEEElaQ+fvBf/WsJ4SPRxP/IlTp0L6J7FbdLrhmKlgd6hSAwD3l7M3FWHaQ3ZHSkL0hLtQ5OGGjPTo4b+rNobNCyk4T63ta/Ds+PjYKEYiwOMhppmpSWwuITPEkgYkHPwvNzR4et36Xif5EhITGTCA0sykaLRETSgTCw2pVq3qsPWAGT0DPM/fmbYoBVIOKts18dv1bMICbAw1MTIOwAzhBflbQ/zykR3ikZhwZoVMTDSEt0PjqCWhghFGVUo8lRPSjW3AjJRl+BoTkHDJrbZhqhqOMJFQAdiQ3SkA6aRWu4mtMhfASRr476qSVKBTZgvkQXLBFuZ4exR+vZua2/Cr3n/y8Mx092y0VQ3CxLOUk+PncJMb3r5QWYFpUC1c2OTllS35NeDFReCxQTqlGhooYTOK4VEkEYxueHDEheW+VD1DDRwR42zv3OQpEE8GW9vElkR+baRHT6omKd5OLvwXXXLaMNkqy4GJRprIsjNq7qJUf1bTpRsZtjNaFkFynUJlJKrM5mkNmcc2ZM5U/cKE4QV2pDSoQ4YxswJwvSywVQhYGkYzGzPHMSOa6F+8PgFPOWGvCVQOn5us6jFvc8EG6Ug0SDzSVpaXdq4hmvycikY3t9+y55EfPblx0yYkIOcSkF+8HRHjWYCN4SYUCO/HSHxiWVJJMbIsMYmEHkCIeOfvmvxlJH4bVmCi8cim8CE+7s8q2apeCko3HJgdjxKk2OXpcbqnSoYpc0We7RCcxM+rG+zOIyncF7MFirdhzMBOJYZaZQ3DwgtIDxHYzH1M0qH/pD3GItF/2KEGvmxJ9Y24j4Y4KHOBytzCQ6ObKy+/5DsPPyP48kObbOLtYG09UqSNF0qyF/3inZJSOfPzJ1LZv4z8ewrbZx77Hn6mvZUm0SkDbPHOs6B6yZduWL0dGHv1F2wFyj2Z2zA/bWAr+5L8skw8DEslhq1swkB5DLMZQM5jMcBsANv6C1hZX73xqnxyQW7ID03MPzBsbGx45iev3fb5a1COrn8vT39sj2MT43jPFJLL/IJ5vS8Nb4x3k3GiT1QwFLncxNgI3kWF6ZvNkwen/EfxoH9KdNGAdNHJVU6VZLuVvxISacPQGsIvSQLL9HsqRzT8KywZMv86E0kq8Sp8R7phiQXKkhFyGe75rHBZ1jAycyEtm+oRNmcBToCqZHCBBfbOY1QQciWTh3vncQ3lhWhwYxIEZkD7DxxaTha0uru88sKulgo5bHZjtjfGi6iOHngXKz7TUxNzs9242Q8LNwCNj4+iDS8Rr5zBcxKL09NT4SKXfCT/S10BZpu8kF5ix8zPNeEFWxJsbVWodCLDHcUhZaIhjPNXmH/BmccJ41YuFNI5RLL80l5eDw/0zSICC9zvsq9lGTyMYU4F4Hq7wLbhJjYJamxzYubhhg1w8qStJC9OcruSgyUvNkB5zw9BokGJSDH5KRbAZnRjLobjNbtdypYOo+EPikhVixi21De14gFx887wmlq8OXNgcBhVJt1gr+PqmunJiejR0CEnVbZKT/8Qod0JqpcAszEsJpGfkakK5JGV4BBlPiQqj6pAX3ai8Rjav+CJCahYnVPJWYau9kNlsagpYO7ZkD61MWxObB6A3eTp8fAmFsC/h1wTJymcHEhmS6VfgZmEXSuASRNmBhRlC/yM0s+ZQbwR3Ix0ohkQm7oL0eulTBNsjTkv3BgC8zGV0SdanDalAFVk4fvJJFZEPitqs02YzTa2wTYmQw15lOSyTIS2KhsT5zpVookjCUlAsLVhcYRx9ZVxFKoLwuMnT2ye1lAJVeZMuzJjDYhRAuwalsTKbRNukgUyDARLQ7tsk4AcXaSf7TZpwvzX2mQuS2EkwlTIEePnRnHRimtUYWoS77ozW4IODpzErqCYSVHCAV1DQ/3jT/2kBpe6zAgpyjbRQMmpStHaGAYUsX+YU7pTJ44PJYYNMxTC9dseWQz7tTFoQq4p0WIwpQUVQuIgiNXGFRxrNwRV4an4VSuzMywOwMgCC87LTEVxqro4UaftlDuBbBWAW1V9oqNAAPOji7CeymMNMo8GOPlxiHkd+NLYxOSJ5ZVip6uoORraLP3Aks3i7TfvOXjoaFVVNUiXGMy/WNOxWeyQWS2BCUCVNtgmzFbj51eS4CKtEj9/iGbbo1JV0sedoNAZgj00sRMQbG0YhxybbhhBBRW/Cp7BCsb1hRec8St3tioF8Mhg23CTODbFQMwYawBPt9IqQBxP2npnF4nF3yjLmNGNIcaQ5ImnX6TNt3CYkGrM4g5QlKeWss3iYnOjeRUMjrFyjEtR0RJQPufs+cRlD779HFr9H9UVJb3eBCXuLjpfopLEVhJlY6g1hF/yhJfZo5w9kTtJwjBZmaqcKgRnZrFzEMNC041STFHZ0XJN4WGTx1SEtlM2JzYPwG5SIRd4yEs/4ElUlcoXs3lCwAyotasX9w+fz0zpI8ol+Sxx3lNOTHj6xNGLdt4ULfwgt5j8Er1hCg8xGL6hkTEUUBcNkMyECpU5tZH6+Y7VEYcge4kw3MQmrIprQgrEk83WtrJVkQYbGaItECMTTZw7W1i4pEK6SIbAyYUrOQFlSTcckicSxsT1C0txFtjc48JpqCqVOdMyTAG4vvAC+7JdqBpGslMF4HpVIMMkcD6RkC3lCmSHubl5yWbmXLnc2LkhPDDF9RhroEwjMhTyEy9DkX9TLyHzA6YodyVOyZicCokh2NGl7a5EF0pSyKFUJfXIssSEcHowdqKJA9tOpSSyisPY9XFe0tYjAZGMFOmGdYfIUhi2jQuY6hmmzNOGF4cHrXSBMh/CpFhOiTOczUZKVbYwbrUN7cDPnjmBypGhM/OzMw1NLVHOWNy0ce3et/aZ/LCUI8bHR/DAFN4OTgzkgscaNBNEE1LN0g+TdVDGpOyRx56sr2/EI1dkazJOrqylzb3hMWHwM20vsaEdNXeIxHCljWdYgQV/CCyAvWRQEp5o2Isq2E6LIkx58RzKXkpONyzO1u3xoZqULXP6Yaq1kEP2KJXIMsgZw44UgOudBTZPZeWkUgzMnPZ63HxZfUcXXkS3iPdA4SUKp08cwhUlvBq8uqpydnoK9XgFHR4Tx8+29m48MIV90cmXErC0j59JNfhEmcbMqKIjU4EaMzqKPrwloDM0jkW5cIIDKxUVXPxjXwNC4IUnmrje4+7ic80nhU0YwzXZCmCWVLHphhVIdDaXthVxsgsGUE0RPbKLEE4bw+ak0AagnjHOVg6tKAUebrBTjzA0VVVWCb+Lt960e3Z2prerpaKiYsvmjY8/+Rweznz2O6996jfvef57e2m52BlFeXklhiz57GJyS/6zTI7EQ6vN0bscUA8EREo20ixrls2LVGIXtpfAHksUwi4SkTYgURVMgCldomFJKooQYaSNGRILygXhl+8qJpd8VmwFiQ7CAU4pbM4aqCabEr8L9uUvKNdKWCHy/H65NS6KRGEEwGPcnCYu3dr7s7f24+ffP/Tsf//Vz/zVtx/+3a9+6S++ZR7ki1KFyRZ4PjM61D9y5eURJj+aMf+Y3LOIl3DuffMXURoy+cZ8ynKYkc3OID2ZN/+Sfh6Uad7iHcd1FHsI7DHG24VEF7ZJYo1SRYlGbbKnMImcfkBgFE6nZCv5PTBnUyXXyvGnZCximeWyUye5amUrAqtWxcBgP0xZBR4SJ7sgK3lYLKfMGUhow/IMOdzOhzyylCYWF9asat9z9c6KivI9uy/B401f/Y3Pfv0vH0wMH7ljsP8ERjWYcxk2MbrBAcyRcZYGN+ZfbOglOXlQhkoOjQG2eG4KKRBhWhIb7xGWzUWIeMZ4RjQeYWweUig8ipBOgxIbxvKWRzfyO4FmFaSHgrniCkyVjURZMRu5o1auVOA4SRnqQ1wwRmpL5YsYCo+CGGbPzZvnJxcXsKXNqo6me2+94sEf/mR6avyqXRfjphusDS8szN928x5kiChZUMZw6c0/n7kwcPoo0svQYB8WepBzsAb06GNPI9lMTpj8Ultbj8laBZ6kqqmxJ1NxfZK504rVVx5hclwGd4WfF7tzPYnGI0zxJAorkXjpl88jF2z9y6MbfwAeCmXIh2wiNXFr5oJkgwt1sTYzrceQApF+48AKwz1AeNUqSRjpwUh8YBnb7uGxSVy3vmRz96mBEewgsbAwRw9wmxFK2eKTz778W1/5/PG5fiSc6mrzZIPzw3movbMXmwHecuPVs7PTvV2tePHmvXff9tAjj9fVNWEeVVmFu4trpvCKmGhiFRiLgnFXsBIFQH34GWGStAVy4f8bDE5bW7ijxEQTR2U79XTaivWVrYr0S22xS8UqVMUlKeKaVL0iLPCQO1F5kcLgQrWmcspUmUmUIROSDGrlQFJpCwRjlNF/6mhb56ryinoMZHC7zML8/PW7Lx0ZPYfXMGxcv+b2m687ePhY9VpzczDuDO7rm3Xf94xcEn1wu+DHr7/qtbc+vPTi3r/7wTP//Dd/aeP61dFcCvf4lSPJ0Dgpbg0oRLbqNJhwv/FYw8aEMAdiPGfE9svaiNwGxDlFrini4062Xwjj7oIGHNqYOG2p6hOZpd/QdKMUSArqcY5NNimrwg/JF3jivKh6xrNrBeB6WSCrEKS0SixLQriQi2Ul8ogtQZta2vtPHTn84ejH91x5yfaNY6Mb1vW211RXVVWU4Zmphx557P577piZWRw7N4wXe2OAQyJ1v5U3UnRXX7b57fdPYGC0pgdrQJeUl+cOHz35B//z7/2b//e/RpmGFosTeyIdAJJID401UFbyZMemoz4fTbSp2BRYCQO9AqAm86DmfLG+I5JR0qEZ3GforozphmPl/uXYuIYwdnezbXiBOdOy2XimsuVxk20VLjURSV7gwvbCAmxtibQKQFTVVWW40QZ7RyzML+z9+cGX9773m7967w8fffLO227Eas25sbH777nz6edfuefXb8MdgHjmG3sYO12Pm/dlmiVh7G+za9tqTMqOn8ILeRfHxieffeE1uPjtr3zh0NETP3np9cic515KVJZD7i42Tuw3IG0MmzsLthcnLLHS9ivPaamfq4Q8TyB+bRSajXGG7PHixHNl9nQT51Iplt0Nr6qVdcQV4rzE4RPrlQDwY1wGK/ckIpEuGMD9oARIAtXEJoRRrdKQy2xCYAygKs0rFubGRgdr65tmZ6aGR8zwpr+//4rLdr31zrud7S1L72+JLjAtXcNiQhRAUlXXhWkYlnu62uqfevnDS7Z0v7L3vd/5jfv+7R//lclDi4sHDh/DJluYTGEXi6bWDmmeuUyxhERtY7gfyLsNYFXhXtgkVYFcyxGN0gY2j7xUvsCcisoGh2hL60WGkDrdsCBbq+TlsoKxOQFUK1sxLA7AyEIK5IXHZaBiv0RbFO/EmYFKmShtUCgBsV7Mesri/DzuK57FZaPh4RGsHL+2962uzs5f7Hv/Uw/ce/st19OV7aqqWle2wfhosqJmHjMvpJW+M+d2besFE/hee+MX/+N/96UXX9mLAc5tN12De3B+8vIb8IZXypQ1Vhd+XmR0admUrbPrYnssrTMvXiYaAiptqHTK87LqxmLFUgptUmtouuEesQVJusSyMmdaZahgqrXAQ3Zqe1E1jCSPqtUvg21TWXk4bR648A/NkElPHO/HRAlDD3xwRalnVVdrS9OGdWtb21o+ef89eGnvhg0bkUdwsRwPN9TUNeDh754166UMHA6PTA2cOrZYNn/q+NwXPnkLRjpIXi1NZty0+6pdFeXlP3jo0U8+cA92RDfrP9GMDJzcA+G9RyZ2pFJPhrIihBdeOGORCpPBizKxE40C8KHtmlV5MNRUoh5TfqWXcG1MwoWEdMPUdo8wRSEFomUvTCXD48rCC2lpVdRKp2pleWm9sGGqAnlJHpqZi9Llza1dZ8+ceuGVt1qb6t548x0MdswF7Id/VFlZZXKNubZk/kHGaWxvljLIy8zMQntnB7IMbvb75t/84EufvesLn7z5yOHDXe2t+97/YGZm7oH7P/HsT16tb2xBusFj5Y2Nq+iuYpuKa1TvrWSnwbXyDlUkIE4e14cUwhNNHFuIvBXuMZaaqA1IG0Pmy7f5SRB3fZwZ+y6w4O8ylkFeMothnswMTgFMqzqhQC+KzT6M6zTll2BII1jKxePamOYgBRi26PIRHuPG6ObRx57Cum9uBvcBm4EJ0k1ZWT7dSC8jo4NowpAGBDW19X/znSe++qv35nIVdXW1H+w/uO3izdOz5p1T+CBxwUNf3xlbtlMeX9AEXgFshkJqZDhOHuWd8BKpALKJy4UnGqZSBekd2lZgdAYBcCT9Kkl8aGPieu+82/wQAyhKvWhKYZBWWyjHgIJqVTGoVmlIZcYnIm3bkBqmZUfSL7eGUIVg2EsgM8FwDbmyphGrNiNn++bmZ/vPnDVToVmkB/O2lhs+d01ba1tFS2VrZwfe2fK9P/sRMoXzC4AbdnBr37mRszW1DdfvvuT99/eD4Y233vnC5z717b//7qcfuO+Zn7wqM05IRMAkj84CieJh1G+BncY0Np7734kpXaJhd1SADGhLK0+RJB5m6zSmjZOXn0wRe6nPPZ8wWw0L9RSUFbORiWwtsLM8GmQTC5CuGcCttjzGBBYKDccMZ8qra+traxuqq+vwapZcdc68nQ67o+cqzGjEfMy/5jUudU12OKbNkJgPrqBvWt+L9WaYPPHU89u2bsEo6dTpvmg+Fg1wFss8NyiDKS4c5Vd1IAwVADX+T5wjv1Vcq+2d+OnyNp6rtAFxVNnq/eHY3rN1oN9LNuWwInn5yZStVdUo6arVL4JtU1n5OTkAhsHLR2dk7pTHUqkQ0htFOfcmSZRH/y8v/8krbz5w157X33zHTK0iHQ31dblVg2XvmQNsglNb1+hwGm17bnjwbHiu/NCx04cPHcQg6b577uxob/uLb/71tdfsNjOpaBkIPNMzapfSyFN8osk3n/+P3T/8RSKgDWACRwjcVryCuo9GyYMfj8JUKrKFY3tPVAiAbZVKqh983mTKA1UilG7VyjzZuonNwwvk6KM8OrO7yNOH3GRbhfcJIdEnJ04MNDa3trR24REEmihRokHuWFicR7l+Zt3i4ruEx0CGnLIG1OcWxkeGFhsam6OMY/IUCvjx6GNP3PuJO2h8hGSDB8HrGxpx2NTYpnQSW4HhKHOpkNwBUBRHSrx96Jw6KXmwciq02Tw1xQ3Ho5D+VNsAj7YMTQlXpuIYlSzZrWjiQwWLY8tc73GkXDOSfKnWRAFkntbKT6vYyAUP0FSrnyqxNZ8mojHO0Mh4NLKhnGNMB88ORwzR4ISSx1LSIWaoqmnoPtN/HDxj50awASAWgzC6wYIODWpwWw4eB21p64peoTlOVvSzFF1HzKqL4Ih8obV0Tp2JRsYry0ohC2OMDeCm0oXALlCAAHJEf6q5AxnjUciYwALIM6Yb5YA0kVZeMwcGNUWUy065U8LJFZIZwKma2Avpp0MPRuIzl1kPD9C4pnABWGfJYZUGN97ksw79Y4if+/YL1+6+eqh2/OkHf1pdUxPNhhZxBlmGjKi1rRuJBkOkV17f98Bd173+xjvz5bhWZdIWlplr6/FcFXJVfqyDNEQhlLrr4D3OURH7kPoBuabA5ypVbyiF8EIA1CskCSj6T+XIdhqnMK0SclScdEOaSKtSrOSq1gyiYVIgiWJwKpQRpRWZCh/nSMXoFBnoqKEOjxfQUq9JOs+/9MYDd1//+ptv07Xwvr4BM0LJ33kTSxmlKPOYAs+kiHHJgO5MNtnmgd+6AxvfVNdV/86//QJa/+pfPbKEKfK/3Ceqr9iNqmd8HIDr7UKqQY1tHlejFALGf63jvhhxVGnrA/lthWm7UToqKN2wY1sTB6+a2IQAqpWtVIGtAvHK3H8oOeGIzzescChb/TxpWymoQH4F4w4hp6pVKcFTCFW1JktQgoiWjc0BwaLRCBIO8gUNbmh4ch4HBjunTw80NrWZpJOfkY3l7ZeAeZ6lw2PlR1oXzMNTLNUvcsku6N9UXceMtgDWRhgbgPoSJRpWxQUSo8aVSiHATpFMElLI1nvMbAvwiESTxGdJN8wuiViNv6BMmApWqgk13Go3+b1kaCVfcKR8sQbiVK2ZHcGwECplGyeS6ulVmRiWmGRhfpSfHR4zymXCiPJNQ1Mz7gkeH69UX/p8mMY+n7MoeS1RRET5y1KUdsq2v7PQtwY7HC+HGScyTx72D5Go8MNMHSjFoxSqC08O+yJVeYJSCuFQiUSNjfHognkqvIeKm2xCeOFVSBldinTDcdrs7DhtQVIxP5PIVq4sboGdxvlS9YwnGarVr41sU5n4CblVcWKAhia6CIUCcgeenGpsbmtu6cTKS01dvUwWr7/x9t2/fvtTZS+L6ZRjgINpkkhYUdIBS67skR89+alP3nu6D/sB0uDIiIL94KaespnzeJTItD1Zut4ziqMPK+QRDZxKnQxYsij03wxB2RqkQgiyAaQyg69s4ZEj9ReLKitDVr9WRii6iRxRl6HMh55OzNYjsMoWlDqXUmGcSMYo28zKPYbkyz7T5h5izhZluede3Pvpe27a+8ZbS1RmMoVPlCjOyxFLgCiVRMOjaIiTe/6l1z959w1IVQJgzM2ULOyjeoN7ia0ZQE18yIBSFDjRELly6hGZQQzYFH8GEpgoElukM5ZsvhKt4oIikZVYaacuJiK58M66VTyJLjMAyJd0JMsgZDFErlrDPTJPZgbpS5EwuQcjm4pYtjuQySESt+5hwkOZgn4ODpnNzDGxwuNU+TyD4yhdNDY5XoBZW20eesgPiyKK6HDph0gyP/jzJ5pbOy+9fuPf/+GzS83J/6qehAEi4gF5sn3BCJVonHxOkRJpA2Qrlz0nizGZC0oDfye5AGaFyexLGoYEZSZTMsXI1KOaJHWxytwFifErABtCiWqK0xbSHXG2gfWsRMrjMrcGsgXCQuNCjojyi/mX/hOLNzS6GcODmhWVInWcJyEyNDawN0xoNP/nD42PohES12UtUFBymMbdSJRF7MyQRBMXh5KhRMLKCVCVceQF1nu+GEpn4XpAGEKyvHZDCtSjHzL7yKxUlI6wT0Y4rYzN33fcKk3CHaVC+n1xK3EWqIfZAnnwqhbcmGdSRfR5+vlXP/fArbgtGE88zSzMTUycwzCnpbVzamoC8yEmh1Tw4xCXt2oajHVTa+fZgZN4KmqQ1ptN4snhsU8zRMJnsQzb64yfOzs1gZcCZ/mQazsoVSMVwo1qDXRcSKJxurBlsE4aqdkAJ0+BlXF9yLRKBouMA3C9XUj0JU1MuvEYyBQjUw+sZJNk9Jc9vvyGnta4vvtInWDoj9NJoalWT7wZ+hDDhGPHTuNKNl4UFe3qN42hCN7LgDIcmZv06hpqampNxohmVug6GlnAl7wzYElVND7KD3OW6vL/gsPQtHe3q4bEw1Rxqe4iW+lCAWQTykVPNIqfDyGDtHF/chMV/DoVOPEwVR8ym60hsD8Bs22Z1i6YRzQDDVR+kdlHNdluWH2gL5shQ43zBBddAIWWgVaZcBdRpKqVKjP7gjmyC+Y/PWs3D505hatU2AQHl8PxZqh8x9JMKD9EMXXsi5Tg56lTAw1NrdFMysyisGfoZ+67ee/rb+YZkKjwiQ5mp6cnxswO0IEf9hWIt2F2d8X154olGhIJGVKbLDNAhmMDZKu/rHz5wf5WW4bqTzK3YX7a0Ec0bRaZYmTqAVI2kcq0smx3ITVOX8q17DXVFOKCMcxTCAmzoaB4mB9NvGKqMNI8sdzUiMxi5lH00xSWVl4aG+qjRIFkkf8XUydK1g5asoqWbmQrZ6rxcyNmI4v6/EsdJMYuO0+ZDctQo/oKjniniAxsGUwCQ7N1Kl8KoFrpMNCX0zawkmWQL+mXygzwEC6v3XhAiU0yvwDsyT6JVBkAHH9IwBLDhuRUNnlkrMCphXcSQ77wm08FFhwo1Y5iKceYvPPUsy9/4dN3RRgzLqEP3enX07vKtgVgdGigvgHPhZvGKHOZf5eQi5Pjo3Oz09iodHpybHJsAmo9OikWD2CJtjj/ItfIbyn3JLMXUUkhodkylFQFKMQXxx5egDslgG39OglWnHSjXK7MejOcFtjXquP8/cWtyopjL25Bhaacshg4VU1xMpCzjh4+0dDcaoY1JkXg/9E/udxifufPaHATrd9gTz97dIN009LePdh/Ei+QQVqZmZ463Xcmuo5uMhWWoptbO2rMvuj5gQ6ESZ0sVYUWJ7hY9c7Zk91pTqlpNZQiNCW1KDrTxgV8Ymh+nWAAoGjpxqNG/lUpysCHe1xFmKETpYliYy8rueQccl7pzLFy1kk1KgqGmUJ+IGKGNvQZGBzu6emOMMgYC9HKCy2/nGdHB/XRO8SRU5Bu8GBEZdUkXgmOHY5BBQCmT1gjVrf5KTHydmfIVq0Ol4VVORNNHKUSk6JXI0bCK5I4X4XUkwt2p3SCuRQa4CUtrY0HSaHphqO12Z19KlMPADL7qCanObkL9OVkCK+EF3JHf+c5UjCUQgDzpyVXeOahSGUrMgru68M9eGcHT1bjqc0oTTz86BO/8wdfRhM+ZlyCbBMNcDwdRYMj/HzquZc//6k7GSmzzSuPvcP1KMie5HqPVMZkK6RKNE4Xst8A8EtFq8I7OYtSSUrYHReY3C+VYYEF5S7QygmD1IzphkOyo3V6iquUKUamHuBlU7HcxclQ9U53MlIGkKFsUlQhh8RWIAk7UjxSak0VLk5hD4pcebT9DcpPPP3ir3zuXthSuqGUYw6ZzipQkqKMI8dLUbaK0LxoHB15ovNIhalqtYS4KwpPNE5eJUb2qhNfokr4VUpsRwpgS1UAm4FrQtwxOKSQOt2Q+nDFISIII/MLamT2UU3hnGmRgdGp8NUZVa0eDYHuPAyJTVLMyNAgZRuz47Apmf8wwzJzIRraRAXkGnv3T7RglHf8eF9DY0tTS+fZMyerqmqM91zu4Ud+/MUvfMZkLMpahsT8P210UirsVa+iRgFQIz8lSjTSBZehREWn1PqlMk94QbkLN7SVhEjN7M4vLHZrdGXGEm31ClmUQ7jDejOoyJ1MPagsevYpMDrVJ8xGXaFaqZIwziYCFPcnucP7MPd/eLCtA1edkGfMB0OV/oGhqenpu++8+ennXkHGoOcYkCywzmKvFudV0RoQRji5soEzQ/nsghxjxjU0MDKlAqOzzeM6diUTDXrAee6U2jipGU6r010GHjbxSyWYwrBtgYX8fTee3il6tH7FTncqvxQx+zjd+RUmtqpTpfqWzBUmkTMzQAWIffbOjQxNToxiewoMcCjjIG2Y7YdnpvES3tb2zulJc4cebr2JcWomUrixJkos0cCIcGYmhg8SzmJVdbSqHGOfuVp1GkL7aN5KgwBtqSpqBVCtfIgYA5FskrYg+ckdfuI/5pEArsxWyE+mFCOcFeXWsnBNHJ5S4mTwZB/V5DSnSvIY4s5DEtJELjjAlfHO7lSADfUVuar2+fmZ8fFRvOYFzzo99PBj9/zGrRjmVFRWmS1yosViiMS1JyYhzaDCPqRm7SZXPjszg3v5UP7x0y986XP3oYAvTPR2cJNwZmamcGNxSOdkxtgjGlttZnKnIfhVZzphzkrbMFEtAWxDJ3/hldKdcqqkwpcChHvXazdMzQNpriHSzJ7iNMk44zD+epliEgc+HE7RA4kT6QmQxZBtUSR53JEXPCHV0obbZ07QowwYjGCIkiuvMMOSaHSCZyzHRs82NqxSesA8OjLU2ok7d877LAUemS/Pp5aqi/2vnWjIg61WelatsimxnNiliQw2QOlR3wTgFcBmKGINvHvc2U1KrQ2I07acbuL6VHFJT6opzoeznnkKIbGZZepBq8w+cjHINixFTVyXsi8VO/cJAVQrW8UVEt2RYUV5BTJONJOKCuUVh44cv+6aq2jtxiy+0PKL5QZ68BgnZZroLhtzWR3/AXhubOz+e+/Crl3GCA+Uj5/Dm636ylI8NmV5c1TEJRoH1Pp1zda3gV3qFJCqks41u0NBCk77TQh3zR7DTYBUeqRU4lEAJs8vFdsUjFAFSSTdyHplog6zRahIAg8p+5BHmuezoUpMXF94gbslvE/IqcIzD1pVkxKZqkvNik1FlHOivIMjsEWXp6I0s5Rrjh87ySNcdofF5v6B0YqKStxSjNkWLf0MDA71Rg89TE6M4U3iczPTdfVNbFKUQqpE4/SoOlD2LfCqFTWputTpMW0lPLIMLhCJUotKBUjrC/giBmiLUYIJgMrsj2iqmJ0OZC8wwBYnYUUsK48qv8iBj2rKrIE8FitAycOxkDZuSusRGaTv9Jm6xhakHJN0zKfigw8PfnzLbjBHc6l89FXV1c5+wIrPxOzM3Nz0/Bi2AVycnhqfm5slQ7OLRW0dnmOgZWapmQU7OT2VhScaJ7nSI6Wu8E3kkJd4EpVaNuHQbAA3OQvwmNbEyRNXqcjhjnp1eTIVZxlYbztQhgqgWot7mHj+4E6mGJl6VFOgsBCPgVROmOo9Pn9OsL8Si8L41NWZt+tGGacC985U8U4UZWV4pBu5CBeqFA/FiIFQa3tXfUMTbr2prqoByTPPv3rzjXsi8NLQKDqQmvO2S4yyaanO8S/OizxNDkSRqkgPiURGRkEKDlSbQQt5ycCvTKRayFCtUlhmj5IkVZk80ki5aOlGKUDAqgv40NMXiiTtYWYX6jsdnn0ye0wbmsSTUznTYRkE8/dwXWOzuew9a7LJ1MS5qanJ66+9qmyk7H/7n37vX//hv1+Yn8Uj3ZMT53DhiZ0Sf552aDw/Msrlx0fmXkGzR5f5GfdRkhIFl2hQEycP9ZDEIrlA+ES1HlpPk/TogYU0BQouoscQVcAojyVJN3R6VBewPmqlwzgMgwMLfo+BJAzzZB9uKq5Hdu0pcL/ZnaZqGAk21YSaybHRzp618/PzmDzh4nf1xNjZodHVuc6hkVGsudTVNUQPKOSF2GHWY7E4moJFtyVXYh0H2QdoPFWet1n6x3OjoFIlBdMSG/fzElkJ/7VjVM48agmpAMrcPkz0aJukqlF64I7vaym1a9bpdFTMdEMO4E9FywqoIFvZJNFKkfChMypuLUpBfvXDBz5FcU0kaWOM62Gwoam2sQmb7WHdpqa24bZfvhoru6u3raqfr2msaTQLxrnc+NgIEgouUJ0+cRRrwyoQ3JuzYIYy+JhJGY10ZmfnosVmWJt/cSkdyze4ai6HYIpHHpJg6lu6gMhfDBmLNClKOW3HklNbEquNA7DabB7ZPHNBnYhwwdk8gt/uJVAVJ91k7kSpKVUXMFgyZOuacCs4XbGtfEhV5o7loFT/HDn4wXW3fQnznlNHP8QONbjjpqLSfAfmFxYOHDqCPShwb01zS8fIEPYJbce6L/NwAX8naxqa8/Op/HozVn/Mxa2lTw6rPxg6dfesWapJ+NczdeITTRQqnATe+ObCO1ZyK1VxmlGvkJKkFOW4MJWMOMEZJMV5JKqC0g2rVOozqISJImFy1eSPJ5trvxUrUQphVbqBT4nC7F6zA0u8mP/U1tX1rNnQ2taMVy/MNJyqHV5fV9eE6RCWbMZGh1s7epAyjh0dVn8VETJqjh4+WlFVPTc7g539liZTuU/ceSvWjHEtHCMj3HQDJBKT3WOqqz2JhpCKgc+Fs1WROw9L1LHSl61ZzmVUqzQsYjlVmEqS6mSoUoA4nTD0IzOmm1TBxInz10vd5I7Omaz3MxTemipMmXrgWk67VJNfWCqnfirVWlnTtXXLlsqqyoGThxcWyvpPHtk4fXHnusbagdr5ykXsy4dxjXk5TE1ufHTIXK6qrnGuv9Q3teLVd80t7UcOvFvf2Dw9Od7UWI/J1e/+5pf+8m9+UBM9MIVVoUMH8Thol9LAh4mJhpGyoM4+9RUDVCvXcwH4RAyDi1IghbIf0mrOIKPAMO0uCtEc4nT5Nj9EZbtRobLXRKQyLOSQndI540PiLJES8lIIuUwxMvVAtmySPVO4U8mmynNlDb2rN46ODE6MDdfVNzY0t+FWvTUXdx3/8EzXRU2nB4Zwo/DE2Ei0hFyGLfvGzw1jPnXqZB+9a1x2Be6yqa1vRH7BXqLRfcblZ4eGm5ua/vg/fr21vRujG1z5mp+b7Vql131IUrZEo8KhQ6kKNZ7vRkn71qmN9CiFqFQ1Hs1xtJ76EoXp10x6FMYp8rzb/GTkyrhEYTg1caXTqVNYeMBMHldwOo0DB9ar/CKzD5q421VogeQhsNnFhvWbdgCJRIO14eGhgcGBU8gI771a9tz33lj35fv+0598G4fIQWZ0Q8895XADzlks/ZIqFolNc7rW7sTAZ2J8uLO7dyHa57ivf7Chvh6rN5hhYVuL2rpG+JqZnlCDoyImGmfUqgNJM09kVKuToViV4d8ipYr7mZSoVr882KbC+9k8rdILC+aCbFUk502mJI6ML+CpglCpR+nmQ4nhgKlVNjE+rsC2qazi2Pz1nH3gVKYeWHGTnyFVK37nu1abSQ1SyekTB9s7e1srV2HqdOkNq372xAHzjFMZhjOd/acO42VUGLPMzs4g9WAy1djcPnYOu1WYLzF3y+wsNiiuWdW7flXPmgP7Xq9vah4bOUt6mtu78M7fB37zDmycvnHHmua21stv2va3//fjaC11oiEBzp88keFTTDCOyGmVuZK8ZCZXhoGaC3SaLdg4p0ozyDmo89KN7ZXnL0zBlja48Jq4AAKZlTbWDHPVJAkLdCqpwsvsVOWXomcf5JrGlnUQ1nfiICZK7V29SCUYg1x6Y8/PnjzYf/rYTdddMTU9i0fAZ7BmbJ65xEJvW662AXOisXNnG5s6Tp7o23zxRRxaW9fq1RsuPnP6KJ7OrKqq7ejsxWBoZMzcNDiDLXJqamdnJquq67DlDR5uQOUFSTTcvSwbBfUdkF8Pu1UahpfBqbyE2zqRis2puehOnUpUpcep0gxDlq3TDTdIG1lmALmXTUpQqkOiLRabrU3KZi+lcJoYtd+pJ/uopkRHAODGmbUXfayrdwP2tTl9/MD8/Fzf8YNzC7O777r4ib99oaKqBjuBXrp1zWtv/gIJCHgsAJuNjM0n2ppvsQyjm+gw/wPX0W+8ew+ugveu3Tw+ehbJ6/CBn2Nrm/r6LqSn+sYWTNZwOw9uuqnsHMTjmuC56rq7dl62S5KUuowe5lPs8aUw8hsCK9Xq4aEm/2lNNA8EKFX4W0IrayxeAQJpU8EyRMqqltNNIAtbkkSOE4eqKSQGNs9gG8LPGMkPpzxJZMAKFAJ7WCqRKSbtwAe55uJdt2L1d3T4TP/pI9XVta3tqzC0QRbAC3xn5+YmJ8e++Jk7qqurLtm26aGHHmlsaZ8YG0XGoSc1x88NYcLV1rl6bGyYl2B2XXvf6ROHsUazWLYwePr4RduvaG7txsXv8spKXOrCiAaryNgScOuVm2cOzZctDr/1k/erz9+mS54IGWlRyhl6mP0qYfzNJIBqZSsUCnEqeVKVySnPE9k2XDabpCqA39MViVTLV6aysUgrGaqsd4ogcCLMaZu5khXK88SVoC2RnqIEK1MPpMrso5rQilzT1r0FF6Fw/x6yRs/qTViROXX8AJ41uPHTl73x9FHcGnPDFRuqKnPYqPjtdz/AMo3ZyKYsh4Wc6Ca9MkypYGISy9IHnFX1Pat6N+JuQAyUMHUaOds/dLYfI6Pp3nrM1LA21NTSfvHlmw69e2wB6SdXBhju/0Ny5w4vUW8XpYeXAjX/qm+ClM2tRXcqBXjK8KvkMVjVO2UzOFWhKMGed2UqlXsbLEOVcTrrZaVNVfQaT2dJJVI2NMimbJI8frMRspVMMTL1AIBbnzfvvAmPWbZ3rTl14uDM0ERldXV08173tmtaX3r4PYxxbrt+Z2d7y+m+/j/9r9+mzW+wNozUMobr3w3Npry4ODs9iavjjY1t9FLNtZuvXrV6k0k185iaHWzr7J2ZnqQRE6ZeeKChs2fduZGz7+89jJkanpPAfYN4EBQMp0/1c7qRXVqU3i5dD3NXoyBl4xBOeYCMsmqVhsUtpw1WCSNzlqRaud4uFCvG5cmU7aOQGhkJBUmnR9YXwh9um+oMKXny9KgmvwA2TGXl5/S0cuohvxPTuYG+o5gHvfvmC5suvgyjD4wyWjuqN1/V8Pz338Lteb/xSzctLC68+c6HL776Nh5laGpqxeah2McGWQM3CtPmNRjXRBfEFzHiaW1pwHyqe11P38lDnavWYiWopq6Blpwx0hkcOLlz8xWQh0R06+eueejrj8KyFovN0Qf1SDo8HZNRqM7hTiOMapWGVCZ8Isw2LLCG/HICBZtUXjo98FIguTKXshGFaqVeIoyzKUM3lird2FLo9IREaNtmqGFHhfSUtGVCiJH1SltxT48i9xyy37HJsu2XXoa5zOmTBzdtvRzDEOx3VVNXb27ba1yDyc4XH7hm71u/eOm1d8fHRmtq8cBmKxZ3KrGteT0eaJikJIOfZnxTtoilYkySdl1xeUVNJ7x392w4fXx/dU09rmRFbwqfa2nvgi8g0brnvp3P/MOrSDoY0UQzM7NHOv4LfDGD6lXZ4SC3W1WNp3OK1cSdrAilEr9sZRh4GOc30DwOJmUDYytHjcLEUQXWlzDdsHqpWJZVhKopMAAbtgLnhkMj76S8RH7tAFWN9IsrR9fe+isYcfSdOtzRuRq/6u2dPRjanDjywZf/h/vqRqq2/dINr72574Wfvo1nnWpr6yYmRutqG6rMlKkVaQI7+Jm0gTyTy2FWBQyKyDUYm3St7Qatuby1MF9b34CnwUGOxZqBvmOfve+Gtb0mGS2OLYwOnQEXUhueh+CnNhub2k6fjn9rlYpn6VB9H5x9voRdiX8hQElyelWYwmUH+nWKSVUplcMpTjoue7F+2ZqKVoJLkm5IYog+ieHAoE/WS7n+crhfP09iq5JHJybRqugAFS9yzeadNw72H8fySnfPejyjQOssZ/qP/69f+/WZYzO5+rLDR0+++OrPkRmGzpzCeAbXmCbGR5BcSBvWfHHRKn8iFhcvvmwbRVrftBrDIDwehcx16MO3cXcOkLjmhWXoltauiYlJzJ4Gqs49/M0n6hqasaCTK8PLOXMoINGoS+mZOwFKOF4U8iIjOnU6MruIM2S/cQBPvdImZcNKtSqeQvwqqlSH8AthSlsq5XHuipxuCukgGZ6MTdbHhVGI3zjOkHrye0Gm8ZCnembzjhtwOwyWV7AV8cDpo03NeJ/U/P03b2vffs3Pn91/bmK2u73hH374HNZocC18YRGpA/f7zWJ6hQ1uoutH4zhEktr39ssg5/WgsalcU2MjZk8jIwPjo8PIL3iCAQvD+Hni6Ae37tnZ0dZ8tnbyz7/2ICZVGO9gGoXLXhOYuzW3yz5EUpYdJZsSy+r8qsDltwVUqjWR3ANQfj3IwCalLU550f0GygMMrpVIslWVccr9joqTbti30uT37WmVPEwOvKzHITepeg9zsZrIte1X1rA8ciqbMsuI8zsxVb7tYlz5Hu1ZuwlPRd1x7frqqhxWVd5678hFnWVPvfhz5JGzAyfw9sux0SH8LM9VYApVW4e9aYYxEsHyDdIQMDsu3XX1dddDHl/t+u1/+f/RuKbvxCFcmUKSOnPqWHVdHcZHd916w6b13WPNs3/3Z08je+FunoUFfKMWMfAxr4SRQebMzhWyIrAcF680Vx1brG4Hj2KWTotSVvyknK95FcVFOElIVzObU3lcK9cXmm5SSWSvqQoyMHIH8wt7nQsCpKq4cBSGxQeaK1pPV6Pp4l23DZw+1rNmIzYbvv1Tq6uryvHb/s6+49vv3fgn/+KvMWqZnZ3Cw01INBjOYAAyPztrVnPxyZVVVFT39K5S6QCjG9BOzZZjyebUiUNn+45htIKM09qxCsvDgwMn7rz1xos3dP6Hr3/3ji9ePzx4urIS26tXY1+umhpc3WpDxpH6N27cIA8DyxCg+jDEUJlQv5GhaopjI5NAcBxJ5no+EVI52EqqJ1tXc4xKm1LO4pdv8+MqpvAUmE658ZgUpQnuyDWdEpYB8lIrIV+FeJG2Unmi+ETXja3rzTZXJnWY5ZoT/WOrO+vf+cWBjTtWH32/z2wWMT2JdINMQe/c5UVcFMorqrfu2GqfHcx9Onq2b+xdj+FMdW09ZRNcAh/sP7bn6kt6r7mou6P5Gw8+d8vnrn7kL5+sa2gaPtuHS2BIYbjuju1DDWGUzbB8g8nauvW9tgtPTX6LphcAAA3kSURBVGLIHlvVlKrbi+hXyUg8hGspFXh1SNqYR7VyfdpCKUK2tZGX827zk/HYBhRGKcQFdpDtWooMER/oSMFsvwqQ4VAqh3mc+BDXuNl39y17Bk4d6V27CUMbXJ+en6/9+b5DPds2H/vgCBZTsB6D/7AJVhUeUBBTHNw9PDFx7urrbrD1Yyb15d/7Gr0WZiE3f+b0sabWDpAg3Xz+gVtWdZq31r302s933dTz8iPvYUP14bOn8SYZbKZj9jo2WSbXYBaJh5Fr8IjD9p3bbRdxNSEhx9km1nu6nWwVIJGwKIDAkJU2+Z2BDNUaKAwk2QwD+RlGXs6bTEnHMhiqD+wUdlCsAiuR8mxy2comgMl628pfs2IhS5HkNHy2ePGuWzCNWr32IjyuhIyA9ZeW7oq2XoxrjmA9xTxZMIvNrswr6BBsNODATjSTU9NTmzZf1NZxmeoBWrK5477Pl1dW4QrUGdwu2NGD5RgkGsyqdm3tLS/DGs3CxOTMm7849rE1F8El/isvr0SuwaVxPCCO3Y7hhhzhstSOSy5RLuIOV6y3WQB3O39huAAMtzK+FAV4zOZIWUnlIeIJr0hKEaDkPC/dyAbWAVkfkQu9Up6/zOIBS3saiPmCnAwZlD1bRKuMi8HX3Ntx/MihdRunj+4b3Xxt+7nBqpMHzAY0C3hcKrpWhKSDR7Tx8DcmNaiZnZ3dsnXr1h1mty31Qa6hC1Ld667AKgxWgpCrcM/O5NgIOuTLn78Z+eqtd/d/9/GfIcVcd++Ox//b85jE4cmp+QU8G1XW1r5q/Nwottdi2r0vPob/6JAvdXErFy5gb3tcUxOJdPY8689W8LjOQKgUSvFgs1tVTQaPGUxyab8EMozSKS7umZD9kqi/dK6lDGc50bVT/O2/tntDY/exLcd21O94/G+f+qPf/2OQ10W3yeDBS/zuY+++aFizeOXu6zBo4pVIqYEGNfRlwF+XrrWXrFm/FQs9eLxz++qyRtyEUVv51r7je985ONh3Ai9vuOGBXU8/+AounCMf4RBDJ/N4VE3d5Pg5PNs5PoarXeVqXEMu2Cl/8RBU6b5I7M4uJPa2NJE9j/oCBadyLWVkLrP+8FFzZl9xhtDgSDesLLFPGQkHieA4EaqeOIvFpsjVodK/kq6dSlJFzeK3XGm2BP5K2eQru8205alvvYZ8ofidKYYwMtFQDcy71+1au/5irMJgInbVlprqqqqhkfFHn30bkzXcNHjXr9z43Hf3YoCDy0/mvTHmLuQyXINvaGpFusHjEB2drR6P0i+VOfXQ4Qr8RO+l6m0liTuf6lNRFehaKUl1yK4L0Z/KI4PJ9XnphkSk6jtJx+UMDBx/Blv2m63Artl8JTUU0uckGKMbFPa9dpAO979xNFC/nWiIoWP1pbhkvnr9llzZApZjDu9/995brxhtxkY5WLWZnxwfvejS9f/lD76LdIMJV31jE56XMuvDuRwyzuzczIaNGxNzjYo6buBDeor7U7kuCrn6CsX1fylcB+r3u5b648QHOnLCwE+0+bUbvxonhaqUKlOpL9y1UhJ+GOc6lf5wdwoZ513BAg+3787v73ni/cFE/XGJhnxVVdUgfSCBLJq7hOdra+ufevmDq+/agBnTmW3Hdk7sOLLvFKUeLB6jElAkmvGJcxdv25420ZBHNbqR2Uc1BfaGE1bcDpcu5Jcf9c7+R6WCSYaSlhNdS2FSPFTJpgwiiY1J8vfd8HEGRttEskn1sh5WSorNU7oav2upU+qHHtmUWZ7fe1pazJ6UiRSp9Ce+gRszqeaOEdyajPXeKNvM4bbj2nqzK8Waze2Xt2x48Wdv4Ha+KNEszOCa1PhYIYlGKadDmWJk6kGrbHLaxlWiH2S3xMGKUi8dwS8tl4B5JTVwIGmdSvGkmalQUK2yyS7brs+778Y2KLxG6oN7EHLvy6bCHQUykIZw1wpJ5uRLNSUKYNu0honMHgD7ot9b+QZubpLmGJ588PbTn/ynd69Zv2V0pL+2rnfbSMVzDx5cfVH7sQ/6j8yfRqLBFjlDg6fxXvDZ6amdl+5y8khOlBF7CExZ4VDlF5l9VJNtSzVpz3gcT+Z6OeLj7wCxZeuTQCVFCVwpDNcPpLKF7NgL4YEhZYBR70MNS7dlZaBNNCF3BfqS5qwfrmW9raQorm3awBr6FbV/OaV+GULPmvVNzY2jw6dxfb2yumLDtnUNq/pe+vFz5o7k8gos0uy552OvPrJe/hZ5lBQ3dhmFTD0QIJtIT3Fde2J0Njm9q+9J3ClwEqaqBLPylco8Dqw4nfqdgRPheUvFcT4Kr/coALkUreIp3DXzl4KZ5cWF4A+czUtUiEs0TncyhPt/+xZgjs09/omP/9N3XzpIV7sC8wuTr3DsKvtgHFfSM85h2oXMgctTkFl8Zu92IGlr4JrnLrC1Qyh5ukkbfFF6nLsprXc2LKRATi/gDQ4QnyrR2MGu2YbNsfIfLELby0NLje5/L0i3sxTyTqtUVGkPfBhc9AK8279mGbxQFGwYyFks7+w3VUF5t0Mo1WSKPQV2E0cl8UxCrbKJ8c4CG4abOHkKqeQ5oyRZAT0FJhpSy9e5cIhL7NyfOPSHQEg/RnZIccvSu0wxauAjm4ooQHovnFb1oTwFIFetqCmu97T6nd6VSGCKP7pxOk6r3oknZmpSkTC+dN7ZhaeQ6D0kBA+/v6koicbvAq2eENAUd14SaQsHhHuX2adYqSfce+GRqrNAhP8oer6Y6Ya+iCsTNvmSHb2S3u1vTAbvdgg2bWDNyiQaW4wMAa0rc+rjZGTzLlMPmDNknwyn3g4hc406BeDJ1g+FCAj3mKMrowWqvLA9jltF6NWlBUaRrceLErv80oSfPBKMX5gMvyTZgrWtOHwZAmBpo7CZQ2rYewg4BCOzT0ivQsDKROoU7/S+YiciQ+cvj26kysAeZJNAvLPLCqm0A2ZJoC21Ktt7IbGwbXgIF2pQQ1L94YdHwYGnLcBFSU+xTD3QprKPP/y0saTFh3uXJwJeitVj2Tp/Od3IgKVEp77waCVtEcshAhKjyKwnxHtmcmkoQ0A9n4uPcqKR+qkcF4WNDKxZsf6XevzZRyJLXUb4/E1I66so5yKzAHe6kTFIfQiSDjNHK5kzlFlMWgFsCKdpbaXOCx4+Xd+9UDeVFCX8Qs5FUQTIE5q2DAH0/ZHZRw180nKmwrOAVFZx4LTnosD+T043LDStMjYsSqHAOKWGbIEUUYAUE15WI5psUYS7s5HwWEimtglREx7FBe9/jwCZehBUibKPR4Czb9NWynMBW/tcA2BXpvKSnG5YhPTElU5ZqRQkgsmX9J5oEg4ICaSkAkKkqkRjm4REYVuF16xMD8gooE2ecTTJw3DlxUKmEiCzT7FSTyoBRYlano5i3bPqSzfkL/E0S1mJ4FQdESggFacHbAeywgJsbYmJxjaxo7Ax4TUXsAfIdbG+6OEhK2SBPSBTD5gzZJ8CBahwMhxCAH6vSQabZ/tNd6ebzBFKTdkEUTyZBXB3FFi4sBfXIT5DorFDlqcDranOyAU/BVJAIYHY3RJeA7+pOi2RWWafkNRTdAGJChUgToA8I+FddF66YYpweyVOHjIbKsMJySocLz0WpWwLyBZIZjFFSTRO74GB2D3gZCtpJTR4vgOBgRSicAU6QaYeSFXZZwUE+PsnXIA8HeD0nLh8ugmn9kuMa5WC4tSUWkOcNq4PERASCBOmLZQu0dhK4gJBfdwJsklKURNyFqTfuEAkJlU5rYBU5B6wP/t4DEvRVMjXQJ4RaJNfp/xdxbKqFOolJ6shp+pQIlesTBrSdgIrh860tiq0lUw0yjUOKZB/7KskHAgHmOGkoCsyWLHHwgv8VZTZRw18CvfiZyhuJ1BE5PG8yZRfRNFbsT4CTnr+4EKdYz67BUYn+zRVLBc20VDUshMyB1J4B6bqtxB3qWKRnRBCXgoMNDg7QaYe+C1d9il1J1yYdGNHRTV0Cp09XvSza2solovwWPA1Kt1XJyQcfyfIQMBWovPi1xASRQhGxmIHgla7MoS2WJhUnSCzTxG/PyvQCSudbkK6lTB0IkvxJQjRUNyvkR3LBR/UZOiEop+XDBqKcl5kIPapKYqLVCTQk/l7LlMPnGbOPoVoCA925dJNtu+W/GZkPiXcHdk0sHmBBfKe+C6EAr2EmENJgZ1Z+HkpXENIpH4MaSg8Fr8XTyu5LvBcSH6ZfQJTT9E1SD2qvBLppljxFPK1KJYG1X2pDuWIppBYUjlV4FL0Q9pYSqFBhZl4GKdBxgKSIiYCWxJ8lZRfph54d2afUmtQUZcw3fCZK0WfMnnid4KQpdCgutJzKBONDQuPxbYNr1mZfpCxQJvq9pXR4O+TVBpkOCoWv5fEVjAXlzDRo519Vl5DSdJNqjOa2E2JAP5OqPO3wjKcOv2JxjbhWNCkwrHBgTUXsB9kOEWMKDBwGwY9mXtVxpKZBJIu4OngDoGGC7J1fHF285NhoFzIyWCqDAX5hbiAMkh52kRjxyvDydalH4VvNuKSgVCY2cKxuyi8prhdoSIKDweG4eDw6FIhbQ32wCcVYTh4eXQjezBDj5B5BsNwrSFIllFgOCG+4jCFJxqbOUM4MPnonA4VUYZwFEOqw1J3RUg4hPkonJFEDTL7OFd8UnW+BC+nG1kb0n2M/+j0IyQ5uzJVOBxXhkIpEo0tIzGcj8IZCdeQGI7dA+E14TLCOf1IGQ6Q9IVEpfOb6acqbmu2rpCpB3oKzD7/PwGFf58tiFVnAAAAAElFTkSuQmCC', 'remote', NULL, 5, '25萬', '2025-02-11', '2025-02-11', 'app', NULL);
INSERT INTO `orderform` (`orderid`, `name`, `intro`, `deadline`, `detail`, `picurl`, `location`, `rank`, `people`, `budget`, `upload`, `newdate`, `category`, `collect_count`) VALUES
(30, 'Cocos Creator 動畫重定向 (Animation Retargeting) 工具開發', '為了要讓不同的角色可以套用相同的動畫檔，我們會需要在 Cocos Creator 引擎中實現 Animation Retargeting 功能。', '2025-05-29', '<p><span class=\"ql-size-small\">一、專案目標： 為了要讓不同的角色可以套用相同的動畫檔，我們會需要在 Cocos Creator 引擎中實現 Animation Retargeting 功能，使開發者能夠將兩個相同骨骼( Bone Hierarchy) 的骨骼動畫，從一個骨骼模型（Source Skeleton）的每一幀動畫資料，即時計算到另一個骨骼模型（Target Skeleton）身上，即使兩個模型在骨骼結構、身高比例或綁定姿勢 ( T Pose ) 上存在差異，都能夠良好的轉移讓角色表演順暢，而非莫名的變形等問題。可以參考: Unity 的 Humanoid Avatar 的設計 Unity 的 Animation Retargeting 的設計 Unreal 的 Animation Retargeting 的設計 提供易於使用和擴展的 API，方便開發者在專案中整合和使用 Animation Retargeting 功能。 提供詳細的文件和範例，說明如何使用此功能。 二、開發環境 - 遊戲引擎 : Cocos Creator v3.8.4 - 程式語言 : TypeScript - 目標平台 : Web, iOS, Android. 細節與規格書，請參考下面文件 https://docs.google.com/document/d/126MRqlNSpY1G5EoT2rUelB6GBCzju0vw5b9HUambxHo/edit?usp=sharing</span></p>', 'data:image/png;base64,iVBORw0KGgoAAAANSUhEUgAAAXoAAAGjCAIAAACt80kgAAAYJGlDQ1BJQ0MgUHJvZmlsZQAAWAmtWXk81F/3v5/5zGIby9j3se/7TvZ939eEMfbd2KmUUCGkQkhCSEWRpRKhTUQkKpK1iEpCafP76Fvf7/O8nuf57/d5veYz7zn33HPPPefee+45AwDXNVJUVBiKEYDwiFiKg6kB0c3dg4h7CbCAG9ABeiBKIsdE6dvZWYH/+WyOAWin8YnMjqz/yfbfG5j8/GPIAEB2SLOvXww5HMHXAIDbyVGUWAAwO/KEE2KjdnA+glkoiIIIrt7BgX/h9h3s+xce+MXj5GCI8EwDQEVHIlECAcCvIHRiPDkQkUNPBwCWEOEXHIF0IyJYhxxE8gOAywfhkQ4Pj9zBOQgW9/0XOYH/gkkk379lkkiBf+O/5oL0RAY2Co6JCiMl/frx//kKD4tD7PXr4UPedDGhjpbINxtit0QyydgRwRwIzg3yN7f6Ta+JijVw+E3vCI41d0IwC8IzGhRn5vwbL8aFOusjmAehfw+NtNzhR+yE4ojwtbFFMAHBwuQYQ8T2O2OhVJODnFx/81j5+RsZIxhZRSg3SqTDH/6gmHjHP/Tk5CBDmz/8ISSLHX/TI/xZJAqCfumDKvYPM90ZVxChX4qKtdvRc2eswYgwm99zQc0HUEx2eHboX/1jfs13R7eg2CAnM4SO6AwzxlKcdniQOcI8AcEm5ghGdIPlgyhmf+h6UWG/1jTSF3aixDns2EEYwQH+Ec47NtyhZ/mRjHZsi9gELgMmgAQowB/4ggiwBIjAChgCo99vIkKPQGhkEAnCkA+FyPCnBfMaM4yZxTzFTGOe/6EhPX/zgWDgh+C/ZP1Lf4TuCJLBO0SqP4j5MxqaC62D1kJbIW895KOIVkdr/GkbXGlb+YN/6xqI9JX5Ldvgt/bxiMQff/i8g9Mof/DvPr5/9/hPnUzAPGKBwD8c8hfll+S//+n/z4yxxlgjrBnWBCsBH4Gb4ftwN9wHd8BtgAh3we3wAHxrB//W688oJISyY5UdC8cAS8SK/iDu16+IP+P9m5Xi/ub4LYFekl4FOCC9IkAo0hb89wguv7QO/g8pcQiHLzJiCMJr+bc/fuuFFkWsq4I2QGsjdkZsjGZDcwEZtDJicX20LuIDFYT6jxf/fTYyIOCXteN/zSUUvEbmER7rnxiLrCVgGBmVRAkODIol6iOnpb800TyCLCtNVJRXUAI7Z+8ODwCfHH6dqRDb0D80yiYAWk+Q/TnyD82rDICmIgAYvvxDEzECgKkQgG5fchwl/i956J0vDKABDMiu4AR8QAiIIxZRBKpAC+gBY2ABbIETcAdeyBoOAuGIxglgLzgIMkE2yAenQAk4C6pAHbgMmkAb6ADd4B7oB4/BUzABpsECWAarYBN8gyAIB+EhZogT4odEIClIEVKHdCBjyApygNwhHygQioDioL3QISgbKoBKoHPQBegqdB3qhvqgYeg5NAMtQWvQVxSMokOxoHhRoig5lDpKH2WJckLtQQWiolHJqHRULqoYVYm6hGpFdaP6UU9R06hl1AYMYFqYDRaAZWB12BC2hT3gAJgC74ez4EK4Em6AbyBr8Qk8Da/AW2gsmhlNRMsgnjRDO6PJ6Gj0fnQOugRdh25F30E/Qc+gV9E/MXgMD0YKo4kxx7hhAjEJmExMIaYG04K5i+znBcwmFotlw4ph1ZDV7o4NwaZgc7BnsI3Y29hh7Bx2A4fDceKkcNo4WxwJF4vLxJ3GXcJ14UZwC7gvVLRU/FSKVCZUHlQRVGlUhVT1VJ1UI1RvqL5RM1KLUGtS21L7USdR51FXU9+gHqJeoP5Gw0QjRqNN40QTQnOQppimgeYuzSTNJ1paWkFaDVp72mDaA7TFtFdoH9DO0G7REegk6QzpPOni6HLpaulu0z2n+4TH40XxengPfCw+F38B34ufwn+hZ6aXpTen96NPpS+lb6UfoX/PQM0gwqDP4MWQzFDI0MwwxLDCSM0oymjISGLcz1jKeJ1xnHGDiZlJgcmWKZwph6meqY9pkYAjiBKMCX6EdEIVoZcwxwwzCzEbMpOZDzFXM99lXmDBsoixmLOEsGSzXGYZZFllJbAqs7qwJrKWst5inWaD2UTZzNnC2PLYmtjG2L6y87Lrs/uzH2VvYB9h/8zBzaHH4c+RxdHI8ZTjKyeR05gzlPM4ZxvnSy40lySXPVcCVznXXa4VbhZuLW4ydxZ3E/cLHhSPJI8DTwpPFc8AzwYvH68pbxTvad5e3hU+Nj49vhC+k3ydfEv8zPw6/MH8J/m7+N8SWYn6xDBiMfEOcVWAR8BMIE7gnMCgwDdBMUFnwTTBRsGXQjRC6kIBQieFeoRWhfmFrYX3Cl8UfiFCLaIuEiRSJHJf5LOomKir6GHRNtFFMQ4xc7FksYtik+J4cV3xaPFK8VEJrIS6RKjEGYnHkihJFckgyVLJISmUlKpUsNQZqWFpjLSGdIR0pfS4DJ2Mvky8zEWZGVk2WSvZNNk22fdywnIecsfl7sv9lFeRD5Ovlp9QIChYKKQp3FBYU5RUJCuWKo4q4ZVMlFKV2pU+Kksp+yuXKz9TYVaxVjms0qPyQ1VNlaLaoLqkJqzmo1amNq7Oom6nnqP+QAOjYaCRqtGhsaWpqhmr2aT5QUtGK1SrXmtxl9gu/13Vu+a0BbVJ2ue0p3WIOj46FTrTugK6JN1K3Vk9IT0/vRq9N/oS+iH6l/TfG8gbUAxaDD4bahruM7xtBBuZGmUZDRoTjJ2NS4ynTARNAk0umqyaqpimmN42w5hZmh03GzfnNSebXzBftVCz2Gdxx5LO0tGyxHLWStKKYnXDGmVtYX3CetJGxCbCps0W2JrbnrB9aSdmF2130x5rb2dfav/aQcFhr8N9R2ZHb8d6x00nA6c8pwlncec45x4XBhdPlwsun12NXAtcp93k3Pa59btzuQe7t3vgPFw8ajw2dhvvPrV7wVPFM9NzbI/YnsQ9fV5cXmFet7wZvEnezT4YH1efep/vJFtSJWnD19y3zHeVbEguIi/76fmd9Fvy1/Yv8H8ToB1QELAYqB14InApSDeoMGgl2DC4JPhjiFnI2ZDPobahtaHbYa5hjeFU4T7h1yMIEaERdyL5IhMjh6OkojKjpqM1o09Fr1IsKTUxUMyemPZYFuSSOxAnHpcRNxOvE18a/yXBJaE5kSkxInEgSTLpaNKbZJPk8ynoFHJKz16BvQf3zuzT33duP7Tfd39PqlBqeurCAdMDdQdpDoYefJQmn1aQtn7I9dCNdN70A+lzGaYZFzPpMymZ44e1Dp89gj4SfGTwqNLR00d/ZvllPcyWzy7M/p5Dznl4TOFY8bHt3IDcwTzVvPJ8bH5E/thx3eN1BUwFyQVzJ6xPtJ4knsw6uX7K+1RfoXLh2SKaorii6WKr4vbTwqfzT38vCSp5WmpQ2ljGU3a07PMZvzMj5XrlDWd5z2af/VoRXPHsnOm51krRysIqbFV81etql+r759XPX6jhqsmu+VEbUTtd51B354LahQv1PPV5F1EX4y4uXfK89Piy0eX2BpmGc41sjdlXwJW4K2+v+lwda7Js6mlWb264JnKtrIW5JasVak1qXW0Laptud28fvm5xveeG1o2Wm7I3azsEOkpvsd7K66TpTO/c7kru2rgddXulO7B7rse7Z6LXrXf0jv2dwbuWdx/cM7nXe1//ftcD7QcdfZp91x+qP2zrV+1vHVAZaHmk8qhlUHWwdUhtqP2xxuMbw7uGO0d0R7qfGD25N2o+2v/U5unwmPPYs3HP8elnfs8Wn4c9//gi/sW3iQOTmMmsl4wvC6d4pipfSbxqnFadvjVjNDMw6zg7MUeeW56Pmf++kP4a/7rwDf+bC4uKix1LJkuP3+5+u7ActfxtJfMd07uy9+Lvr33Q+zCw6ra68JHycXst5xPnp9p15fWeDbuNqc3wzW+fs75wfqnbUt+6/9X165tvCd9x34t/SPy48dPy5+R2+PZ2FIlC+nUXgJE3KiAAgLVaJC9yB4D5MQA09H/lRr84kOsuhPAgWArcgSSgeGgKicAXYCJcihZCX8LoYSaxOThzJIYtUHfRXKa9RNeC76V/yYhlUiJEMrewfGczYT/Dscllx32RF8vnxd8sgBf0F7omghF1E6sUfyupLrVXuksWyBnKZyj0KsHKhirpqh1q6xpSmh5a+bvuaG/qium56mcaNBlOGqNNJEzNzQLMUy1OWV60umU9aDNp+96ezkHR0dkp0bnE5abrC7evHry7d3m674n1yveu9+klTfp+8qP1Fw7QCLQIcg72CQkJjQpLDj8QcSjycNSR6AxKesze2Ji4kHifBIdEwySlZI7kjyl39hbti9hvkipwAByYO9iX1nSoIv14RkZm0uGYIxFHQ7Mis0/kvM3VzDuSP1LAccL95OlTI0W4Yo3TASW5pTfKpsrhs2IVNufiK8uquqvnaqhqpepsLkTVF1xsujR4eaWR+oroVb2m3c1x1/JaLrTea5tt377BdVOlw/oWqTO2K+N2Yff5nobeG3fu3R299/L+woN3fQsPn/XfHWh6VDK4f8jrsdYw6/CHkd4np0cjnuqNEcbmxxuexTxXfr7+onEiYJJ7cujlwSnFqflXhdOWM/DMzdn4ObV5MP9ooei1zxvxNx8Wm5ai38q+fbtcueL+Dv+u833UB6EPk6tnPwavaX4ifFpfn92Y2Jz9vLHF8lX3W8z3Kz/WtkW2txH/84JDEBPkCrWh+FDxqGnYCu5G7sRDGDIWhW3ABVCJUa1SD9K00NbRVeCr6JsZHjGuEziZzViSWK+yLXGIc/pyVXK/4GXnc+I/TLwl8FFIRNhWJEW0Wqxf/J0ko5SCtKNMlOwxucvyDxSmFb8oM6gIqmqqWauTNWI1D2md2FWp3aDTrtul16t/16AXiSsdxi0ml0wrzcrMqyyuWnZZPbQes5mxXbZbdwCOtE4EZy4XQVcxN1l3JQ/13TqexnvMvEy99XzUSfK+YmR+PzZ/fAA6YCvwQ9B88LOQgdDusLbw+ojyyLyoxGgTCp4yGlMeGxanHo+Lf5HQmJiZtCdZNYUpZWXvw331+4+mBh1wPuiaRjoUnh6fkZp5+PCJI+VHa7OuZHfk3D82nPsybzH/UwE4wXhS4JRioX6RY3HA6fiSjNLCspoz18q7zg5UjJ2bqVyq+lC9VUNTK1FndSG6vuRi96W3DYyN2ldCrhY13Wv+3CLe6tmW1959ff0mscPwll9nelfZ7cbu7p7+3sE7j5HTqfP+1QeVfXkPU/oDB5wfGQxKD7EMbT1+Ptwykv8kdNToKe/TL2NPxpueFTyPfeExYTgp95J7imbq66uV6emZp7P9c3fnuxc6X3e+6Vi8tdT5tmu5d+XRu4UP2FXlj5S1jnW2jUObP75kfOX41vLD9efPX/53gVggf2T3K6MyUG9gE/gSmhedi6HFHMUSsNU4HdwUVSa1OvUmTSvtATpHvAw9nn6NYZZxiKmX0M38iOUl6wd2NAcHpziXHrcDjz9vAt9h/lPEaoFmwS6hPuEnIq9El8RWxb9IAikqaSrpbZmPsq/kHsvfVmhUPKN0VDlOxUvVRE1KnUH9g8awZoPW0V1+2ro6nDqrun16VfqpBt6GukZ8xijjeZP7pvVmx8wpFs6WWla81sB61qbHtsou3T7AwcZRy0nYmc75g8uga71burubh6TH990DnqV7gr00vWm9X/pcJWX5+pMlyQt+Z/zdA7gCXgXWByUFW4eIhEKhL8Nuhp+OiI20iRKL+hHdT8mPcYxlj30RVxa/J4GYMJtYlUROFkl+nVKzN3Cf2L7F/fWpMQdsDsqnMaVtHHqR3plRiayTsCN2RxWzWLI2s8dyrh07nhuZZ5+vcpyvgLbg64l3J2dPjReOFo0WPz39vGS6dKls48z2WeoKnnO6lRFVZ6oHa6Ba5brAC6X1fRfXLrM1qDbaXfG7Gtt0sDn3WlVLZ+tY28p1cINwU7BD+ZZ5p2/Xwds13aO9NHdM7x67N/aAtk/loXd/zkDHo9Uhicek4YqRqVG+p55jZeMvnnO8cJs4N7k55f7q8YznHNX8s9ejS9TLse8Jq28+zX3m/Rr549WO//+qke3EBKwqAOeZAHBBclCbiwBURAIggtRkGJG6iR0eACcNgIrrASi6AQDlDPwdP1AAj+SaisAcybSTwUkke3wAZsF3iB1SgmyhUOgIdB7qgaahbRQ/SgfljTqAZHV3UUswPawMe8Lp8GV4HA2jFdDe6Fx0F3oNI4rxwBzH9GFhrA42GduG3cSp4RJxN3E/qYypjlGNUwtSRyMRiYHGh+YaLTWtD207HTNdJN0gXg5fgN+i96UfZNBmaGAUZCxmIjDlEqgIqYQN5kjmtyyBLK9Zg1iX2aLYNtj3c9BwFHOKcV7nsuGa597Hw8FzjdeBd52vlN+Uf4NYI7BbkFGwT+iwsIkIjcgT0TNikeJGEjwSnyWfSd2SrpE5J9so1yM/ojCv+EkZUqFTZVfjUxdBIpuSltquXdoGOoa64roreu36GQbOhuKGP41eGLebFJvuNws2d7Ewt9S30rFWt9G21bczs7d3cHP0dYp0TnU54Vrrdst93GPNk3GPvJeT9z6fWtIoGeWn7B8acC5wIpgjxDm0IGwkgjnSNao8ejFGIzY/binBLLE2mT5l3963+z1S+w4apHWma2SMHE44KpH1KqcyNzrfukDlpGAhsZi7RKhModyoIqLy6nm4NvDCwqWIRtTVimvarUPXyTffdTrdburlu5v3gO7h6UfaQ+9HrjzNeBY+4TmlOD07F7fwcdHhbdFK9/snq4NrN9aLNoO+yG2tfrv8I/DX+QEj9QYhpMLghNRXskAN6AWvEO9zIjUBF6QKcBJqhkahDRQ7ShPJ7dNQtahBJIvng83hWLgCHoK30fJIZl6EHsRgkTtHCuY6Zgurid2H7cZR4exxJbgFKmWqdKoxaknqg9TPaBRpjtEs01rRNiDZbxLdHN4W30WvSF/HIMhQzsjLWMEkytRIUCQ0MSszX2fRY+ljdWadY4thh9mLOOQ4HnCSuVBIrDLmfstznFeD9zVfMb89kY74UCBb0FqIWWhCuEYkTtRYjFPso/hDiSrJQ1JkaXMZdVkruUj5AoWrimNKX1Q4VDXUPNVTNao1+7Tea7PrGOju0SPpkw0CDMONEo0zTPJNy82umt+3mLBcs8bbiNsa2/nbH3GodexzWnZhdNV083E/6tG+e2kPt5ed9xGf+75YsqVfvv9EoHRQSnB/KDZMPzw+4mrk62gBikdMaex4PFOCXWJu0qMUur3W+47tf3SAcNAtrfzQcoZRZs0R6qNRWQs5vsdm8yKOUxXUnHQtZCgaOl1UGnzG4CxnxcfK4eobNZfqrtR3XXrasHqVtVm5xa0t4fqpm5dv9XQNdb/qfXf32wPMQ8YB7kGRx5IjsqNKY8rPdF4YTJpPOUx7zDrNq70mvJlaOrVssDLzPvbDxseYtfl1u43Wz6xforb6vhG/x//o/+V/CFABLmT/2yAVpWOgEYyADYgL0kViSg50DZpE4VCKiOcPo5qRuwU9rANHIXWacTQebYxORd9Eb2HUMUmYW8hut8CewE7hpHEpuAGkbpJANUqtQl1CvU0TRPOE1oC2mU4cuX/w4EvpifTnGZQYehidGZeZMgmChNvMXsw/Wc6xGiJ7+wS7LvsKxxlOWy4sVxeyr3V4UbwP+LL5rYgsxGkkJuUJRQp7iJiLaoupi6tLqEpqSGlL68hoy3rJnZZ/rAgrySo7qSSonlJrUh/RWNPi3mWmnazTqkevH27w2EjTuN6U06zAgtEyz5rN5qydrH23o6lTgwu9a6zbU49du+v2MHuleW+Son3f+UX5bwVmBXOF1IYphl+LVItqpSjFXIuTjq9IZEvKSv6+N3LfVKrtgQdpuw5Vp69nGh0uPLKUpZGdkzObq56Xl/+hwPnEnVMqhS3F6qcflvqWbZeXV8if66xyqn5fk10nd+H5xfTL0g2jVxKamJrrWlRab7brXL9+U7rjXKdkV393WC/9ncZ71vcX+1L7OQeaBo2GJoajn1CP1o3pj88+PzQhNtk75fJqZsZvdnxeZ+HM68VFsSWPtynL+Stn3hW/z/4Qs+r8UW4Nszb8qWzdc4Nn49nmyc8Wnz9/Ob9lv/X9a+0362+fkKxD68fUz74d/8cEKCnuRA8A0Rkg5cep7e1PogDgCgD4cXx7+1vl9vaPKiTZmATgdthf/7vsMGORWn3Z4A76b8//AZU2zMUtMB2iAAABnWlUWHRYTUw6Y29tLmFkb2JlLnhtcAAAAAAAPHg6eG1wbWV0YSB4bWxuczp4PSJhZG9iZTpuczptZXRhLyIgeDp4bXB0az0iWE1QIENvcmUgNS4xLjIiPgogICA8cmRmOlJERiB4bWxuczpyZGY9Imh0dHA6Ly93d3cudzMub3JnLzE5OTkvMDIvMjItcmRmLXN5bnRheC1ucyMiPgogICAgICA8cmRmOkRlc2NyaXB0aW9uIHJkZjphYm91dD0iIgogICAgICAgICAgICB4bWxuczpleGlmPSJodHRwOi8vbnMuYWRvYmUuY29tL2V4aWYvMS4wLyI+CiAgICAgICAgIDxleGlmOlBpeGVsWERpbWVuc2lvbj4zNzg8L2V4aWY6UGl4ZWxYRGltZW5zaW9uPgogICAgICAgICA8ZXhpZjpQaXhlbFlEaW1lbnNpb24+NDE5PC9leGlmOlBpeGVsWURpbWVuc2lvbj4KICAgICAgPC9yZGY6RGVzY3JpcHRpb24+CiAgIDwvcmRmOlJERj4KPC94OnhtcG1ldGE+CouTCtQAAEAASURBVHgB7L0HeFzJdSbaOQd0N0Ijg0RgBHMYDjlZkzRByZYtrb5dr/3stZ/22X7rz/bz2nqyJXu/lWW9t+vsp/V6JdmyZK81ox1RYZImB81wAslhAImcc26g8/tPVaNYvPd2AyABEKEuwYu6VeecOnW6749Tp5L5M7/0GyZ1KQsoCygLrL4FLKtfhapBWUBZQFmALKDgRn0PlAWUBdbIAgpu1sjQqhplAWUBBTfqO6AsoCywRhZQcLNGhlbVKAsoCyi4Ud8BZQFlgTWygIKbNTK0qkZZQFlAwY36DigLKAuskQUU3KyRoVU1ygLKAgpu1HdAWUBZYI0soOBmjQytqlEWUBZQcKO+A8oCygJrZAEFN2tkaFWNsoCygIIb9R1QFlAWWCMLKLhZI0OrapQFlAUU3KjvgLKAssAaWUDBzRoZWlWjLKAsoOBGfQeUBZQF1sgCCm7WyNCqGmUBZQEFN+o7oCygLLBGFlBws0aGVtUoCygLKLhR3wFlAWWBNbKAgps1MrSqRllAWUDBjfoOKAsoC6yRBRTcrJGhVTXKAsoCCm7Ud0BZQFlgjSyg4GaNDK2qURZQFlBwo74DygLKAmtkAQU3a2RoVY2ygLKAghv1HVAWUBZYIwsouFkjQ6tqlAWUBWzKBMoCBSxw32eOyqXP/f1b8qNKKwssywLKu1mWuRSxsoCywI1bQMHNjdtu63C+9K5z6zRWtXT1LKDgZvVsu3kk/8pnKzdPY1RLbp0FFNzcOturmpUFtpgFVKh4i33gy2wujw1vb65UQeJlWk6RG1hAeTcGRlFZygLKAqthAQU3q2FVJVNZQFnAwAIKbgyMorKUBZQFVsMCCm5Ww6pKprKAsoCBBRTcGBhFZSkLKAushgUU3KyGVZVMZQFlAQMLKLgxMIrKUhZQFlgNCyi4WQ2rKpnKAsoCBhZQcGNgFJWlLKAssBoWUHCzGlZVMpUFlAUMLKDgxsAoKktZQFlgNSyg4GY1rKpkKgsoCxhYQMGNgVFUlrKAssBqWEDBzWpYVclUFlAWMLCAghsDo6gsZQFlgdWwgIKb1bCqkqksoCxgYAEFNwZGUVnKAsoCq2EBBTerYVUlU1lAWcDAAgpuDIyispQFlAVWwwIKblbDqkqmsoCygIEFFNwYGEVlKQsoC6yGBRTcrIZVlUxlAWUBAwsouDEwispSFlAWWA0LKLhZDasqmcoCygIGFlBwY2AUlaUsoCywGhZQcLMaVlUylQWUBQwsoODGwCgqS1lAWWA1LKDgZjWsqmQqCygLGFhAwY2BUVSWsoCywGpYQMHNalhVyVQWUBYwsICCGwOjqCxlAWWB1bCAbTWEKpmbxgL/+g8eQVtcfidPfP3zpzdN01RD1t4CyrtZe5urGpUFtqgFFNxs0Q9+Wc1uuTy3LHpFrCxgaAEFN4ZmUZnXWWDnLs91z+pBWeCGLKDg5obMppiUBZQFlm8BFSpevs22EgePDf/ilz6qgsRb6WNfrbYq72a1LKvkKgsoC2gsoOBGYxD1qCygLLBaFlBws1qWVXKVBZQFNBZQcKMxiHo0sMBXf/tJhG8MClSWssByLKDgZjnWUrTKAsoCN2EBBTc3YTzFqiygLLAcCyi4WY61FK2ygLLATVhAwc1NGE+xKgsoCyzHAgpulmMtRassoCxwExZQcHMTxlOsygLKAsuxgIKb5VhL0SoLKAvchAUU3NyE8RSrsoCywHIsoOBmOdZStMoCygI3YQEFNzdhPMWqLKAssBwLKLhZjrUUrbKAssBNWEDBzU0YbyuxqmVTW+nTXq22qu21Vsuym0muOo9hM32at7Atyru5hcZXVSsLbC0LKLjZWp/3zbS25YPpm2FXvMoCCm7Ud2CpFigrNS+VVNEpCxhZQMGNkVVUnpEF/CF1/IuRXVTeki2gQsVLNtUWJlTHMGzhD38lm668m5W05uaWdd9njm7uBqrWrbYF1oV3g3HWQMSLpppZcCCbyZotZovFkkykrDYLHpOJ9NxM3O1z4g4yJHDnaSTU314YYQ2u5/7+rTWoRVWxiS1g/swv/cYtbB6f0FFU4jeZslADKIN7wpxwZBwmJJEn35mi2Ww2k85wnQFDSHDcUaDDbbJ6d3g3CnFWz7xbQfK68G46rO116br5+YzdbrHZza6UPWM1ZbOmTMZksXCXJ5vzfEymVMpsBSqZzfPxMYsJOGV8/fpff0ou+C+//I/yoybNUU9kKuQSppATCmtka6j0DVhgXcRu7Bd3WNMZrylltZOPk7GyPpXJZLUSyGRNcGHM6bQJP7jsQCJT0mIxe9wRp9tudZGn4/G7cP/or94t7kjgGjAP8IS6r4gFVPhmRcy4ZYWsC++msgmdIovJ6oDTIj4JHsfBo9lkxR3Qk7tAmHEioINH9KqsKYfJlIxNz/NSHIdkd9lxz7LeWeWYN1VElIWPSTIzgJuYay0O7JiZiOUqWv6vG/aSbphx+TreFIdycG7KfFueeV3ATQYXC8fE55JwWOC5WBi6AHFQAmSxwqXBxUM5Jrg5aURtMg6zx2432U0+C80H4YCClYT8M+WdqXTIzwFM5PNSzZ2/7cHxuplMzFfkKYxNGl75EbA1P5uQczZZWoVvNtkHusbNucVwo4+S8Dc/bukpL9nd3ZcoDZtm4oN+V7nZYkrGU53d6frtTqQRMDa1psZD5NTohdyYEeMh6q3Bu7lhgVDe5XXMjzp9URK1dNgCTtlilhHzlbV3r5blWCnv5sa+WoqLW+AWw02+j6EktCOVSpdFzPB3HKYIIACD33AcyoA+C2lTKB835ReODWs4bxhfNHLwSN6NKzEzQSVLF5tzr8ZWxr36TvSfPj7wSb1uN5+Tz7tZFmbdvBpKwga1wDqFm8LWxMj30t/kwqLWVemKuFc+s+sXOj6ejF7rYBZuI49bjc60e82VhSlRuuLejcKpRW2+mQjWHdxsaBy5YeVvmFH/XZzJzptcNhMLeC9FLH/hgTWpRMrmWOT7kM+74WpccVy8/4ypo3mXXiuVoywACyzy9VI22joW4FhTGFAKezflfSc7mseCJb6lB608QZrBMNr+k1AtrZAAY+Gg/qIfh3KXFjXRLSRQcHMLjb/yVS/FndHUuiyWAmAUKsOUyzEInxyeWbpMjg7u+F5wgReMS4cqTUP4Y3w+icQNR68UWhladaUyFdyslCU3lZx8sGLo3XCA+K+//K0bNgEPWnH2m/Rufu2vfzY5lPw/nmqe+bAPApcLXvC2xgenbxitCltAYZmCm8LfkC1aymFFDzr6nJvs/izdD1riJwGwAOXM0V2mBXdpiYycDIgAN+3jHb9QEoklPO7lohWE3CRc5tN2WYtyICTnNrLFzHjUrCtEKV/nzKsTq51F7Sv+uXDJCm6EhVVCawE96Gi8m5vEGm196+OZAMtlGp41mWaX0SsUuhdAKB6oOv3s1MP30lo/Q8qbRysZaOwOKybE4m7yOZ1ux7//c5oeMTU6GwjTwKXFmlvDRASYm88WPGPiWDqZ/tW//Fk+rX9qdGZ8aGZ6bFbz0YP+Bq5bvCL8BjRWLLfWAsLB2ZRYw99VYeGV/SO/FOGGGAR9vEVu3MdGEqGIHWt9Jkem/+73vvdv//BRcceCwSf/9AXcsZcL91wAIhMTqUiJcy6WdnvEIiBTKpG2AV8y+Ic4Fybx55qLdT/ZTMpiseM5bo6nTKmkKdlh6gh9EF0puFHeTc7W6ldhCwBldp/YzmmQsFjNNxOsKVzXLSxdWXy5gYbk8254ZyoccRAomLLpdBbgxe9AHE1FdqdtYjId8VojJYQywJpsMpsyz9ltnngm7jFZ0mwdIhYFwb8B7Jjxz5oxJexWKy0wxDJFZ9bpTttTJtftb9ovFmnE3/ijgpsbt92W4oQvDZQx42J/DDNp9r3cUia46cauCJbBtQHcIMD0t+a/xdzxUKlfOE1IoArc0V3ysln4ojOVmcrYQp50KmOZtIyk5gNh+hStZjtWRttMlozFZM9YMvTfTBssZE3zcxm7zYS1igNNtaYhGjRckUvBzYqYcasIwVK1tkuz2xpp60V1raUF5EU5HF8esZzAFCdpD4WcOnxjTKEbwsD2iNceoS6SFR2nQDY1kEKYBvnoc9mzVratC23sgrXQGba/HSgdDjPfdEHIWZGEgpsVMeMWEtKwy48/kluoweu1qc5MNSYrwbuBp9M93733lf7xe48i9IP9dlOjqa8Vf02sm6PYMNucF025+GYH7t/8ox/xZgnPiKDHga6VlUeIZ8ZnVzBCzOvCXcGNMIVKKAtsSAtgKC0yHuloLsLYP+9MoRk/N/ApcwlFl7GdC+6Xzk/v3Ot/+61pmsQtXSvSv5PkLZJUcLOIgVSxsMCfffbbSG/KASnRxg2RkDGCuyfyPEnehCnsgclmHvHHxp1e+KQHD3ovvnErm6jg5lZaX9WtLHCTFpCh5yZFrQG7gps1MLKqQllg7SywngFoYYrP2llD1aQsoCywRS2g4GaLfvCq2coCa28BBTdrb3NVo7LAFrWAgpst+sGrZisLrL0FFNysvc1VjcoCW9QCamRqi37whZs9PjosCGZiaWxeEJ+PYQWDw5aaHGenTIhilVAWWLIFFNws2VSbnRAQEyptnJubxgq9irpDWEAzMtSTzWTqKqLYmAAJwA0Sf/lbp08+2vzWj644Xe50OuVhhyZvdtuo9q2MBRTcrIwdN66Ugd6uSPmO4rLqYEkT4MRfFMF9ZKA7a8qUlFUDZegY04w5a7YQ6GQtxSWVXl/AFygaHe5HzvREOhAqHhvp97jMoUjJxrWD0nwNLKDgZg2MvE6rcHgr/IFQpHwP9CPHhS4Ainmkv6s4yoAmk8FuB/i3pzF6/ko/7YOCC4tw2D4UkZJyhkSZseF+q9U2F88kh6diM1PBgFPhzjr9yG+1WgpubvUncCvqz1gCFos1GZ8HUmDzlBzYmLKx2alwpNxkMY8P9TndntnZqYN7amsqy4bGZu493oAdbp5/4wrTl/BmfHSIwU02XFyOM97HR2lfA2BQKp1qa+3wuCzRyppb0ThV5/q1gIKb9fvZrIZmCNB4ApUer6OkvJbJ504N3Wemxqj3lM14fAHqQ2XSB/fWIf+JH7zG4jaZO08c2NsYPdfSPxebGh/rD0UopkOdrSycIHNRuIyDji8QRlEqlWy51NK0s2k1WqFkblALWPcdvn2Dqq7UXq4FrI6IN1hWtW0n+lAW9Il4r4h+AS7Mk2NDXn8QMlmXCa5MtjiIHQyyMwmbx+Nze/2XLl0pi/jCfoe3PDTen2K1E07xrpiJOmJZxI8hx+nCzttZp9PT291tMWfcHrUd13I/q81Jr+bdbM7PVdMqODU2V2m0usEMmMEG/PQjJyxzs1NlFXWslMGQxbyjLny5c5xwiGSxm8nUeKp6970NlfX+A/eW3/5Yo4Q1DHWoX2YKhkqmxjGOTh2uQFFkdi4jD6trFFOPW8oCqjO1+T/uudjs3qOPAGIG+zvLK7cvQAfDEfJOsgN9HaXRGnSMTFkLxYrpshQHXTvrwpGgc3d9CWhmZyb31B8IBn0AFGuRe9gzG4vNMO5c6Ift2M3iQCYMbxVPjg95fbSnNmRNzyT6+87vbt67+W2tWljQAsq7KWiejV8Iz6Kx+T6L1TY00FVetZ38F+7DUAIp9sN/ixzkU/9K+DSmprqw20NHI+GanUsMjmfQg3K5vQgPj48McNBhd+pP8QsRnKmJEWBQYn5udnrc5fG/+/ZbXIK6b1kLKO9mM3/05Ncce5QjDPNZzEO97d5AKDaNmcFADLqADgCX4YGukmiNGYPe5Nngt2lsMn6layJbHThzrq2++vCF1iFEguuOlYLFY09OsohNUagUg1PoiDmcbooZ536yABoQQ/LocF8wXGq12SbHR6AG9FFxHGb1LXpTcLOZP/hAZBv6UPBrfL4i+LFDfR3R6u3wWgLBEGs2hVoGetvLKrchztvf0wrnxO3xzU6N04BTpqKppojQZG46mUqjS4UxKeKiKA34QIskQYzD5ZkYHfAHIxNjQ9lMGp6PLxAC3GTSaQxyAXrgGXl9wUwm1XLxYk1drZqVw4y/FW8Kbjbtp+4P18fjsaH+zmjlNgIa9KSoh8T/5Vo90NceraoDaGA6X7SyjkAmnfZ6/el0GgGd8qJKqw1nNuYujIJ/92tn9jaV2yodbz19hYjByRAHoIMqIqVV2Wya8uHaLPSr7HYH3BwWMDJ7fEXdnd0KbhYsuuV+q9jN5vzIEbKZn5/BYBN+Bvs64L8s9J6oF8TaLN3Rd9JdJWVVPaPpVCL+kQdvwyB3yG9HDKa5qeL9iz3k4eQwBaNOg9y1sTucPJd1qYAwDImyGbvDBXcJj6w3R6Hjc++9p6tNZWwJCyjvZnN+zMXlO0vL61jbOL7gbqZ+EDwcShK+DPS2RSvqyPXAf+aN0NwZ9kCU2ezwQHc6FW3r7/zovTtt9mRL18TYyAVWQn4QUAbuTSAYRhrs6EzNx2bsTpcAmgWpWZvdAWkgQ1gIvapkMrE5ja5atZgFlHezmIU2YDlcG7OFHUGfNQ32dpSV13L4YFCCE+kIB/D6483nKX7n8/TIN8n5JxgXZ0/ZTCKRHBqZxkMwVBosKsbCKECVLxDxL2ANIU4mA6zBjBuOPpDJBJI0h8s9OzPFY9W4O5yu8++f3YB2VSrfrAUU3NysBdchf7hsB61RIBThPRqWYIhAKUogtpKZmURIGKEW8YMSRs/uLJ1j7BkY2VYd4ZSIALvcHpvNTo9pHqkhrKE4DhCHdamQ4D8LyIZVDjQBhyI47JeIB61D6ymVVs8CCm5Wz7a3TDLe69x7DrigFIMCBj0MFnDL9Pe0lZRXUwoXAQ4DHdw5gvA7xX3xQ26OBWdGM0o29gSZTCyHM+QzrEFFmGSTq43whmi4j+P1BsjBob4c9erwc+HcuVtmIFXxLbKAgptbZPhVqxarvUuitfSmZ7ODfe2YLkwwweCA/c4hCGVycCFkIUzBaBRLyPdcCUALV640TeiDiTYENQyCBNZACIbApydHGdTkHCtyZ3IXAxukTWavn4/Er5oVlOB1aQEFN+vyY7lRpShqQyNPBATMsyA8oDR+XbtygMI8GUpjUz78MLxBmq4FJAIPEZBIBjfk2rD5e/MxhHKQhmT0yyiT8ukxhzKok/s1mKDDOlHUnZqdnsKuF4kEuGkHUmh7ow1VfBvSAmpkakN+bPmURlQFRZhrgzAwJvtSuq8d91wXBhOCfcHYzCRDj+xgTztgCagQKa3kfgpDJWANgcfwICbIlHEYYlTwbghcjj+889WnzgFM6JExEJwRooGKY03uPjM1wXIzBDdms89fFJuZRtgYD1gyjvtA/5Cag5Pvo9yU+QpuNtXHanMWF5fV8J0lYjMT6FXRm77QRB7T8Xj8gJjh/k5sGEpwk81gYg7Digw8kQziNQAR5uJwH6d5R+Xlq53VFaU5d4Y4MLxF2INEDmIYP9LUk8pmsHUOCmnfHCaf9aWwMmIB9LhCQq0F9dTvTW8BBTeb6yOmuTVADQtm1sD7AGzgJQe4oJF4u/GLUoQ1XcVlVUATFIEuXFLBqXmHiINN26X30ukkaJJ1NKFmZnYWW4hijh+hDQcajjWZzBRBDMvmg+sY85qa4Ht0MYi5hisEONdQx4QR8c1lfdWaRSyg4GYRA224Yrz3cD2oj5SL4Mgt4MgDbGGhFo4RC30i6hzx/yxm7C8KB0IlgBsssMSqKCwax/EvE2PDyURicnwYlFMTmGJDCLYwf4d5OiQNV04UdaIIX9hdeDcL/haCOLJyKr3pLaBCxZvrI2buCr3tC+4KBxA88a4QBxoCm4V4MHWb2MWzcOfeDX5RDjwgBh8cvfyBIqvViiiM118EkZSguYIknFXBEIfVjkzAHfvhoSOyszdQNIsgMbk79N/nD128cJEK1LU1LKC8m83zOc/Om6OVCPrShbeZv/9oHu9AsXZSET0DStgAExEREtF/lqQ7ixSz2zUniGSAlwgZD0EMnrJAGcpmPyyDPSMFhyZXs2Rgwhh2UYI5Ow6H6k/lbLIVfim42VSfMr32COOaTdh8D+NN7IFwgjWSgIb9Y8CSc1sII0DGs9gDnglyFryhHJQwtAEVc3Y4C+MiAIOABZRZSFAm9aJwCYyhlBkLHa5lmExJ1Z/aVF/ARRqj4GYRA22kYu5+IDRsNsemJ/n+exxhyNFYwBr8xqEuhBgMIxh0UJonCHhYf4pyAEkcXyCZ4Q3jIlLGy1gE0CCPdaB4EaVxggxHHAlygC+IAS1YVUaehTz1e/NaQMHN5vlsAQkAAB6VZfiB6XkLOHMNbIA22ZnpSZoWTBfBC/1iCEJ3whAK39jZBn0sn+ggIODDzjUUkWGb2hCPYKcEXXRnBHRD3QtwozGyNDivKVGPm9oCCm42z8cLqMALjw4L3nTuv+ClR/PYf4IBBgR0J0ih4C4DCEIUDeggcJPG7jZYh4lQsd9tAwPHLeJi3OKGBKQwoMklsP2xzqZQQTkyOqtsvQwFN5voMyfQwEQbetsRu8HW5TmkwTODhNwvIA8bliKQWPBQZMRhSER4hIvSjI1k8MAy1cLhCXcQXMMalFOZheMbjwUT2wLUiJRIbCLjq6YswQIKbpZgpI1AgvVHFlsR3nY60xvvOF57tpIbugMP2C3n3eAxnSUoQYK8EtDlvBtiYUkaBGcSCG44VEHEthPVD5WYandVON30tfmnP/0uJ8vJASfJw5IFk9vtxfm/GCbXWQ46MPyRAEftl66z0qbNUHCzST5aLD6aS9hmpyexBUS4pJzefer4oHXsDQcQUILwgGECgCI3xkQIAXAhmOH/qIhlsQRQidjYJBo+fZDggo2ks+0puDwullfGNw1kZmX1I4LDABDeDnEuXDPT43B7cKmzGRZMsvl/K7jZPJ8xHIri0iqXxzs62INWjQ72EsSwA6Fcbh8wg/k4mbGRgaJwKY060cWAhXCGIAd3npNDHAY7JIPhxuDgaG1VWcaO3UK7kcUdIM4CVqLBONTCb9RLGSwTAoCDudOrzGbsOooNjHEQFWjQ6cNdXVvEAgpuNs8HzQaUaJFUMFI2PtoXCpcT3BDg4LynXrz45KZks/NzM5lUigCCAIHhTA5q4MLQlsMMgagbxX8IQIgYF61ZMCdGiTGHSxRvjs1OEgE7ftPmcGZSSUIWixXw53S6kskknjCBmDwZswX4UhSOMmAieOJymXB12/wWUHCzeT5jBGQAEHingQnoKiGNtnGkwB7DQAiGG+hjpQKhYoIQghryabiHwtIZHLZLuZl0fH4uTaiELSiS8fgcslJsWxxz2pyIzzNRGexlAQGI1DD44UfiWSwOJw63Qp/O4w0AdDCgTtFrAiy2WBTVoXsFxQhyTA6Hc/N8AKoli1lAwc1iFto45ekMbZEFVwIvNj/WkoEN3m76x15zAhdgDQ7bDQSBODmvZgF3qEuFffaYU0PjUlgPdfJY8wcXW3FWFFDsjSffraqqtFTYnv7mS6z7lXa5CGhwYcYPc6MWxqCY0YAr1JlCHutTAWGuzbdh2aBSqzQ3zvdrBTRVcLMCRlwnIlKpJBDHksXuE2bsrcUm79LrzqCGfAqWIMRhsWCK3bDoMA/cUO8I/xh8UMyGJyiT5VIbecAY+IIlDkSMiweAUAnVYzZbUQUlIYbXzNikUDHLBgkDHkZCFOraIhZQcLN5Pmifx0oBYAu9ywxRaFCJ4QB7+9kNkIHfzH9hcMNghYCD4INKGIgQjtBZC7lwMuVzCAmH/OMZbH7OtuBitKyI25D1kAh4srHYNN+Vgns3GJoiH4cWjoKGCOgXS0fLSjizum8FC+gngG6FVm/ONmIsfGykHxiRcz9Y34pCLjyHhX7Jb6G4Ds27wUWU199zy8Ez6fm5GFEyEALeEEhks7VHq3/wjR8TjZDJICkHagQl/CIOXOTosH/k9bB0joBJm50eV5uHcnttkbvybjbVB223ORAJRq/GHwhjwDsYKiGQoBddvnhPifWDcp0m3jkCDXdzCJLguzDooUzKJhnk4/AiyqEk4RH8FsSGyXMhIvrJVQkvhlLoS9EduaBBGIiUYQHtTWV61ZglWEDBzRKMtHFIZmcnnW4vjxYzP4YNTjEAkPCGoUmuo8R7RAxQiIKY2I0mHnM04YyENsAOWgXKIzvkISGNLPTeCHQQuKGLQQ23GMpY54liNxxxaMeJONsdnSgw+4YTqvsWsYCCm031QYeKvNhc2JLFm2/GGDPgAM0jmGBgwYGDYQqHDO7UkKPCvRUCGhG+oQfmAVF/Cn4NRJCPQyhDOUyM2NTmOivy6thAN6rmmyUz4JmdncAEHEEbiQREWiW2ggVU7GZTfcoIhWCQGzNl0KWi6XwiyELwQvDBfvhtIU0Iw9OaOzEQTDFsIQ+J9ajAzIAIoMM2uLjefkAauugX84X4b8rCRc4RZbMLgRueUPetYwEFN5vts04lE7OzUxNjg5ikJ86rQ8CYvBLCE+olMRDBAz0S9ly70xO7CFMAQ5EQDm/J4Q0S3T19Dz1wNwiQ5phC5ssByEIqa7IiQMOeCF4WsimHXwtZKk68YJGt8lvBzWb7pMvKim1WO2b0YuBpcgxThDno4ClFoMNQJ51lw1WUI2MN0jyHYRMb0oJDwi7qTAFjGE4BiHgnCyXXWW8BRkyAvFwRsRDikBCipRsmJQMPyyui1zGrhy1gARW72WwfMlyGvrNncWYLTnqanRqfHKODcdmrbvL6gxw9PJ4Azp8DJMFJIdeFeSvcZ0GaEgAU8ntSjJ7nYC1UgoMXFihgoMlssiTic1gchTNhcGGlgp1FizDohJy52BR+sZ/cDfQomZmZ9PtDWBehXJvN9s1bQnsU3CzBSBuNpKKyfHxi1mq1waPxBXKhWXgX0xMjNrsLGMF8jew0nXVJ6w844DDvhSELPSM0k43NTJFTlIKzQ4PrHFMAGZgBmEolnC4XlkQxqMndOe7E52Nutw9pghlCGKQIkjDR2eMrQgLuTkVV+UYzqtJ3BSyg4GYFjLjeRMBx6GjvwNQbDIpPjo9gmyvekXG56bhel9WHqC/Oe3LDuyFPhtAl59TwBD3Q5qE4lYXhhQnTatBGImTXgrd0XbtRBZsrTIVymibc0NwbpgJJoU0nttfXXcesHraGBRTcbM7PuW5b3UD/MJyPdDqRTCbYgQhAA6AF2os7i9nQgm/u2uDOEIfdkQbc2O1OIA6jJXoGNjTNrzxaWsBkEG9jcWJUxLaXyIHN7Oz0wuZ+2arqigISVNEmtoCCm8354cLBwQ4Sw8NjdruLhWn8C84HAQ7ww+n0zEyP8W23mI9zvYNDA1QYr6JtcZAAB8yE9IKPkvNjGIpdZ8D5GPad8DF6EFOAh+MNZ4eTE8FRwBG1Tuo6o22dBwU3m/azjlbWtLe2ujy+VCKedGBkGmEUWkkgkIOiMskk+TWEN9c5OPScST/2yINv/uRt4shm/+WJ7378Y48PmhB4Jrwi8OJgcw1yeD7JX5hCTIxYr5CKxz1e4J0pNj0RamrYtBZXDVvMAmogfDELbeTyE3feg7Fws9U6PTmWTMaxgAAdKwwwJVMJxHoBNgv3JGYGAnpoCwt+RyKVRNM5GLFozDVDAFGsNv6HijpoRMYKsck5P/6BgIfBGudJJON4mhwf3n/4yDUpKrX1LKC8m03+md/9wCPP//ApGh+yWjE+lHNJCD+yGGDCYZt2pxPQIPpTuSQL1uxoati3d7fTldtwr6S4OFwcnvfMA7YgDSNZOM2KbV3D0YYsiRT1noAuiNywWzI+7/H4se/f0RMnN7mtVfMWs4B13+HbF6NR5RvbAtsadlz+4D10qRLwbhLz6AXRdD7afgKuTBz+CUvTaDd+KJvNBkQs55VX3wgGA1NT08PDI0CSYLDoUs/l918739rehYXdCAnDA4IIjJUjjVARzlRg0RrqZ0EsbnOxGQATht4PH79tYxtRab8SFlDezUpYcd3LeOgjnzz9xDfh2zhcHnH4AWblESLMTvM1B/BwRBeI95HQ1ULLAgH/7vt2erzeWdPsIfOBiZkZ848QnCGXyGqz09YTZgs2x8EEHHSmMMcGQ1oAIKz2BhhhHB2PB1Qfat1/Q9ZGQRW7WRs73/paHvnYp2+780NYPwCvYwEjZrGMMwG3Jx7DD7YNRpAFSEFRHhbc+elPfPy7T/0gEAh0dffwBsTj8Z0s1gs84hdABzKdLjf2KnW5PU6XF+CFAS94Q4hSHz1xas++5gVa9XurW0DBzRb6BmAE+sMf+zR8FnSU4J7AN7HaHJjLBxPYbA7+AyQSaW6aS5evVFbQJGB3xdyrr72JxOOPPsSKIAMLoObgMVG4BlkUHia/BygGIfsOHmRk6qYskLOAgpst91WAm3Ps9rt4R4k3HtAgP8oW+Y+//R/wiOOiPG734NupHU1NkUgYIWQAC1ZawidyOF2sC0YowyPGWFG1Y/ee/YcPy3JUWlkAFlCh4q34NUBMt2lXc6S4pL31MpZWwQRwaoA4uAtzfOwjj+7a2XTxUssT3/1eqKaosaG+c6i77Uq7z+uNj8RDoUBbRzebQIz4D7ssdPwDAs0n775PncMrzKgSsgUU3MjW2FppgMKO3ft8Pl93ZyvFiU0mzLthQ+Jp4M75D87fecfJ4uJIcTiUGEnUl2577fQbidGE3+y73HLlyae+j2F1IBRGoTA4hXjQzt17d+49ULNt+9YyomrtciygRqaWY63NSIvJx4994jPjo8MI9D7/o+8CaDCfGDiCHhaiNmgxosW4P/rIQwPzw+Wesq/8l7/8yGMfRsQHcIOgMuDp0LGTal3CZvxqrHybVOxm5W26ESUCL+DsIKxz8MgJWr+ATScy6X/+l+/g/vhjD2OgCo165fQrCDE/9shDT3z3NCI1iDQfue2O+x7+qMKajfiJ3xKdFdzcErOv30rh7Jy6+8GGnQdLozVul+97339mz65dUNdV5vrExz+KJeZWq9XnDwbDJUXhEgU06/eDXJeaqc7UuvxYbqlSAJEUJs14A9goa2Sw55+/99IfffEL6bE0liw88eT3/MEwtuxyu73x+PwtVVNVvvEsoLybjfeZrazGmAqMwM3UVOoTD5965J4jQ0OTeHQ63F5/UaAoAnAJRaL9Q5OmoPn1tz4ABmH5AiYQY/8adUrUyn4QW0Ga8m62wqds0EZgii9YbXO6qhub79oXjCXMXUPzs9OTd548dK6lH34NllYmU3EvfJzEPCLHsf5YbHYaI9+YIoiJx7SsPGmHENWfMjCuyspjATUQnscwmzcbGOHyVWzffVsiOV9eWV8eSMUzzg/ap1uuXM3YispL4dI4+obGsI86xp6wawS2WK8uL2k6VG1JWPsHxxG7wXoFxIyLS6tSGXMyjpUQMf4Dm81MTSLkjCrU1JvN+w268ZYp7+bGbbfhOIECRSUNe48eGx7sjs9h73T76FDP9gONtOxgfra8qp4WN9Dk4OynP3Lq+y+1YHEV29TcsqupeqZ3pn57zRvvXMQmx1a7c0fjgbnYNKYUY94N6MPF5RjP2rUtgnRlhB0yZTL93T89Px+bLikpUtCz4b4qq6Swit2skmHXl1gAjbeobu/RR7FZ+uhwH5AlNjsVrdyGKIzXnvS7TfG5mYYqX1N1IOy311SV9Y/GJyeG2MkNDvSwzl9s81f5O7r60Kqa+r3bdxzIplPbmvZX1jT5i4rLKrYBufY0lF7uHH/3fEcoFOodSfQMx08da0YAaGo62dnRs77MobS5RRZQnalbZPi1qhZA4wlUW51eG7Y6j02XV23Hzn5uj++uA6WVYXNTXcRmNdmt2V31pZGAI+i1Pf1am8thwa4R82mn1xf48M8fPHxvc0ljJFTus5a4RzozGP9G7KaqbgcGxedmJgEo2E/rxL6yuXjK60gfbt7e2TfxwdWhzu6+owcaB8YSbl8AYaCJ8al0MqbcnLX62NdpPaoztU4/mJtXC0ATie4srY5ionCktMIfCGEGMG0vkZivDceff/nckQM7rnZPVpc4EolUZWX50JQZHaX7T9SOz9LEYpfL3T/a7/bsxiLvSIkfexnb7PZwcRQnAlfVNg32d6LXBdiaj01NTY6mmgKv/+QcdpwA8ZnzbQd319VU1Q2NzkyMDuIcq+JodSaVmp4e62jvqttWc/NNUxI2qAUU3GzQD66Q2gCa3Ycftnt6cdwc3Bls5zkzNY49+jCcVFPiiHpKrrT14sFuswGAWjqGTx7dHZuL945iC75ArdXkc2XHJhM4ZRy72NiwJ7HZlPIMu0xRq806MTZQUlYzOtRbUbW9v7fVHyiCTERwJmPpI/sbsV9XfVXRnqYqbIY8G0uE/I67Th0+e7kftWARZyBYnJif7+ke8Hqsajyr0Oe3ectUZ2pTfbadbS27Dz1ksXmw5VVldb0/GAKE4LRdRGq2V3hD7jgWXg4Nj8HHwTYRHd39h/c1YtTpg9ahimip0262pCfTZndJ0N7Sn8GMGwSS6w9GsWGWNxOYn826ArbZwRAm+wFlgCA4TwYrpzA6fu+x6nDAWVYciATdf/utZwPB0PDQYFHA63DYPc7s7vrS7VWRtp4JhJ3RscKA1/TUzPDgUChctKlMrxqzBAsouFmCkTYCCTwaf3hbcXQ7cASuB4AG/Rq+NR+2KC4vylxtuTQwOOxwurFJOjbwQ3cJ26EfPrAHG6ZXlIXfb48HvVZs6Fcc8kxMTtWXu+Mpy7bd4fK6SDppcTvM6YxpYiwWiLjHeufBC+forsMVdeXenXWRjq7eltYuh9351b9/6q6TRzBWVVHq7+0fQa+turI8Npd8+fV3Du6ujYSDV1pagYPh4gr06MbHJzIp2t54I1hX6bgyFlCdqZWx4y2UAqApqdpjd5sQUkGfBZrA9UDPiWNNqS/p9mUvXG5HHrbdwyEKGLGOx+cee/ge0LV0jJ692F1R02Cz27qHk4N9wxMJf0O5PzY3Ux/1JtK+yy+Mj09nDjfYRiYSmE/sdWbvfigydWUawjAHZzoGKHl3ZnpyenLkl3/hXyXm58hvis2YLeGRibkDu2tefPMixtbvOnn4pdfewTbprG/VB01KojVQbwQb6Fxt396w7RZaT1W9lhbYbN4NpuTTeUkFf/DarKWJV68u8mgi2wJFFcFgpGrbTuo3Mb8jlcR6prnuzsvbyz2DQ6Nj49PYsRwThTGJ5vZjzTsba7fXVf/N1576wY+eDZTtwAQck8WMSA0cIox5Yz0UNuXbtiuYiWVTGZPDao4WYTtRs9tu9XvgCWXefrWlZE943pZ67plLLVfbZqYnRod7EZQ5e7H15z71+OjoOGbrYPe/2ooihHKGRqcwgNXW3nXqtgOTM+mB/p5dO7YPj8VoPy6LGQslUonE2BjcnHnl5qze92T9SDZ/5pd+Y/1ocwOaAF9krqV8awUL5sKCF/u8cAlL4ZXruoVp8mgq92AjvmjVdqAMIsE4phL+Ag08JRMD3a37dlUHfK6Wq10AIPaTOXlsn9frfu/81RdeeRs+Dk7sBSYdOn5/ZW0T8Bdh4Mvn3iwpq/IGQgFnetf2YnSXpmOp4nAAGGO3ZjBDB/P/pmbmxiZnn3v5vYmx4ZOP73v2W69NTYzgh8VzitFNKy2vAX4hvvOxB49dahvE+nGc9OCjWE92306MSWXh5jTV17x/dZJrRfCYIjcHB1E1NNbfQpOqqtfAAhuyMyXwQjbQEsFC5tWMj8hFsmSklyhcw7VKj1ZncbSmgoCGKsCEu/Tk2CDWFgBEBnra4Nrde2L35atdvTguClCTST943wlsWP7OuZbvff9peBzYYxhRFRz/gk4N/eQuU7ikorSiLrrdkxxJXGgbDIVLMfY9NjFdURpAlDeeTKPz1do7g0gQtkMPhkpeP33h3p8+/r3/8QxgDouqAHPwguAllZbXYUjrpXd6G2uC4aD3Qgsqwsm95nOXu6HNnbcfPnP26oHG4PtXp8zmNJqAotKymhFzT1dHb01d5SoZTYldDxbYGHCjAQLDl19Dk8+4hrycWF8kZMKbEE6QRrKeS0Owgo9zCVswVApHo6yi1oRJNHTRSbtzc7NdrRcSycTJY81Oa+rC5VZ+at3DHzqJGM7/+1f/CHwBysAJQgK4AJ8CBy5guIpOTsDFjk+o3RVJTJkG2+cAAQPD01l7CNK9pc6ZWCrgtU1M076izHmCpPlUOoPe2Q//4cUP/QyqOPI///JJlxshZIfXZ6UwchLbcZlbOieGBt5/+O7DvUPoUlkRQobmZy91Hd7X8M65tv0NwR+/cTEUjgJuADmI5oCvt7cbHbqmnY0raDQlav1YYP12psSrDmMt95XW8MqPsukNxcrEhgSyBKRl+rGRwXBxGSdYCq9GVIFH4F1p9T64MGUVdRQJZv0m9l7HB3rbEolEOpV44M4DF1vaATSnThzwut043fK//vU3OdDAH5mZGoPjgxAyZv1BAuDgM7/5M7X1e/1FEeTMxaZ6zvElUhRtBjFWZgI4asqc8E1qytxtfdOo9P2L3bHYTH93K7byQy8J05QxRxl9pXt+6viTXz2NYS9MRCbvxo1RcCeWj6N2fzDSWO0PBX2dPSOI4xC4mEz7dla/c669tqoYweZL7aPweqhvBXijjlUPAk9126oKWEMVbVALrCPvRn5vYU3+uvJMTZEoFUbXEGhedc2jnksTxNHLFyz6BCBGZFbWbBdpjUoiH4l8+sg0Is2Aprncj16GuTRajTAwAjQCaLAPBEK8h5q3O63p8xeu3HH7Qa/bdeb9y8+9+IYENONwguDO8K4TOj6007DVeudjJzsvTKIifxjYAW8pk7GYLBnzQF8HQjAUCUqnrnbHS/3JeDh64eoAOmsAAtqbIgFHBsAFjAN4QZLt+19/7uHP3P3kf/s+1iu4vUHidXlw2lS4pBIslzvSU5NXjx1ompikM3yBOICtQ83b4Fa1d7UCjN5890ooUgYnZ3xsEHskW9zmq1faImG/prcrbKISG9QCtxJuNC+k4UtomAlbg5djBNJyNycfvebj0VSt/1prCAQ7l9/b1SZyZIgRmUjk0wSSgSAgkNUWjDIXyHxFNQ177wag4AVGXAYD2GnaaCbR39uGMR2MIh1ujrodpg8uXX3ovturKsreO9fy7Auv5YAmQb0nuAzwidBhAjTAe0HsBi88pOGt9vh883N94bqK6bEE61OhU4Xj7sygBZiAnn7SKToZJmsC1gBt0I+i0A+OXsABDOkUGOhEToyi2x2nv/bsYz//gM1qf+rvnsbWosWl1ZjFg7BxxuGEDl5fUUvX5IKbMwyu9y92odWH99WjY3XPqSMvvPp2Np0tKa2iDmI6VVRcPjLYPXqlVcWPxXdjEyTWGm7Eayw7BdyO+d5b2cqCHZl6jECmTCAzatLyW60p4o96AgExeN+ilbWCS9SoZ9HTIAdki1JiQ72KugOIBxeFIi4PRovjgBhgDfovA30AmiSAJmGxYvyorfUqAjTl0eKv/MXfT44N8f7LzOQ49rJB74SAhib7pemcXvJDbOlMyma13fPAo7lmur0ee3JwahJIBKeGoihUkO3vaYP3EiqpgCeViBOsJNFhQwAoMT823IelUvBxACIgZnItNpsdo9rPffsNDIv/8+Wvn/76s8jBOk/s/vfid85hlUM67QD9pY7U1MSV4webMOe4s3cEbs7Zi11wzd493/ahk83Pv/7BxNhQEdwcuiyI5mC1REd7j+pY8Q9rE9xXHW7E28iNJd40PbiI91ljVhENQb5g19CIRw2BpnZBJudrWASNRh+9woKSJ2SZyIHzJfyXfFVoJOCRKG1FgeJ6u9Uaraob6GmHM4IXHTNoju/cNz07Z91zrG9gDH//vS5LbVV5Y130y3/+NcyzSSTmkDk1MQxgIn+EBnwwDSdDwRKIANCkU8CRolDZkdtOiHptDqfD6QSaeHxBjIITjyk72NdRXFaJ06P6+zoQHI4GayFpcKALHSVyr8jpmcHAFnAIxIFgGFxWiw1zhTFjOFRcHo+lf/qzj3df6X7zmfcQkZmZHnclvTg2HArYobav6HLHBPpWd91+uK+vD8q9f7Fz/64aQOH9d+x/9/LoYH9XKMwRx1RcVoWwc1dnl99nN/zrIhqiEhvCAqsCN/KLt/Q3TbzPGnbNay/MKuhFDhIyLx6XUrvMwn0u+C/g3daIxdDLuFCXLEq8HsiU82WJGvUylgCGkHHKAYKvpkwaPRGEPxwxT3lRNjabNkWcP3zpA3SUfvFT90EIoOfLf/51xICpd4NI8PQ4HBHsO4OpvegxUS3MpQHQAB/QmQqGio+eOCXX/vXPn06mXPf+zG2vf68FEWigBtBmuK8zEq0EouAKh8sQXfY4aVMkLCgHgFqsdiySwC7FcHBsVit8HMABnduLU8bt9vgc7ZuD9PjgtL1o+r5P3P30t55Bnwijae6Uz+H0pJ0uIA6EA3Sef+knxw81hQLeK+09Zy/1mC2m/bvqDu4wxetLX3j1DFyyYM7NMWN4HkJGLl9p3KFGrOQPcOOlVwZuNK8Tf4t4pqYIFtK8Y8jR0GgIDGEFXAKGODrwLz3y89GjyPCSu3Uyr0YrmVfWUCaT8wW9YSYvBS+PQCGeWt1wBNAQragd6Gm1222Y3rK9wtdcu6N7cKqxruxK+8BMLP5vPn47RqD/+M/+4VMf/9BX/8c/wddA2zGKRGPZ8DRMJhwIBayBT0EBV+bRENAEi5sPHgKBRlUeGwIBHw6HAKQyCNyw6AmcEQADOlPwfcALpwnxaQxOYfydBrZACnSymIGPGFAHBzavwEDV4dtu500LuuvnZxMP/Oz9/+0P/3tsZgreU6SkMpXyYONRmx2DZkmvL3ipYxx9q7tPHnbaMh3dw+990HFgT90751oRyjl/pX+or7soUkq18I7VYM/I6ExxBHtcqGujWuDG4Ubz3dUbIN9rxhn5aya6G2DPR6+XjBwIEZ0sDaOAIQ2jDCUyjZwvs2jEykU81oscWX+ZoHBaNh0oseIJnkK0og4B2vm5aYxAt189f/JQ/fmz79596mh761WXJV5VVuzxuLp7B77x7e+fPL6v5Uob4hqIpAAUMAcPd4IEODQIpgC07A7k0CvtD91+5z2s5NqN144mAOP4u+vx+BmCUE+KTf0DXrG5yOn0yEC3rekAAIeBT4rvLsrwBysfLGa6WXz+ENZD+QJhpys3P/taZTh+8xOfweMrP34GY2qEOO4EEAduDjS0YfQ+Pv/jl34Cje86eai3tw9BnEPNmFucNTeVnzdb0LEqCpeS02U2Y9McNLmzYyLgdwrPUa5Ipde/BZYBN5qXhLetwDupabyGXf+N0RAIdl6FprRAvfng4+yZ17jMSElUCF96QlZArzyXI9PIkqGtXMSVxwtfu+N29D7KK+swgQ79JvSM5uHmFNtq9tW0tHYjtIvxmkcfuANuxVM/fLE8Gq2pKv3Ux++/3HL1ie8+hVIausZlwiQaAA1CNBQNxmuMx/sf+bisgL526AAF8A6DDDtmYV8I8mKyOF/Kx7wb8nDIz8FYFXOdCNHYphPwU9BrY/VZyPVgUSK6m0zwyCANfTTcf/FLH+UJrsape+5/9vtPAlwQPMb0ZWcqSR0rjKXH5wNFxVhF8fxLb9196rDLloF3A6kH927b24iNwSwDfZ2sY1WKBvJQTm/n5d6e/r3793HJ6r6BLFAIbuTvKJpk+IZraETLObFcasgu6A3lc3a8FXonAkWLCpRdGMjfdzjn58uVIq0hk0uFA4XMRavT04jma5ow0NtVuf1QtKY8HC7OZhETIaDp7b56YGeNp9h5tb0X7zb8hfvvQagli+0gfvjMi48/cv/Y+MQHH1xsqK/DWbp49xIZerdxUWeDkAZAk0T61D0PIhNVLxqrtrtLQIk1ljhTgTCF/ccjvA8GY4Q2Rw80Xb7SWVVRwnIwTA4icqSoH2WmTbNw4ZHARqTp2eD60Ic/CjtcOHd2qL8DW6mnkl6EfiKllQhRsWhO8PmX3kTsCaCDOUQYHceIlb0xBMTBuPsQc3NgqNmZKSxGhc+lNgY0MPG6z9LCjXhDoPkKvmCQthSA4GTCaFyBfGrIqgqWgd7O5QZxZG9II1MO64gqkJBZ5HykZQlCc5EggoRt18FDwaIwOi4YysErx4Gm4dgObBOBNxxzgvFSoz/z9HMvAXf27d158sSR3/ncHyJogvAtQsX8xG67zUHvvMWCbKAS1nzf+xB5NEIB4YIhR2TK2lptAfaYAxqGJFQxqsYPTzDnhvAFjwyOcgI4yrA7x5tcvgBWEKNSueGggEon777v+R/+Lzg1bm8AuIah/Vz8OJ3yeIOIN//4xTdLymsO7So5c7YVs3IeOBF65o3OaGVdR+sF7OUO5wg2KSmvBeJcbWltaFKrOnOW3xC/bIZfRK46L9J8Y/StkiUIYpGQ6WVKkS//EUamIaMglhOCUnZPMJwkahEJziXoZSFIy2QamnywItcICXh5OMbBG9JIkOvCq1havbduR/1gb6vb7SKg6bqyf2cNB5runtSpEwfxzj/7/Kt4o5r3NO1qqusfGP6br34NIWG82HNzMwgAQ6Dd5gTOYF6MmSbomu+472FeC2+IXgF9DqePJ9k5HEAb1o1C1XAiIphrQ/Hg3IVMhIo6u/sRtUEasMN4KZoyH5v1+gPcr+ECcRcYB8VQr2xbQXPizvswsajt6lVgJyLNGKdypDC8RVMK7WmH2x8c6Gt/K53et7NybGKmo3vw/tt2XWrts1qbMTPIYXc73B4IL4lW4/ia4eGpkhIOmkK8SqxfC9jyfReFyvpvzM0DhCwTX1D5UU4X0E1+4TWgkI9Lliw3IR+9sIA+gRplaUKCrJXMhd0hsF9EeW1FtKImGY9hUObC2dePH9hVzzyarp7UHTmgeWXPrsbdO7YPjYz/9Ve/hlEhxFDh0ODtgrPgdGJzrHkMQiPfbLJiMPrAkdvkbqZQQ666QBqB3lwpwxHWS8INXkwuXkxpwhi6UR7DJbDwgE2u90TlHIMMqsqnEvKDocjLz/0Ak3cwph4qjqJRQBx4aukUDgwG4nTMzkz4A+HmHRVd3f11VcVeH604x7j75MQoFmdhQiBKESxXmx8b2H29Zmk7U3o9+TdGfrtuDCBkCZpvoeZR6CCzyDNi4EpoIEawLDEh/giDXq5FsBuqJFMaEhhqFU/aEQ0tr6zFH3OMFvd0tmCBYvWJvVfaeuqq92G/K7yuAwPDeKFLS0u+8a0nsfKAAw3TDUfHuTFuhTQcCuo9mUwOr//oiTv0CsjqiYYgIVMKGvgXHn8Fi7swFAGgMOBgvxfSmWzQx6bwyOIoDU0Y6JBvk3N4kMBSLCpc7BI6PPDYT51+4puIzoyPDmJeD7qKzM1xYYQOnSaLxQY3By7P5MQwZgCWFPnN5nBrL52lh9mPmCgEpxL4CycrnrQiHBatxH466lrXFsgLN+I7wdWXv7LI0TyKJspc8CCQL/785mMRvPqEHDqR32TUIlckGPVVyGT6Us5omC8Yb6YVrPfUXFe1DUFcTE7p6bjcvKOq7kjjxZa2k8f2F4eDg0PD6LSMjE09/dzLGCdGmBZzebEiAK87XjPEZdxuXzIZxwAz5g1j0Pm+hx8XjdUnDBsCMqjBicVnIXgxOdhkcua8FoE05N/kHkqgZcCHB0IVdgfOMJAB4hDWQALiu2ggot2YmyPsBhae5lqJfLDIej7ysU9DvffefnNudgqNJTcHDo7TbafwURo+UGfbRZ8/cObCYPMOW11FsKrM/8Lb3XWNe4/vDMzOJfqHJt7KZob6Oi2WTbJDo/hoNmXiutjNTXYxNAbSeBDyF45Tyl87wSv3R2SIEQRIGDIin1dxMwDBa5FVlVshquBk8l2jEv7YVtUfQe+prLyK9nZov7x3R2Xt4YZIKIA8lTiqAABAAElEQVT38P67jrd1dmOj8hdfOQM0gTuDtxl7/GJiHt5kdFswdQZYA18GA8X4I483sGHnTlQH4+SziawMT4tWaJrAS8cmYlXbd3HIQBAEUIImwMvAoipEpBEYQgJTaeYT9Oh0OqcmxhCrRlcODhrNvsmkMb0YGITVW1iWiXE0OB1oi7ADJCMNHTjYyUgnFOPEUO+eBx9lbo4VCmBfwVCkIu1MZjIYIKP1pV5fiIbDTaYrXRPbK70PnqhJpEx9I3NuWwpnSOxpKMM0wpHBnnPvDTY0NejtIFTSF6mcNbbAdd6N+F7iCyG+E7JChp+cTGlIAAmG+YJR7ihh9aMhsayGPi1EoUi0gpPJRTKjphaZTFNUgEsUgV3AnMtfUdN0zEILlCLYZDMazNYeqQ8XBdxuZ0dn79jkzHMv0O4Q8AWwWQz8AvIOUpjJQgEaIA5Nn7OYuTuDk1KO3Y7h8GuXDMfXchcGy5bYCjBaLdRBw+KAvf7DxaWVqBouDU7ILIrAv8DShSQ6dA1VgdIIjmehwA1blZ6enhj2Borgd9DoVTbjwTl2FNHJXTzBdYA4JGDJAsaUtb33wY+gf3fh3HvoeEIr7EeBOM7kfAyTdLDtBWYSIoyN6YjNO473jKSqiu39E+a2lsv3nWjCHux33Lb/6eenEdnBRyA+fSFcJBbUzP0uoJiGUj2ulAWMQ8X5Pgn+yYn3iiuRj7iAipp3RvMX2/D7oa9FJtOXitrzFYFd05AbaI6sw7/7uU/ifKWUGS+YB4sjX3jzYtAxfWJPFUVdTNn3zre+8MpbGI1CrwMnNCEAjPcZbgubrYdtHODNYO8pBjSJOA7YveuBD4smyAmNrXgR1Gi/coGPjsnESBvSI59HbYg4hxbUVyLoINxBFv2/2D5cWV5cVhLGvOUFMuLgF7WKeIl4IY8cTG5w7t2IfMOE/qPBoNXzP/puKFw2PNDtROfKj0lJs06mD7bpQvDLY09d7E0Cmo82OivD+7GpKRnQkomUVg31d8bmslNtLaVR2oFUL1yjg/zZaYoW5dXQq8clWuA676YAj/zZiD8gnF4uEhL0H5gMMfneAc6u50U+r0UPEIbEQg19QtZW0xBOLBPI7KIimYBnIsfmLO4fnjaZ3eXFfryyXX2jD55qAn6cu9iBzcChNgttAGjoSDn8HYaDgHcUA0/ogLicGNnNeTRAnbvuNwYaWRmkNWrkW1Aqm12WUN1wlB4ZUHCEEXiDTA44uP/jE8/85mc//c65Dk6Yk0B9MMIr/GKUTBAoGBFXDDJ5Qtgtx6v7JRrCKXk0592fvA4rTY6PwPVDeAvSsKloXWPzZCwbcc16Hc7BSTN8nPl4NlLkwXr4dy/Y4aMBcaan5mq3L+nsKo1iwlD4cgqVdMoujmJ6FpUjLJCL3WhMz4tloxsScDLDIs6r6SWB3pBYaKNPyDqgVA8QGgIhQa5IppHzBbGcMCSABH0MAs5/Imn3FUXgIiJ4URb28nfSYbc21EbfOHPh6edewasCoMm5MywMDI8GPRG8sOjO4G62O/lQNxAHHg0qkrUVinGt5CJDPQW9SOiRHUKgOfZGR2gGZExn9ptSDHmkG4oxH+b1ty8Q4QIpCTebsJoBcRzsFooij68IS9J9gQiAlX9GaJleZ2LUXfqGQMK9Dz+OaI7HE4BHEyiKmEKlqByGutQ+VhnOTsWy1aXWeDw+MjLyQUsvnMFDe2rfPteGHXZKy2sROMMou6hHL18UCYhBjmyoAizyRyDkIFGARSbb4ulcZ4obUeM73JgF832E3NCGn5amIplGU6T/tPIR6NEBvPmI9WKRo1FD5sUXGt5BVf3x4cEu7GV16rZ92JAc22oWBfxgTKbSWHlw+gfPTY4PY1UQXhIEU+HU4H1FPALOP6EM5uYn5smpMZv3Hz4mYFSuRWgFTfTN4eoZ0gtGkdC0hT7oXG+K+TQMX7BJMPasgYYMV+C14AXndwIhIYr5NFTGHZwcBSOWaK4lZQ1lNQSFJlPQczfn7TdexopTQHYwXIa9NTDR8WpPYpdjDLvD9w8MlZSWBkNxBJjdTjPi65HSCoxSmS3YJcMgiCNqxF9BPjNThhhRWjgh1BNq8xzxqGcXLPqirZZz3ciU+NJzK+SzoN58hSFGtqmeF6WoiCMd0vIQhiGxLE2TlhXWtIVTygQyr1yRoJEzBTFKsxZ/3c7bMXNvaKAjWFR8Yl9VeWkRXj6XE+uw05eudEZC/t7efjj2mD+CC/vapbIJDjEcXzjQ4Gym2+64W0jWJIQayIcmhsqgSCaTJXB6Uaphn09aastoceb1F4MeZDH0AYAQyMg4cx01gyuOWdfAKItV5tdRsYd8augpkSOIkcaXAUvA4It1tLVnTThSphaRr3BJec9otiwyMzCeHJoaaN5R+d6F9IVLVw/uaThzrs3mwOXq6mgRXwDRdvEt5SiDiuS6ZGUEi5zJ04JFQ6N5lBkFi5zJ0wW49MSbIMc4VFzYFjCf3EsC8YoPJ3EFDD8nzSck02iK9B9PPgK97wBeSJbp8RhP2iIltZg+j8MPcCzcbYd21lcGMUgzN4dt7pLdvUPYy/cb//DPmHmGg2uZF2PBO4sdIeAI4MIUWA43t91xr6aBvKJltYVLkDWUZaJFMnALyZweS7lBPDrYgwgr42JAgxseONZQbnZyfAibcuFE0hNH9rzy5vuMkgNMDmtyDg4r4LeRoX70FpHGXVOpRFUoKbeIS0DPqG676eL5sxixwsAZ1p3Dtu9enakKeyZn5i62DuF04JdeH/U4TAj0YDP24f5ObDwKC3DE0aCMqFuuSGTyhNBc5OPPIbdnAS5BrEkIFiFWn6NhwaOg0Rdt3JylhorRQvGxIa33QoUpZVvoTSaT6UtlXqQNCSCBu0Ly65SPWCNQfpQ1EX8JZQKkOc0dxw9g4nzcVI8dvzHF49KVi6eONddV+PFmXrjaXxUN/fjlMx++HztyZl989RJiDT5/Edx+oAw6HG4rNsoCytB170PGk/RQiwYdRNWGFtAoKYh5PmfJx8hbhP2AGXHOe7nWIaJek4Q5Rq4NkCZL8InWc+ghqKIfLtHs5MvogQj8bxLPl+/6L49cirT4aEQrkMCk4dde+jEMi7UL6DdhLvL7l4ZOHanvHcRMRTOO2cPpWjvryt4+1+7149DOTE/X1djsNKQtWp2mdjyKeoUm/BuCR5Gj4RIsmnw8ChY9jT5HsAsukcMTBVg0lOvw8VpnyrAZhSFGbo8hOzeZBh0MKWVRhmnZ+oboIBMICZq6ZBpNkWCRE5ymZ3C2tGJn1JVoaW3fVV9+vPkkhkp6BsYx82RqcuLl9k7MuEdPyhYKAlmwWHl6YgwdJTo0Dm+k2YTBXX1dGk30BFwNmUwoJohFqcgRNPkSoAS0eewhIuDQkktxr4ayCHNY5rUke87dCG+Q5FiTyxO4hL0EuTKA13zvufylkgWL7T7yNQdbhb3z1pv9PVer6nZi+h/2RX7tTPvJw9svtA5gc5zXJ0bDIb8/UIS4DPbEwVRsoBI8I2Elua58VXAawaIh0zzKAgWLyLwZhwhCeF1CrKha5IiKRELQiJz1lrjWmRLN4IE0rmi+4dVFmyGkgVKDDnKRLEdvLJlSXyrzIm1IAAkasMtHqZEmHjvbWg4duWtbKUIznpryIkxwGxmdoJWT6QzWImDwuyzsq60MYyz22985jS14Z6ZaMR8XX/Sde5rxXZe1WlZzuAIyO8+BEOAF0rJzxyXriUUrNAneCcLZCdyVYbjDEEMADIEPMR3d3xCLIRwj8AR5OaDhQvDMISonipgWuTQwJMyyFG/o0NHjWJOJc/Ww6w0cKJwV8dp7nUd3l7V0jJ26bf+Lr759YHfDmbNt0ap6TAucmopFK40HxUWlhrou3ZKCXbAIyevHIYKSQj2h8C1JUGdK89dG/jYI28nK5VNdJs5HAzn5iji7Bh3yEcv66NOyJhqwA7FcKvNq6gIZgpR3Pfzzw/3tOyob8P7F5ubfOduCg3ERr3nx1XeiVdvcQXtytn9bbUVLawcm+0Ma3HgEjA8vnHYAIZoWyTUuPS10hpIaPYUQQSNyeELQc4JY3FRTRiEb+F9AHOoJsX8ut48SlOZQw55kWcAZ2acRaUFICRmYZGZtWmgr1JO/eDK15vuJarEkHiszMd4HxIHZuye99WVusODPAE7dwoQdKzZrtttd7mIRwZEFIi0qRVrWhKdFjuCS6UWmnBAsGkrNoyGLnMnTBbj0xCJHcOmVETmC+GYq0ghZ+qMNn2W+jxlSRANkiUJ1zYtkSCwz5ksLgSDQoINcJNgNK5IpDQkKs6OUSxCNAtbsPfJwx5X3P/348cnJSSweevaFNz/x2L3jE5OnsZVndT1GZwf6e3Fs7X3W5u/8r2chwTWOA6Hih48dl5XRtIirIRMIxZCQNZdp5HyZXk7no9F4Qx6v7zrUgAiCF8zKm3G5PAvow1GD444p4HPlYOR6MGEODkMdJoGUyebMCMjS66/PkfXPl9Z/Py9/8G5/Nlu9fTeQBWu6+ruvbivfe6G1/9RxODhnDuyuf/tsGxxMdOz6unE+J21aqL+EMrLd5LTMIojlTDmdj1Gm0aRlFiEfmUiLxwIsmiI8Ci5ZMifT5/B8waKXlo9FT7n0HJv+syzMLOsnf5DIl4u4kAIay8QFyAyLBK+ABlRnSFm4LaJUCEQObxRybrv308CaTz12NJFM/Mmffw0TUn7z1/63tvaOp5/5MWa4jQz11jbsNVumbju0CwNT42MD0crtmOq2a89e8C6qTD4C8MqN4hrmIxb66xP6Fgkac8KONHNEgAmEHwQ2eOYPrIQyxaPgXMAaoAyFiRceF7iJji07oDkviN0ItaGMBvJAyTUUNKKSAgnh5uzYc/Dsu+/Cf/F4i6rqdmD1xhtnLp44svuDqz133n6of3AIMIT9SbESAkNvwCafPwix/KsuLLOsqvXEQg5XWPOITD2LvmmCSyaW0xoWQa/J548FGA3pkSmzCOE8UzzqeWUufWmBHAoVL8osV5yP2DBfZoQSeJFExMGQvoCiokiWqcE7QSMn8lUky9HQoKi6/ljn1fc/+chh9Ju++KW/isdjH7r7JDpKf/E3Xx8Z7sVBlI27jwSiexCVxChse2dPWXkdpthGywvt5idrpUnLysiN4mRyqcyoURtFglJfxBnx2keiO5CmUfAytkUxQxsGHhxyGPJIWCLXaJBeWMeAzdUxOQATiwWNrEw+fQSN4OIJmV6gjPyncd/Bgy2XruDcK/iY6FLh2PSOgflt1dVmc/JKa/fBXQ1vn2sF6MDBSSQtYERFWFYG4ctaWabRCo9CYVlDPZlMqSkF49KF6HnlHCGHZ2oeeeaieoKMM2ooNY8F6hVFBVg4DYWKDbUUIpBYVIpMLKc1woXjABpNpYtWIejzUebLF4yodCl4hxnD8Gv212KPzmKwfPnP/j4Wm/nQ3SeOHdn/u7//pcR8zOcrwt/Vo3c81tHyHnYOxzKFv/z/vhbCfNxMFmAqVydMsahu+Qi4hHylvC6NN5SPWCiD06BwIIxwYig/hzMSxnCnh/k+C4zXnBmWw/pQ1JuiBPlKCxdm+kEx+EaLagKOfDSQIOZ2iSOSkSnTN+1s7MM+FLEZhGywUU5f11WLZUdtqePk8f3jk7PoTCETDg6bJ0WbbxUY9xCIttCI3G8BcNzUBRTWMOajhBwgvvijK8Rydrl1eoEiR3AthV4QC3ZRlyhaihyZXUPP5SBTCJSJRXVIUKhYMOejFvmCUi9OzhH0snBBYChEZhGUcsKQSybIlwajEC4cB+SITMHIqzh+76ediS6ftwnT2774pb+Zmhz5k//0exh2/eyv/w6iwIEgBlan9x+/H8cJ7N9ds6ep6nf/4CvY1hNLGfbkP4pErmspkCdUKpAQMkWjOLHI1/BKBmRIkcMY1o0yZUeH+yIl5bRwlDs31JfSCKBH7HdjkIsskC8wdHV2Noci6EwZUy6WK9588arLHJrWWbLY77mlZvsezHLCuDg2mQfiVAVT2O0DQ+MvvHIGEWNMMsa5DYX3+jOsC/Xmc4jy0cuqymmhNj4F6YOQSSgtyDQFgoUTiEcNmeGjITHk3DzqCYVFFSKh14Rrfm3eDSgKUHN+Q3NwLrloUTl6bQSLLEcmE/mCUi7VpwU9ivQs+hyQgSVU2tTbceGnHzqAxz/+06+Pj/bToZTZzM//21/xBcPYHhi7lB+/83GPP9DdfvFffeQTv/v7X8a5azhLLhDI8x4yzVCd0EegA3JEJqPK3Qx1EwSCJR9ZvnzOODkVr26kYakFMGG/mXfDsugR/3kp7n53biIoz8Hyi9yJwKQQACWHXLyUcWZxlgt0APoIVYl24TJUT0AMqAq/yRp2PFIQx2ansLHVlsE2PZn0pZ74tuI0Zkida6kYGegaHx1wewJ4u4TlF3TJ+1tons8hkhWWpWiUF3I0assscjofGZQHmd4nykcvy5TTsj4FeAWZzIu0YBEEIkdDqX/klNfm3egp9Dka6bxWGSY5C/I1lHpRco7QHpmLMsrEQgjnkosWlSN4RSJloq1q7j/eOBubRxdpsK8DC6O++Ln/87d+9z9FqxvGR/qxBGF7Q4MvGML2d7/+Sz/94qs/wZy2BBBobqZ2G52Kq7kK65NPQ5lLIxCP+bj0lJocMEKyy00DxhxSFnpA5M+wLHJQ+P9cBrk+dH1w8QqG/195g69joBzADIrYovBxzGnEzmCcFsFynK9HBFKomBgWLrl1YobXjS2C4SIRxOntGertuFzb0ByMoEt1pbpuR/9sEjuGHdxd8zbO6iSPLItJxuJ1BaOhGYVuhqULLaDfGlgRRQKG+BJQkZ+PXhDkS3CV8gGlUFjPrmkCp9Rk6rl4Tj4yCNH03IUC+Vg0VSxjEQPnFBXgkddhWJNMJqqUKWUCOV8Q50toiLmcm4e8tNlfVhb88MlaTNh7651z3/v+M9j34A8/92unf/gc5qfGZiadbu/O3XuCxdvQmfr5n7nParU89b0f+IMl2GuucccOrgbXTTRNo2q+FmnyBZcsR6RFAlyCUiNB8yhYQD+fpE38hDMCcOFIQ2BBSfphpdduL7x65p47jrW09WrEah6x0TI2DysprwPQ8L/GGgL+CB3EOym/hEJJmatwAwVLZVVp65U2hOonRgfwBwDLYrF46htPvvyLP3ufx2VNxGM4ls/h+PD/PP2iEC54RY5QT5OzrMd8E6NFkzXSZAvIRUK9whYoUMolyD13yEdmARZZAU1a6LNc4NNUd11nCnVoinmtorJ8BBrl8pGJb+Gif2f0AuUcvT6Lqi2zy8RcFKbY1O86WRd10dtnNj91+ofo8t9z57H5+fi/fOdJfHeD4eK6bdvK6w4m5mdrSh3Yvfs3/+DL/mAxPBv8dYVwLkeDejxTrk5WwzCtbxonMxQiE8vSOLEoFbxQz+2vAHRiy3FGLzBFQhrKY4+sMODzPHjPbS6Xq6aSJjEaXpguiH000NnECBEDLN7D0tKKV87wHRNKymyiCXKmeIVklnDYj2haKBINhkoRM7baHWgjFnBuqylFCL/lamd1ZQkGAUQEJ5+JDGtE7XJdsjI8LbjykRk2GbzCJlyO7BPlY9HXXiBHjw5CVQ1XPs05fb5SISQfgaiOf2razpSmmIvLJ0tUViAhBIJG33hkygRCjmGNgtKwVPCKRD4yjnoy5NU03YYzRh6/5wH8Zf7cF75CPYVM9o7bj/zO578M1wa7YQFrorUHetov4OzHYw/d/Xtf+H+wDhAWLC3NLcnhdRnWKNQWiiGhoRQ0mnyZRZ/WE3M5hVEP7+HoUDcGdEaHejE5hcCFo00OZFjXKoc/6BjZESafmJz8xydoHqO4sLcenU2OA8rRpfIGKDCcNWEsfJZtsoXBKe42oVS8UTfw/mgayFuHbxFPCKOhFnyaV1vexQxjbHWMwW+70wUn1O1yAgfRHkz77u4bRRcZlhHs4NLIN8xBJi65Lp4j3/Vy5NICaWETLl+WI+ymYRcsmnz+KPSURcmU+fIFo0yMdD56DVm+R7Bzyfzdv64zJVcpQ4OcL+QW0EOmL0DGRRkSCAniTxmIDSmFPoUTQiDI5KbhEX/0HN7Sf/eZByenZvCIeRyAmP/8hd/+7c99aXZq3F8U3rFrN/KT8zPYNe7ffOLOP/jPf+FwOHHabGlZifhrCYJ8l6Ha0AdNA4uMevkkLJovWsfrylcjUMBN+38RllTWNgERcGzL7IwXw1KQkE3jqEza8xxvLK/x5PFmEGNJgN3u+OTjd3/j26eRD0ABFgNZ2J6eGTxyYkIpCIZoiJ2jHQv5CyP6FxolOddS7npGwwYePXHq/TNv22w2TyAcipTC5zLhJD6sbLBaTElTOhXHAOLY2DQMbsheWBMNC1cJmTwhNBRCNPQiX5MQjHr6fLCSD4a4nfVyNDXmexSMGpXEo55RsOiLeA7nlcmu60zJBbIIw3yNHiuFC6hXlixDg5wv1DPUTZQKlgJkWEh5/+27wII35HNf+GOnyzs1MXq1tR2b2viLimvr6lCE3pbJGvjff+6RtvYu7EGBYzBxjsJSsEZoIhJCJblp+lKRg0Q+5YWofAQaIRkzrVckv4MjQzaLsw082EO0GEPgGbyisAD2qRkd6sMUaozHmbYVez1OeDczs/N8TQAONcecHRzMQKXios4TSWTdL8pFpwD0+V4YobYQgIS+CYJMXyQzyun9h49cPH++qfk41soCW4cn56tK2SFZcNIcbhzqgM0VR0YG7dZRfOiGlcrS9Gm9Svl0E5QaIYKeE4hHDVmBR41VRUVLWeBaQCyKDFUqoKGoOp9YPa+2M5WPU5/PZYkq8fKItEiAS1+lXhRylsJiKEpm1Es2ZNGQObzRP/7Kn37pi//X57/4J/jrjn4UFi5+/ve/cO/DHxWUQJYrly/9h996CTuBImaM13J38z656kUrEsSFKQ1LBS/0uRlYn5wYadx1BEKu4U0OephPArygxyyG9gl3UilsqVVXW4kuCXYOA76gDFgzMzWGQ3WFZViCjqzhvIRmtJShaHJ84nqaa0+F2yg3EDyGxNdk6VIYn9pWHR0b7W/cVjk3O5NIYivo9NlLPUDA3o5L3kAIe/3AgeWSZcMKSfoaBZm+SHBpEvkoNR35G5AsKuK8oiINDAmyfN6QoL9hHUTVoi4hiudoHkF/XWdKsBVOyFLkKuW0kCATi0xBKUpFjqBZYoIzCjkaLpFfQP5Ad+sXPvebWO2NbyFGdjGsW15RBjSBKJnL73O2XuqB74MX8eARdoyBVJmoSMq7LimLuq5gCQ/gFfKFT4QckSlkFK6liDYY5y4IwxWBOznfhGMGhC2AR9b0xA9e+5V//UhVZek3/+VpzkpwkhMiqs0lCKtypcbRYi2D0bNoIC/Ut5Hn52sptjTGIb/w2qqjgUQC+0NjVD59tWts5/aye+66vaVzdGykHyd2TmHtuHPU0D8VNWp6u/lqNGqENk/I1LRO0AkCkcMT+koFpb5Iw8sfBaxoSgFDgGBkalZ15KPXsGseuVaFVQLNdZ0pIULPJhoJGn2pYNQn9MQQpcF4PdcSc4RW+lo0EgSlnM+5PG7zf/y//wiHJaBXga1wyxvLDL8T+Go+lP8UalkBw7pEpkwpK2OYLsBlKEfQa6SBGCGqQHHdNcjggMPwgW78hwMNYQbLobvprfcv726sJYIcmmhk80fGn6WYDqI5Xn+YnKElXEJhw+ZAQL58wShX4g/VYsYPdvbDWpPSIvt8wox+H5owMT749vsTu+ujjbXhS5iJY3Ng5BFuGo8cyxJ4jVy45mtgWGMBDblYzpWvFaLqfARypbLfl49eCCycgFjEegyFLOoNaSQvsYHgQnXGnSkuQkZ3Q800FRd4lK0GUXppMoGQoydDkUxpSCDY5YQhJUc9kNVt3+507UFvX7MhliyhcHrpWsmUQqasnkwg5wviAgk9PZeWk0kIsAAw2eyRB/FyZstqA3anZX625J3nejnu5JCDSBneMK6FSrO5dQyEPnTRTL+ZSZxAhxEgUNOVK7nuk2IFdOMaijbqFRaUhROCUYgCPdI19XtwzvqeOv8UNtdKOsIBOqYKpwDjCHa3x/fGmQ9wTHsmEz5z9gr+tPT3Ya7QnPBxhCghXNbBMJNXKpNp0vm4NGT5HsEutJLhT2RqGAtXJ7gKkOXzbjQwdGNj9trOlFAIzVi0eQWUBrssqjAliA0JhIQVBD5ZMbmByOeXqHQhg34bqod8QZyPQBbC04aUkCO3sQClXqA+R2iFIlEd5JPHwmCCEoQK/IkE8CIqJoJcYS6BlXVW2uOdI0wyMYeBKlbpAq6wB5JGNAt4JFWdK2fmAsTLg3FcVaGkoFw0IdooeJ2+ygxWMSTmdlaXDAyPdg/FM6lkVXmwpiI8NtKXisdfHOg+vL/xjbfPY2X/sUO7X3n9DI5IHhwY5mFj1ChELVq7TCBzyVrxtMjhLDKxLMQwzXkNWQwzIURTnUZsPi4NmeGjgCG9VhokEuyCReQQ3Mgq5lPIMF9m5BJBJjINWUTFy0rIuCDkyxIWrUvmKkxsWCqzL6temdgwLSTLbeSUokhmNFRPQ1+AhiEJgQIu4spmx9OuHb3t7wYjlMPyczcOQbjzi35zAiYjl0t5dOW2oSACvPBYXPbOj6+IropoCBQz1E0QCKk8oScWlJoip7cCh6v7QtETe4rOXe46d6mvrHLb9NTE4MT8tqpihL0tOEF8enZkZPyxB+/AJuojo+P//hd/5pkfvwnEOdjckMmaX37zPS5cI1mjUr5HPa+hHKG/Ro5MLGjkTA19vkc9i5AGFjnNJejp80kW7HoWPaxwIXoYotiNnr9AlXKRYBTNEAmhHBKCTObNl5YlGDIaZspcXDInE/mGXPl00OeDXYhCqRAuZ8r16iVocgRjAcUMiwSjRiAeDekFmS9Ug1i4AAyGLCjMVvnTl8prTbGZHNbwXwxZiJejDEsRHFGCLiaHSJHG2ZVUwIencnn0a2Ag58gUVgwS8hGIxsI1Ez6Rnhi4VuGvjJREDzd6Lrf1v/zG2eKySpxaU1nb0BQl8PypR059/dunMQiAAX673fbRR+6emJyemo41NdRhUg62aiwKFwuxolJqp3QJAinv2gtsWCpT8nQ+Ml6p3EzQIzMfvV6yJke0orAEQaZh13BxMk2mhkX/qIch49iNnlOfIytaWA+ZksvR0wsafZG+an2OzMVFrZ7TLmqXKxWZoiEiBwlOKRcZ8sos+dKCUUhDDk+LHM4rKPnjQG97w85DCJ1iUh8m2qBDwZFhdjbBCOi1xEWZ4uKwkivGL4AKgxwZeDABMjGPNdnExJh/6rOPYgfVhv11h+/9FbfX9/XP0+TAm7xk10/TTEguqdwzNT78sft2vXO+7a33r44MdDidLpxvN9jXWV5UU2oyf+vJ51xu79hIb2loe7jIhxNNoWlnV8+RQ3vdbhc8ne7uHqGhxm4iX18vivIRC66lJIRkuZmcURRp5BSol7MUIJBF5SPjQlYQ/lApZNJexXL1SOsxSRDIjc+nqCAWCT2laAxoCvzVEhKWkhC68er0lUKIoJEF6illMn2pzKtP6+khTYN9XBM9pV6aPkfoJrPLacEiKHnOzNQ4AQJmM2LQiH6yb3z/Ku4H76l5+5lWDA9jQAePuPAqMtzg8EL4Mhubu+O2/S+99g4BDhXTnf1w+GHPOUZKMzL2G2f+xWaRMtSQKPJcBbg0ojDiZnMXf/KxE1hH8fIb7/X3tGLXdKwXrahuwGg8TjevjR7B5EUEhpPx+URi7vV3Lj92//HWjj4sdDj9o5c/+bEHLGwJex5FrmXzeoVVNY/X6FhKo6SmVDwWaCanySdHqCFECWjIxyIol55YIvwtWqNopsHUTw0A8RD0TU6RFi2UzaRpjFzE6ZfYjCUSg8xQoKh3ZT8wIRaVFq5XGMeQDKVCVL4mCAlyQiOtsrqRPBpcBDX0ny5MD2bQgt+UXkAilAAzsIBjYnQw4KMpSDkQYlDEwYho6MeEdWRY9olxH/bEbqjEFrrw5oU9J+q4GnIThJIaDZEvyPRFgkuT2HXw/p7Oy6ZsemA4Bh/HlEmPD/cN9LQ+9qlfBSW28sN+gxicmp0egwuGHAyizccTLqcN6IMVtjjWZmp6+kp7H+ZdFag0n2L5WAS9rK0gFqUiRyZbSlpm5NL424S0EC7kyMQiM1+Cs+djMczX18iFg1gjTTsyBTru3QgRvAINBgmyfEpr8jXSNKX8Ud8SwWVIj0w9Sz7KfPlyFQL+5EzBuJS6ZMZF6fUEMjvqXVn4mxgbCpdWUHM4sLDOFPN0ckDD04Q5DHTYQgWkCXfIneGwhHUP3gC2egDEsDzmx2SzmMbCBOcACNSW1Dj+UEES8nHpG4tM0V7RUkZrTMyLNHe4NrF588lj+7BG9M//6r9j3azT5cPBviPDPaS12Tw80IUzpZHGDluYn9k/NBsoxYINUypteu6lN+fnZiJF3rvvOjU6ler7/6t7DyhLjutKsH5576u6qn2jG+2AhiMaQMMQHiAcjWhEUYY8Q7nZ0c6e1czu2T2rs7M7e5ZHZ2ZHsyvNaDSaoUhJHIkSRAcCIEB4EI4AG5YAG0B7X1VdXabL272R79er1y8iIyPz/18NfYLVkRH33Xdf5K9XEZGZkUcPXnIZnhHTHxLp1K+h4tiJBxUiBYpH9NnI2Y9tHueXTWRBgW02CfaUFQ+QRMWDejpE/XnphmvRoCjsGVZiAvKweaTLJqlBsjGGKyWSWz0Fv6GTjU0kLSG5yWko8f6yYivK3ys+TTW1rcggEIAdYZZHMeYuOOQE82w3RjcmxZhBTvSvSTXmMMooZa0tsIo+MKAchJ9UMMs3Mxg74OnrfBvyzcICdu2M3Wz0/I7gRE/V3J8S5ezbdRdfMzs9uW5V48/3HcWLXqamJrGJ/dYdO/Af8tzgwKla7CtYtogtb/B7jpXyq667s2vV2idfOXzfTZshGLtVfHBk5NZc7vrdl37n6H7plzOg068UFlJmZhWpJ140xblmtjiAkhQHIx47A8bhFa3zkDiJweY5765iu9nJSJXOBGTfFm3DPJyqibsV9X5tEkkkTjzDnK3Kuzq0TcDG+ZvAxG8jFZXzME6bk43BkkoiOctQ/xudTd0md+BtdhOjeOQ9SiVIDmYwYzIMFUzmif6LEo1pMgnFDG2iJIMjk56w/W/UEg14loY9BhU9Yv7gf/gBdnSemph++eH3HvvWS40NVep3jMVLwcbL0sdZz1ZLKPPc7CVX78Q2GrW11U8+89L42LDZL6OqBu4QL54Ib2hoxLv6qior8VpxLOis3bRj1ZqLsFJOQzM8348nw+oamz841Ld1U29L9N50uCZHrNn2SwKcIlkbF8jcD45rLdA1a/AXOFKGZfMbEmn2K1MsDgXy5Lwtmr/3jE9MQBxt3GlgKi7YSCbhP1MA2zBmCCwwLbE5CSWGaJ0wamKwB2Nrc4JBZb+9gG2xY8bUxDlMNKKUIvKLyTRmBccMaVTeMUnHpJMo3yCbGCA++KOClx+gELXhpwFMjJ/D7X/YbhW7kRmnUZpi7yhki5QZ7JBburZMjo3+6id39w+eg7LahqaZyYnNF2+GCX6FxiaxEQ+egGvEIbYZxE+sFuP+IDyqgs16sFJz8/VX/fDRx3vXb9538MwlW9dgb7D9H+zfsnWLcqQOWQ+HwzUoMJhbuUbCAstsK9lQ5kPJw2BZGVcmhjiTuHqnX3YRZ8UAFJZHNyFoaSl9e2zt5OJMQIFsUkBgWSZv6YXMPcolPxuG4G0MmxNncTMgOLlL7d4m17hVv7K2vr2z5+zASSQHPPBthiKcP5BpTP7BZjfLHxzjA1hLc2NnR1tjQ12Ua0y+yf/fJBuTZcwSrMk4eE9DNOqJqLn3cPcNyrxaYXcOIwML3JnlVTNlVRV4a/u3v//03MxURXkVNqAASR5QbhINdpVeXFwLcfVNLRNjw30nDtNSOfIOOgEhYpsxPAGPEdBv//oD/8fX/ginJlChEwbX8uSyGCcYrYkfikWay7I0526RlShLPGNkpcJ7Dm0rJoSVLCu/zLk8ulFoQigHEqOamDGxIH8liBCv11CPpYJEwhI5CZAoz9YsTdgLw7iVaxiTqkDmzEYZkA65kghTOfJkGZZHhPg5OmbSB1Yr8GYCXPY2eaS9G79vKKA+/38zfsF/5vfQVEYHr+298i8nqrsnMRf7JqUaZBw8J4Xl4bmZadxZg0O8eAu750X5JxrsLC5iSz1+y50/40NqSNTcUQTGIvFFO28+/MEb8I650sjZvo42s3UYsw0OYWsevGnP7P6FVRusE9fVVmDzkIpcGRZ03t9/Au/b/NGPn21q7hgbHnrvQP+G3pae1Zsigiw/WJ4Mlom4lWtQ8EdNJn5MCBvxqCQoDbOVE+U5Q15eKnYGZmt1wlIpljqIzfl6Df5dYvK4BMSEGbTZJmDDzB9O+Q8yC8hWiJNnuwY/g6UvheSeiesQacvlSXOtusFkBCQdJBq8mGV8BO4mJnpwtRv7+EW5hRKP+RlloYUNa/8lxjW9/+x/v/3Fu3/46J8dPvLL0cxpMZ9lKvEApJlJ4T9jzh8cLjnGa3zRn/xLqGIhlCdqblKGeNAJD/HjXj64PXnsA7rIveTT/NvavurowffwExetcMXqbP+Jmpb20aF+7MUzPoB7ius/dlkZsuSH7/70mps/deDEOTwsXlvfdPzoBzjvypektcuk0G/ibOXQbE7UOE2cyJBK7n8Cx7kOcRoSb5z+5XSjREtBUqusJ5MQiUCyYSDe/l3iXzOwFfduICXPVsjiKWT6acNkK5v4YdIEZSeYqAp8TcrU1DhWRuEiSivm9XXVNfW4coRl46aW9v5Th4ejd9pFUwwzqwIA5ZHB9qnJ5g/+9MaFMxvN7Sp1v7NY9i3sFwMALc8AZjiBNTYLucVyUxPVRaGhlLz3jTNqlfSpExiJP9dDZ/v2XLV9emYWr+hBUlu/0dwfxJ++k4c2b728rs5sYPjFT9/+p3/+1yiMjY1U19ZjFDN8dgD3/mHLwbnZWXSLmV2W5bBvIQIBjM8ds1GBvUuMrFR4/6EyVE7VoQL7malV9Zg0iWNTTsmEwNwUZyv548rnpRtmBDqO1K6XVlIfyrLJNozTFFePBMSExCYTEFvZeYqb7IIitAFU4xTPtmwFGFc6TRgZXuAYZVzsRfIkesQcCusUZukmPxIxOWVdb0f33dfMzV6B1d9/+OHzpi1axMGUanLi09Nz3R/uL6+YbvzlE3/95PyVJ6uvPWFe82fGPnAdZRb8wMfUoL4Mj46bapNvkHQwl6muru8bm5Z/saRmu8yhOU241axGTYxv3dB+4OARzBCn8MzX+R/cJI0813fqyOLi+m/+zfcbm1vRXlVR1dG1Bv2AjQ0Xy7Zj9wxMsvpOHa6trR8eXfvPvnLf1/79ABKZ0zXMyfvKT0zY9fkhun9JuYsSvw+KDYdOE2fejwPbnLLGpJtC9Dm9Kn1OjBSRWI5TKH8DmYR/P7nGhsURsklIgc8NsyFwnoJxJcNCOAkjQ7DFA+PkZI/SESHRhAxgEsn8fGNzB5ZvzP7ni4sfu2wzUsN3H31pZGgA70G/9qrtL776DmC0bFxV/eDUxERTy5Xrmx947fKbfvYcSN5CWsEKCDZsxlNIZhhjcks+xZjsFX1wTRqbzkBGY2Mb7rXDI1RSkrPM4p2hsQm3onD0yMnf/1/+L7xrEP/bccmlzEDgicmyxs0tuXLzjj28qGeubK6lpa2qcubc6BDmUJhhIUpsfQ+9Q/0netZufvH1Y/ffshVPOxw70udMN8yvWrmeRaLAOmWlKrNhCNiJYQZi5jzoBCvvIYfEr+JlQ+Wd6z3eC3oinB2gIH3b+mQrWXk0EUCaJIKlEvv3k3575T1BNkYyBJZZIcvjgmRgGFc6YWjlLJNNnk0L15z6ce0men2CmU/R9GH35VuQLI5iH2KzNjz/0mvvXvexHXuu3vnCK2+bjBONVhbK/rKx9rqmxgOzs82d7cfa2194b5+ZiKHVWNEoJgoM26riWjvu3sWTAXgjIMZKWDHB6AYXntHOneAUCYBdH7H6flRXzp3pO4Zt6q/ec5M0J1/YsO9M3wm8cAqjrIrKCizuYECE/5rbNzW0dOAOwJrqqt//vS9/7f/50+rWRrxffHx0EOFg1XnaGigRoXQhZTnrOV4n0k8oTfxldk2E/Hvn9+7npNYQhexdETq9E+a80Q2q4igUIx8ytd/QbmVDpiLvXG+bSGR4GYT2A1/8iy15An/J0yq0A2EG8k6LMrg2FyhAanaWmR+u2XtNfePU5Di8RPOe+asv2/zK3n1333JVVUv1xrXdE7j73zz0tIBcc/01lz7/Eq74mBUcjIgaGj48ePjG63b3t7f9wKSZaIkHr+JGuom8Y6CQV/GJO2/euWP7X3zru8hiZipVtogbi6mNZbA2/lMMALfmicL+Udu5MjOxjQ+OT05OnHz/rbJPXD46fAavYaiprUW6OdN3HKtJuLcYGfXt9/Zj0Wdg4Ow6vHh5CtuPlWHre3auCLk+pOCMiFM/MRTCzxqIRLlTh8od21JBgZ2EysR/6CQkk+UL4XTMXcCMyhj1EmO3sqG/IA2ZkAvsRcL8hKqVqZwMzl9sOwdJmJ9QefcfkiR2R17Azy7I3Kncz0wMTsO2jlVDg30m10RLL9E/NE4xAxUzmInmQtGYJRq5mNp55KCmxn/4ra9MNdTjRuTP9vUPvPPzfbAlNJZXowcXym6/ZQ+ehMTRf/7Gt3/3n3wJs5vjC1gcKcMT2FiaxcUg/Kbx314KQR6qwFOFz7Yq6s6Ohg/f/wVC2L//IO42HjrTt37Dx8B8dngSE73BkYGxifXIk8hENbV1v3jrxS07d586PfD7v/vL//rf/JmnG/39H9dKhDJkieQQZKUKRzahzCZ+mLSKQzKV/AMgDTOXiVn6zf3ab/8LPx3ZQApgtDAh7f22/laO00PIGKYKBHtgTJVYQEaQUzDCyxyUyGADVJaxAVxjx44mZ1yMdLYS4eFDxzC0mZmexnWo0eGBf/47v4L9pdpbm2o31s6fwNaa0xOT09VVVUPDo62tTT97471oUcZkoLaWxisv34kLQLimNTs7j+2pZmfnXnrltSefeRH5BeR33HL9U8+9gqHNQw8/1tjUgmnLnbfduPWmi77x734wMT6CX3XkpNaWxrSvduKguENU+ATwhAz8j7737ara2qam9mtv/DjxzC7gzVqtM1Nj01NTv/qp6//PP/wT1O/cteuDfR8OnD6CBIqXcCAvOL0rAUTo/xki0sngFIBgMxM6vaCSHcme5EplJTGqSR7GiTzvypQ0oDJ7lYmZKxkfKAJ4aRtiZWMkAwuggg1WgPBD8lKsxzLgNzzLsEhnODJ8/nPkRDIPFfA739bRi2vG+IOP10W98dYv9r5z8N47rq0sq16ba8ObpLCg29rScuxkX3l57qWfvmEGN+Yzj6kWdtu8Ytf2nu4uDMCw993rr7993z133nzTnhdefu0HP/wR7vczEyr832Qf85JcjGv2vb//+mt2PfnMC5itoAnbXYWIlJqdeIQv//IBjxonkqju+cwXJSfKJw+/ufOqu2bLsIA9U11diWEappEgWbd+Nf4DOX3V4zhl/zOzDWaY3cRW/oJtCE6+FsH8ILGRfmZuJRKnubMShtIv80iwhxN4R7qRjJLIyU6V0oRqlCEDVD1zhheYgTnZlmsYw00hBTYH2MNgj244lbAXxnAT1zAmWwHCWCf/DeAa5rT148Iw7osrz5XhmnFVdU00HzKDl1VdrZPHp6qryn/2+r4NG9Y/98LPcLst0oyZLkX//fy9ffiF/Pm7+5B6TP3iwj133rr3jbdX9666cc/u226+AXcKlpeX//jpFyLvoDT7+9VXNy9UmIvlRfxQmBw1M9vho8nuAcbjMtyxQ+996bN34Y13SJHIswzmAoNVwQmQAlL9DVDkcYfED9eJ3iWDE0wAJpT4kLKTk9g4cPCgxolcnkyRDaBOXIgUibEVFJGWHHkIORYpKQ7P4DiAJAksv733JSCxe67EF5hxUulkMAuoqG4fHTmLzXqxxjI82I9r1Z/51P3r13RPNE22TTc9+exLe3Zf+dcP/ggPLj79/E8prURJZx5XmirKK6NcgwViLPeY+4jxvDXe1gSGW2667uSpvk0b1+Feudm52eeef+Wp51667xN3VK2rWTi18PiTz5orU7nyxvrKtHfrsnKOJdUJYivmQYEYMEbY9+67WFfCvA83Iq1e02unMGkVUmZ3LJJrpDm3ysq4MjOksmI2NucaLmQjZHNVIEeK0+k9+yOayiUfSjfyLMp6Ait9zGAX2DbQxAljEsXvBCtM4CGPZS772PW2CbdyU0gCYtmpdNrg2YXyzu41h/e/gyvHWLxAcsALv7EJXv4W4MVF3KHy8euvzOeapYEMMg5wuZo6FEzGWVyYnhzHzbj4D+nj8Sefw7jG3NuSyx08dGzDut47brtp29bNbW2ttRvr+ivPfPU3Pv93338al8PXrduJqDkW7gFbJzcx2INhsF1wWvG1oSuu3o39K7BIjGtV8ltq8yTWkE7bnV0DKg5K0trIOE5plVhWtNK1LINHIROZGeDR6eR0TKaYK1WBA3C6AZVdzybsSGEYoOoZn6pAJJKTylzjFBnigvOIP33YrWzIXhjDqooSO/gxSMGrCExuqKhcnJ5swM0nrc2HDh+5/I5Ljv7s+GfuvwM7hD/86BPYW5MnTUgwmE/RB5tXmMPFBTx7iQlIVa4ci+h4mTrusnvq2ZdB+9iTz37pc/djP84//8bf3XXHTdVDtesqV339rx7E0AarJBSgHQuHyT3ABRvMTRkK5EhmFuZ3auBWjy8yDEEyiROcWQDT+guJOjMISOR0SlpewLNdOrtGskiTRLA0pLJtAkK5EGgDbJLAGpYqOWWZeBjGtDaGmzhZcI7gpsCCbYiH42Grno+3YYH8BKOgKiqb8S6UtZu2Hz/8PhZ3v/SZ28sW5t5574Ou091vvvN+V1fXE089d/cdH3/0sadwSxwuYJmFm8XFiopyZB+8hxepCodIN4YT+cZcbsJDRpUoIH/hdpV777rt7Xff7+1ddcetNLJb3H/gUPRMVgMeH48TLLtXdb46lMg4NrueSTzmziY2ZE6GcRPXMCZbATw2J9dIzrQeiSTRyglwCmAxThNujSssj25se9sfYbjeNolzk1jPnPLvD1eyeSqP0jzQ0IZJEpJBW1ihXGAW4KBQYC8FPhzv5ERQmESsv3gXNu5FIsOF8MH+40ePnTp8+PCdt93QtaWz/faW9raW+++5E4MZbIuHnIIXp9BYBgmmuqZ8Oko9KBO/yTbleJ6xEmsf2MMBSWrrlouef+Flc1W8rGzLRev/+D99876v3ME7h65a1UmGcT8pfLvzJZ67SFZ6TEI4JZUq28wglH8LgUeNDVM8iYdxOp3MBFacNpJhdpOy9RzatkwLK1nGoQ12Mi+nG7tZUcABX4cjMGoUxibx17BoJ49dyXim9WDsJrYKLzAJj2XoHmUwsBjGhNMSMpDBzmsshj0yJo4TzyWuWr3x1ImDGK10rMLKLu4JXsTsaU/l7o7Ftm99G7cCl12+azvWks2oJpo30QAHR8guyES4wI1Eg6GNmY9Vmr3QMUtqae386ev7tm+9aNOGdYcOYx9yoBaQubZv2/KNP/o+LlHh4QYWqQpxUhWMDp2dzAy2iRNvwwJryJH8W0iGTgGBrsk2EEzunGCpgS8POZGBwdqwRKlSA5vbGnzpBmaSBca2vQQAbwPYtyywVSCebW08U5Wio+VvNf8+sxgusAauQcGWyq2M92AY7CzYYvyzsIqadjzBhCzRu+aiE0c/GB8dxjAHm2kioZinF5EhouwzMDiMNzRhdQYVnGtQRtYwcydzWw1efout77BNaA0YwInyDddehvdt79qx+crLdzQ3Ne2N7uI9cOjYknIa9CwdiS9V5vCZSzJwr1KrPJQwtg0pMEkcg7OeraQLiSSArJHItGXiIU5OiIkaAr0ESnXGYmtwpxvGOVmkUAVgQ8YwQDZxJcMKL3g6Oq07zjL2b7VTp5NfxqusnHiFCT8kR/5ZWEfPNlyQGhw4gbzSu2bTeMtocyMuyzTgKSqkFaQW7MOApIOfKJo0FD3sgBpct8J4BhB8MH2iORQGNZhJ4blwcH7ugY/Pz06v621HMnruhVexBnT4yIkrLr9ktIyeAje5BtewZG+UInx48dBK79yxHjwwZOLHMJUqOK1AWIq5WJzUOA1KKg6dyDha29xTYzMvpxt5Smych1Q22YZ86ZFhNoabwgus1mazaxjM/DYGTWmzDLM5C+zC9s41jHEy+CtDSDhdTs+aX/vOrjVHD72HJxEaWtqwOoNpESZWSCn44PL2tdfs/i/f+G+AgRmjF3OBHGs1SDZm36lKJCazWlOFB62r2zp6sABEz3wfOXbq1Ok+vAYX/91x6w0d7a1333lLY0P9T4+/jR3IsYQ8NjbU2WleSoUPxcvKqZJ+ZugK4gkxdGJsGYBxpdNECk5VJlr+i8i27I5rUAh3TebheCdSaSjFLAFBfevP/x1+Fv++G+o4jiGki529QDzyJ3OiMtCEzG2wpCr6A9nklF3Y3jkoxnCNBxxOy2xcwHpLlD0Wa2rqW9s7T504PLuxEW9NwGtSMMjJTeWiudPCOB5xMrvD4JO/dI1D3FmDfIQLUHirAQZESDS4QRn/YaOG6amx+sbN5eUDC9EFqsefeBa55tHHn7zy8l01LeZZcCSmqsp5FZQ6JJHhXcFIJw+xhfxU5qCVS5PF8kI8yhfLc9aza4ahoJB+WmmYWGZm4qRfWJRtGYxM5JQASjT0bKYe3WRjJHapz8NjN0lDopIYbpWVMp4MZVCpsQy8sCNbQ7gLJglRa2PYnD0ShuttE0Z6ChjbmPlR2WJdXT0WiVtaO3BVCa9ewgAH/2HU0tiIVZhq5BTkHawDRwObMloPBi3M5+dm5jCHamptbMbIyCzu1OJ9mm2dFeUVsMLijll7zpnchBSGcRAsoieo8LRUnUcYN9lxcciMoYKNVIC0h+QItE5mpwwnUvllWlWfeOgkJzYeeiSSpALYUj0aFLMTSRiZaKhm+b4bOlad6+Fir2wSAmYrWbANwSknujZAmqcqqyzDtrYLjsuD4SYG2zyMCSkoc9DKP7lgIEcK5mcGw/qt10VzpgVs1ot3zmH8gkNcqMYMCPkCqQgrwEMjY929G6KnHHIA4Haardu3v/Ds41gMBj8OMeFatXrTlu1XYV90pC887Tk0eGqqqwozJqwuY93nlhuvfiJ6curs0LmqxpooTfml+Vo5Rtm3KPMhGzOSa0IKzOM3d7ayrXRESG5yGkp8hrKaK7AvSZXKLzEEmjhhTg3f+dafQZK928Ty6IYUK0abiwHcxDUy5sxlppU9y5VMm9ZpXJZhQrtgu7BlsJUN5qYMBXYEWiczA5jcCeNWFDBgwZAEizXmwaf8ko25Sxi3yXz7P/6QrjfVNzTi6hXeS4e3uOBZJ5yCBz77a5JkZrYawx/sHIqdJWCLR8zx9CYGR2ZXKrOsHPkxvpZTjTyPkiqkTGHK0GSZGdL2hk3LVIEFpwykdZjTJi0owIsTFuiCYR61Tv7A3vDQsuuQgtLAIxrw20p0ulEOFBfsVZ8qfOZDVqY8EqFdyXj2aGPQlCHLMKFdYBe2d65hjG2eWBNOYnthW/aiMYuL2MiuvbMXL10yl71N+jF32AAfDXyii1AYw2BVeGIMb1/aeNF6puIC5l24vRgW2BnP7GWRf2IzIohAYLl8147vPPTk3b96s5mDRf9n88ACx6JDiLG3YcwgLQCjehsvYRnKRGsn1jgZQu0+AwAAQABJREFUgS6yqbWjUzJoRmbDAlV5YMg1PKJx8iekG6JmuaCwWbiVwDYgTp80DLeK8yLZ/nGt/iIiEp+2E2TH2rbgpAkpbroZxI6ZxssoFnoxwjGJhpIMjUTKFpEjHvze40g2WIgxT0VFO4pLfpSjSdkejI9y0Rt+UeALWxFNlLpMGgMWmcYkG1yWOnF0UvHgkC+ZqabC+4EIVW8QLf0EgAsKpsSEHPoFO/nZu+RXSD+tNAwpMznRUloMkRFCThge1PhNfOmGBbFcJ5dqZSsGxwFUPeOzFcCmxjJQosRk88gkIeY2hs05LsZwE9cwppAC09IXa3wq17FqLdLL/OnZM/0nMVkaHR6cn1sTDW1odGO8oWQuYOVyc7PT2PDTLcAMiAxy4PQxXHUyA6Wl5xvyycbwmQVofLA2hEtczszCZ8rgoo+9n/RSS0H/UlfEdS93lPQRB5YYNgwBS0OUnSZMyIvBTpiiCj+0+8HJzzIksxPJgMBEQ3idbqQ/vxv2pwq2FXFyPwJvYxRJqkP+7qpvtu1FRkcubAy7ZrAHw2BPwTYv0YQUGkiz8mjuBo6yCjIOXhM+E+0BjklTlCwwVDG7YQ2cGcLL6nBPDRZuMMaJHqpcw0ERLfZqMBkqem0mrohH60DzDbW4xG4++BnhFweHR2log9sFMTljElngM8WC+SQyjDFcE14IPHeqo4ifbdmdhLFgbi1KAS6ImWdktgw4kkoC/aYS7OSPU5Iq0ZDafLphRqe/wMCcMGbmfgSMK8kkm1P+goZ/L21HthKuscHOAMMrmVl2BZlzE7Ol8s7mTqvo4YMoJZicQKMRkzMw+jCzIVOoQYrBokwVNjOenMR2n9VVC8wJSUQ7O4eLTfgYqomJ0eaqjojMHEe5htKNQUQeTSHu4UwmZ8H2SeTza4iWPjZsqSX/LzEzrWoNObRtiVP+vUSNDQshtzF2VxDGyc9gyeNEAkDguFbJ4C/bDJRoPvtrv8teiMFGKuZK/KXltfREtDL2HHK/ODlVJYOZUAG4HgX+FiZ+86RVXJkdkQbZG8U6Wxwd+7LF2E1sxWAPxm5iq6iA/YOjpBBlCrNwY7JN2bWfvAJ5onF1457PXI1nnbBtjUkT0X+0jTkwxJwXU16LR8mBgJVhMgvNhhgw/P/2W65/5EdPfOzKyx/8wRMzU+MzM1MY3YyODKncGt6rzvPLZz+Ky/xgWDgz24YU+EQ4A5EMSWdBYk05g2CnC1aoHDjBCpP20D+icSqRMiplJyq0xAXKYoZUtjaYecgv7/mAQ/56BUryw9gRaUhUAjYb43ShmJ0YT6XthQn5z6yNcRIiQUSjj+gHpwma+0S5YlV353v7DiDXRB9w5BQzHc5NlHV0r0UzMg1eWnC2/+TUzOTcbJfZFbAsZ566wr1983MT4+eaW82r7No6exobzIPj+LB4xUyt4T/ts28/m2pjwvklkjTHCbbrOUZJYsPQ6meW5iFl6YKZUVB6JCyEVmH8iYbAThdSxnlrNwotcYF0ikEpDj8kHv5Thi8Qi6FCgY6YLZHHBrAth6MwRVHI5FyAF2LmvxCJSmCL8drazbtRMEMRGpCYn/lNyzdtWHvgzMKlBw9iUy+Ta6LLSfjH+cG26vLT2rnKPEiFW49xjx9uC8yVR5OySjwbsQTEux+6StQbUELM9rOp/LWRalPloGya1deAvNvnCPVOpFSboaw02y4yKwlJNB7BUsl56UbZSBw1ZVasmP2H/HWRXxElxlaiAHEu1FmJg3nqbUfEyYMO2NoYD2FiEweraNUheBjp4owSDv9YQqxvmX9/9dqyw9F+EcgTJtkspYslDP1b15B/0pJSFzGhySzd0JRqsezsENaJFyMSY8R6qGALJuZUP5kzjk1+bZiZv1Rc44QVUSc5YpHMjAKHwGIYxjXhBWb2mzhd2EpAwsgCE42tx5dubDR0sD4uc40Uatsm1vAXwvk9UObcI1wvZVClxHCrrGTbQgrMzIMOsHElM2fwyyThtjYSG4BHGmi9ZTlRmKQQ5Yhz5zAVMh8a3SDT4CUNZWW9VCl/4lZjPABB6QW5JuKiURJlG2DN3AwfTldKD0dEMPxUAK53Fsg8lQnz2F8q/r4Bg32XsX2P87VizJC5oGQ79WfrGcWcQWGcGHoKgReDnbAM7kLTDXeHdCzL5JthdGgDbIl81u0vhA321Ni+IGblRxxxgYf3DCPtiDzhxzXRE5L5AUiUI5Amrrli67vv7Z9/Z67u49Vna0ZPv33mqWdfwkObSDm4XNXR2epko6mWaaJUE+UbSmCEx72Cf//9H3/yq7djhrVhW09rR9vHbrvkr/7VI8xmR8TBMgaFOJhdL63Slun7RgKImb+KkqqQr6Ukl5x22Q7N3zPhzLYvf41zROMX4yeUrQnpht3Y3SFZuKxgbE4A2cqntpDTyX5Vgf1+FEYcduyoYYWsHJ1DlbKXuLXwAi4qtXfhppupaOEmyj8R6eqe7r/5kx9GAxMzKJmdncL9NW530aCFMleUuMxaECHzw5v8gImteZTDNbrgDJY7h/9aOGGaK+Wx3dvOryJ/UZneCeNWFFh/IbKdtmDmPmFHTqTUE1h2JhqydbrgMCW/EwkAgR3pRrLEGUsHnrIyBzNdY8LYtWfNBhgqgIcqpImVO2ntSsYTuQ1gp4z0YBgcUpA8RM7X4IvrK1dJCy7IDzQQiS5fmyN86Ge+GF2WQoLI9axZzxqiNvMjEryUPpa48vlmcRGvCcdV8KuuvBzIaKU5V1bbXVZG8zjmCC3AFwngvxYxekIJFY7Y5ClQAHloJxc7AQFPsFTM0ktIWfUJmxSlc5Br+HEnZvYXnB1oiyESAi+nG8Y5WfyOE1v5DKmTx06lpkQ2BWCStMoVnnkUPw4V0gZkqGF3RG67YACT2xhuUgW2La9c2m6GcgTNgCj1LNnkk08uh/33mlrNWxNsRyDkzDU4gEc9e/DiKrOCI5JWtE6MiigrTffjNZVLHlL8S8qVAHUIOg6QqW0MN1GBTRKRylAdqu8wtZbuejz4nX3CquxwOFLGoGDDqNUzqJHmgWXphWWjQGVzmx+ISnGnH2jjsgxLl+JQaXeTArChBHswEp9YljxKCR9KTCJhHIDYEqlsAMtgZoVhANfPjUcZIUoMSA50OWl57oPX707SpsL5a+DmarjrgzH8movMmzDxMTx5JvN6Bk44xhNalgmWS6bF+7GVe+GOXx5mYEPuBGriQwYUpUDkIdfjnXnKryGbcmekdv/E7UrjlxTYCncsgwvn3eYHIqWJcYE+CJaYZeLYbHe2Hq6xwXG04fWJ5AwgzlQa2DaVlRRvGzInTeltAF+TzucFyg4mRSzi/XOYAd3963cYF0tTKemOy/BiFnTMo1dRSkGDyVsLV1+25d19B6juissv/c5DT6Hl4a8/gxtwbvr0FU/+3SsfvnyKSeIKFIJDeZxBTL3NAObSrXRAhV+5nVz490JGYMOo1U8uGQLLsn9oRMMXniSDhMn68LJH+fJkiuiUM7KUnhRANnFvxvWgBAeW2R0p4QUOmHuiCiRnGIfJ7rhJFRSADRmmAKhnjN3EVoUXaJmDfTFhLofXPJmxCGUIGt2Ymuhz5eWX7j9wBIfR3TY0GFkekjAblOP31jQsjWrEKCka6+T9RbTLV7ByzJBvF0N6bipRtxA/r/6wAPbLNRkEEElaQ+fvBf/WsJ4SPRxP/IlTp0L6J7FbdLrhmKlgd6hSAwD3l7M3FWHaQ3ZHSkL0hLtQ5OGGjPTo4b+rNobNCyk4T63ta/Ds+PjYKEYiwOMhppmpSWwuITPEkgYkHPwvNzR4et36Xif5EhITGTCA0sykaLRETSgTCw2pVq3qsPWAGT0DPM/fmbYoBVIOKts18dv1bMICbAw1MTIOwAzhBflbQ/zykR3ikZhwZoVMTDSEt0PjqCWhghFGVUo8lRPSjW3AjJRl+BoTkHDJrbZhqhqOMJFQAdiQ3SkA6aRWu4mtMhfASRr476qSVKBTZgvkQXLBFuZ4exR+vZua2/Cr3n/y8Mx092y0VQ3CxLOUk+PncJMb3r5QWYFpUC1c2OTllS35NeDFReCxQTqlGhooYTOK4VEkEYxueHDEheW+VD1DDRwR42zv3OQpEE8GW9vElkR+baRHT6omKd5OLvwXXXLaMNkqy4GJRprIsjNq7qJUf1bTpRsZtjNaFkFynUJlJKrM5mkNmcc2ZM5U/cKE4QV2pDSoQ4YxswJwvSywVQhYGkYzGzPHMSOa6F+8PgFPOWGvCVQOn5us6jFvc8EG6Ug0SDzSVpaXdq4hmvycikY3t9+y55EfPblx0yYkIOcSkF+8HRHjWYCN4SYUCO/HSHxiWVJJMbIsMYmEHkCIeOfvmvxlJH4bVmCi8cim8CE+7s8q2apeCko3HJgdjxKk2OXpcbqnSoYpc0We7RCcxM+rG+zOIyncF7MFirdhzMBOJYZaZQ3DwgtIDxHYzH1M0qH/pD3GItF/2KEGvmxJ9Y24j4Y4KHOBytzCQ6ObKy+/5DsPPyP48kObbOLtYG09UqSNF0qyF/3inZJSOfPzJ1LZv4z8ewrbZx77Hn6mvZUm0SkDbPHOs6B6yZduWL0dGHv1F2wFyj2Z2zA/bWAr+5L8skw8DEslhq1swkB5DLMZQM5jMcBsANv6C1hZX73xqnxyQW7ID03MPzBsbGx45iev3fb5a1COrn8vT39sj2MT43jPFJLL/IJ5vS8Nb4x3k3GiT1QwFLncxNgI3kWF6ZvNkwen/EfxoH9KdNGAdNHJVU6VZLuVvxISacPQGsIvSQLL9HsqRzT8KywZMv86E0kq8Sp8R7phiQXKkhFyGe75rHBZ1jAycyEtm+oRNmcBToCqZHCBBfbOY1QQciWTh3vncQ3lhWhwYxIEZkD7DxxaTha0uru88sKulgo5bHZjtjfGi6iOHngXKz7TUxNzs9242Q8LNwCNj4+iDS8Rr5zBcxKL09NT4SKXfCT/S10BZpu8kF5ix8zPNeEFWxJsbVWodCLDHcUhZaIhjPNXmH/BmccJ41YuFNI5RLL80l5eDw/0zSICC9zvsq9lGTyMYU4F4Hq7wLbhJjYJamxzYubhhg1w8qStJC9OcruSgyUvNkB5zw9BokGJSDH5KRbAZnRjLobjNbtdypYOo+EPikhVixi21De14gFx887wmlq8OXNgcBhVJt1gr+PqmunJiejR0CEnVbZKT/8Qod0JqpcAszEsJpGfkakK5JGV4BBlPiQqj6pAX3ai8Rjav+CJCahYnVPJWYau9kNlsagpYO7ZkD61MWxObB6A3eTp8fAmFsC/h1wTJymcHEhmS6VfgZmEXSuASRNmBhRlC/yM0s+ZQbwR3Ix0ohkQm7oL0eulTBNsjTkv3BgC8zGV0SdanDalAFVk4fvJJFZEPitqs02YzTa2wTYmQw15lOSyTIS2KhsT5zpVookjCUlAsLVhcYRx9ZVxFKoLwuMnT2ye1lAJVeZMuzJjDYhRAuwalsTKbRNukgUyDARLQ7tsk4AcXaSf7TZpwvzX2mQuS2EkwlTIEePnRnHRimtUYWoS77ozW4IODpzErqCYSVHCAV1DQ/3jT/2kBpe6zAgpyjbRQMmpStHaGAYUsX+YU7pTJ44PJYYNMxTC9dseWQz7tTFoQq4p0WIwpQUVQuIgiNXGFRxrNwRV4an4VSuzMywOwMgCC87LTEVxqro4UaftlDuBbBWAW1V9oqNAAPOji7CeymMNMo8GOPlxiHkd+NLYxOSJ5ZVip6uoORraLP3Aks3i7TfvOXjoaFVVNUiXGMy/WNOxWeyQWS2BCUCVNtgmzFbj51eS4CKtEj9/iGbbo1JV0sedoNAZgj00sRMQbG0YhxybbhhBBRW/Cp7BCsb1hRec8St3tioF8Mhg23CTODbFQMwYawBPt9IqQBxP2npnF4nF3yjLmNGNIcaQ5ImnX6TNt3CYkGrM4g5QlKeWss3iYnOjeRUMjrFyjEtR0RJQPufs+cRlD779HFr9H9UVJb3eBCXuLjpfopLEVhJlY6g1hF/yhJfZo5w9kTtJwjBZmaqcKgRnZrFzEMNC041STFHZ0XJN4WGTx1SEtlM2JzYPwG5SIRd4yEs/4ElUlcoXs3lCwAyotasX9w+fz0zpI8ol+Sxx3lNOTHj6xNGLdt4ULfwgt5j8Er1hCg8xGL6hkTEUUBcNkMyECpU5tZH6+Y7VEYcge4kw3MQmrIprQgrEk83WtrJVkQYbGaItECMTTZw7W1i4pEK6SIbAyYUrOQFlSTcckicSxsT1C0txFtjc48JpqCqVOdMyTAG4vvAC+7JdqBpGslMF4HpVIMMkcD6RkC3lCmSHubl5yWbmXLnc2LkhPDDF9RhroEwjMhTyEy9DkX9TLyHzA6YodyVOyZicCokh2NGl7a5EF0pSyKFUJfXIssSEcHowdqKJA9tOpSSyisPY9XFe0tYjAZGMFOmGdYfIUhi2jQuY6hmmzNOGF4cHrXSBMh/CpFhOiTOczUZKVbYwbrUN7cDPnjmBypGhM/OzMw1NLVHOWNy0ce3et/aZ/LCUI8bHR/DAFN4OTgzkgscaNBNEE1LN0g+TdVDGpOyRx56sr2/EI1dkazJOrqylzb3hMWHwM20vsaEdNXeIxHCljWdYgQV/CCyAvWRQEp5o2Isq2E6LIkx58RzKXkpONyzO1u3xoZqULXP6Yaq1kEP2KJXIMsgZw44UgOudBTZPZeWkUgzMnPZ63HxZfUcXXkS3iPdA4SUKp08cwhUlvBq8uqpydnoK9XgFHR4Tx8+29m48MIV90cmXErC0j59JNfhEmcbMqKIjU4EaMzqKPrwloDM0jkW5cIIDKxUVXPxjXwNC4IUnmrje4+7ic80nhU0YwzXZCmCWVLHphhVIdDaXthVxsgsGUE0RPbKLEE4bw+ak0AagnjHOVg6tKAUebrBTjzA0VVVWCb+Lt960e3Z2prerpaKiYsvmjY8/+Rweznz2O6996jfvef57e2m52BlFeXklhiz57GJyS/6zTI7EQ6vN0bscUA8EREo20ixrls2LVGIXtpfAHksUwi4SkTYgURVMgCldomFJKooQYaSNGRILygXhl+8qJpd8VmwFiQ7CAU4pbM4aqCabEr8L9uUvKNdKWCHy/H65NS6KRGEEwGPcnCYu3dr7s7f24+ffP/Tsf//Vz/zVtx/+3a9+6S++ZR7ki1KFyRZ4PjM61D9y5eURJj+aMf+Y3LOIl3DuffMXURoy+cZ8ynKYkc3OID2ZN/+Sfh6Uad7iHcd1FHsI7DHG24VEF7ZJYo1SRYlGbbKnMImcfkBgFE6nZCv5PTBnUyXXyvGnZCximeWyUye5amUrAqtWxcBgP0xZBR4SJ7sgK3lYLKfMGUhow/IMOdzOhzyylCYWF9asat9z9c6KivI9uy/B401f/Y3Pfv0vH0wMH7ljsP8ERjWYcxk2MbrBAcyRcZYGN+ZfbOglOXlQhkoOjQG2eG4KKRBhWhIb7xGWzUWIeMZ4RjQeYWweUig8ipBOgxIbxvKWRzfyO4FmFaSHgrniCkyVjURZMRu5o1auVOA4SRnqQ1wwRmpL5YsYCo+CGGbPzZvnJxcXsKXNqo6me2+94sEf/mR6avyqXRfjphusDS8szN928x5kiChZUMZw6c0/n7kwcPoo0svQYB8WepBzsAb06GNPI9lMTpj8Ultbj8laBZ6kqqmxJ1NxfZK504rVVx5hclwGd4WfF7tzPYnGI0zxJAorkXjpl88jF2z9y6MbfwAeCmXIh2wiNXFr5oJkgwt1sTYzrceQApF+48AKwz1AeNUqSRjpwUh8YBnb7uGxSVy3vmRz96mBEewgsbAwRw9wmxFK2eKTz778W1/5/PG5fiSc6mrzZIPzw3movbMXmwHecuPVs7PTvV2tePHmvXff9tAjj9fVNWEeVVmFu4trpvCKmGhiFRiLgnFXsBIFQH34GWGStAVy4f8bDE5bW7ijxEQTR2U79XTaivWVrYr0S22xS8UqVMUlKeKaVL0iLPCQO1F5kcLgQrWmcspUmUmUIROSDGrlQFJpCwRjlNF/6mhb56ryinoMZHC7zML8/PW7Lx0ZPYfXMGxcv+b2m687ePhY9VpzczDuDO7rm3Xf94xcEn1wu+DHr7/qtbc+vPTi3r/7wTP//Dd/aeP61dFcCvf4lSPJ0Dgpbg0oRLbqNJhwv/FYw8aEMAdiPGfE9svaiNwGxDlFrini4062Xwjj7oIGHNqYOG2p6hOZpd/QdKMUSArqcY5NNimrwg/JF3jivKh6xrNrBeB6WSCrEKS0SixLQriQi2Ul8ogtQZta2vtPHTn84ejH91x5yfaNY6Mb1vW211RXVVWU4Zmphx557P577piZWRw7N4wXe2OAQyJ1v5U3UnRXX7b57fdPYGC0pgdrQJeUl+cOHz35B//z7/2b//e/RpmGFosTeyIdAJJID401UFbyZMemoz4fTbSp2BRYCQO9AqAm86DmfLG+I5JR0qEZ3GforozphmPl/uXYuIYwdnezbXiBOdOy2XimsuVxk20VLjURSV7gwvbCAmxtibQKQFTVVWW40QZ7RyzML+z9+cGX9773m7967w8fffLO227Eas25sbH777nz6edfuefXb8MdgHjmG3sYO12Pm/dlmiVh7G+za9tqTMqOn8ILeRfHxieffeE1uPjtr3zh0NETP3np9cic515KVJZD7i42Tuw3IG0MmzsLthcnLLHS9ivPaamfq4Q8TyB+bRSajXGG7PHixHNl9nQT51Iplt0Nr6qVdcQV4rzE4RPrlQDwY1wGK/ckIpEuGMD9oARIAtXEJoRRrdKQy2xCYAygKs0rFubGRgdr65tmZ6aGR8zwpr+//4rLdr31zrud7S1L72+JLjAtXcNiQhRAUlXXhWkYlnu62uqfevnDS7Z0v7L3vd/5jfv+7R//lclDi4sHDh/DJluYTGEXi6bWDmmeuUyxhERtY7gfyLsNYFXhXtgkVYFcyxGN0gY2j7xUvsCcisoGh2hL60WGkDrdsCBbq+TlsoKxOQFUK1sxLA7AyEIK5IXHZaBiv0RbFO/EmYFKmShtUCgBsV7Mesri/DzuK57FZaPh4RGsHL+2962uzs5f7Hv/Uw/ce/st19OV7aqqWle2wfhosqJmHjMvpJW+M+d2besFE/hee+MX/+N/96UXX9mLAc5tN12De3B+8vIb8IZXypQ1Vhd+XmR0admUrbPrYnssrTMvXiYaAiptqHTK87LqxmLFUgptUmtouuEesQVJusSyMmdaZahgqrXAQ3Zqe1E1jCSPqtUvg21TWXk4bR648A/NkElPHO/HRAlDD3xwRalnVVdrS9OGdWtb21o+ef89eGnvhg0bkUdwsRwPN9TUNeDh754166UMHA6PTA2cOrZYNn/q+NwXPnkLRjpIXi1NZty0+6pdFeXlP3jo0U8+cA92RDfrP9GMDJzcA+G9RyZ2pFJPhrIihBdeOGORCpPBizKxE40C8KHtmlV5MNRUoh5TfqWXcG1MwoWEdMPUdo8wRSEFomUvTCXD48rCC2lpVdRKp2pleWm9sGGqAnlJHpqZi9Llza1dZ8+ceuGVt1qb6t548x0MdswF7Id/VFlZZXKNubZk/kHGaWxvljLIy8zMQntnB7IMbvb75t/84EufvesLn7z5yOHDXe2t+97/YGZm7oH7P/HsT16tb2xBusFj5Y2Nq+iuYpuKa1TvrWSnwbXyDlUkIE4e14cUwhNNHFuIvBXuMZaaqA1IG0Pmy7f5SRB3fZwZ+y6w4O8ylkFeMothnswMTgFMqzqhQC+KzT6M6zTll2BII1jKxePamOYgBRi26PIRHuPG6ObRx57Cum9uBvcBm4EJ0k1ZWT7dSC8jo4NowpAGBDW19X/znSe++qv35nIVdXW1H+w/uO3izdOz5p1T+CBxwUNf3xlbtlMeX9AEXgFshkJqZDhOHuWd8BKpALKJy4UnGqZSBekd2lZgdAYBcCT9Kkl8aGPieu+82/wQAyhKvWhKYZBWWyjHgIJqVTGoVmlIZcYnIm3bkBqmZUfSL7eGUIVg2EsgM8FwDbmyphGrNiNn++bmZ/vPnDVToVmkB/O2lhs+d01ba1tFS2VrZwfe2fK9P/sRMoXzC4AbdnBr37mRszW1DdfvvuT99/eD4Y233vnC5z717b//7qcfuO+Zn7wqM05IRMAkj84CieJh1G+BncY0Np7734kpXaJhd1SADGhLK0+RJB5m6zSmjZOXn0wRe6nPPZ8wWw0L9RSUFbORiWwtsLM8GmQTC5CuGcCttjzGBBYKDccMZ8qra+traxuqq+vwapZcdc68nQ67o+cqzGjEfMy/5jUudU12OKbNkJgPrqBvWt+L9WaYPPHU89u2bsEo6dTpvmg+Fg1wFss8NyiDKS4c5Vd1IAwVADX+T5wjv1Vcq+2d+OnyNp6rtAFxVNnq/eHY3rN1oN9LNuWwInn5yZStVdUo6arVL4JtU1n5OTkAhsHLR2dk7pTHUqkQ0htFOfcmSZRH/y8v/8krbz5w157X33zHTK0iHQ31dblVg2XvmQNsglNb1+hwGm17bnjwbHiu/NCx04cPHcQg6b577uxob/uLb/71tdfsNjOpaBkIPNMzapfSyFN8osk3n/+P3T/8RSKgDWACRwjcVryCuo9GyYMfj8JUKrKFY3tPVAiAbZVKqh983mTKA1UilG7VyjzZuonNwwvk6KM8OrO7yNOH3GRbhfcJIdEnJ04MNDa3trR24REEmihRokHuWFicR7l+Zt3i4ruEx0CGnLIG1OcWxkeGFhsam6OMY/IUCvjx6GNP3PuJO2h8hGSDB8HrGxpx2NTYpnQSW4HhKHOpkNwBUBRHSrx96Jw6KXmwciq02Tw1xQ3Ho5D+VNsAj7YMTQlXpuIYlSzZrWjiQwWLY8tc73GkXDOSfKnWRAFkntbKT6vYyAUP0FSrnyqxNZ8mojHO0Mh4NLKhnGNMB88ORwzR4ISSx1LSIWaoqmnoPtN/HDxj50awASAWgzC6wYIODWpwWw4eB21p64peoTlOVvSzFF1HzKqL4Ih8obV0Tp2JRsYry0ohC2OMDeCm0oXALlCAAHJEf6q5AxnjUciYwALIM6Yb5YA0kVZeMwcGNUWUy065U8LJFZIZwKma2Avpp0MPRuIzl1kPD9C4pnABWGfJYZUGN97ksw79Y4if+/YL1+6+eqh2/OkHf1pdUxPNhhZxBlmGjKi1rRuJBkOkV17f98Bd173+xjvz5bhWZdIWlplr6/FcFXJVfqyDNEQhlLrr4D3OURH7kPoBuabA5ypVbyiF8EIA1CskCSj6T+XIdhqnMK0SclScdEOaSKtSrOSq1gyiYVIgiWJwKpQRpRWZCh/nSMXoFBnoqKEOjxfQUq9JOs+/9MYDd1//+ptv07Xwvr4BM0LJ33kTSxmlKPOYAs+kiHHJgO5MNtnmgd+6AxvfVNdV/86//QJa/+pfPbKEKfK/3Ceqr9iNqmd8HIDr7UKqQY1tHlejFALGf63jvhhxVGnrA/lthWm7UToqKN2wY1sTB6+a2IQAqpWtVIGtAvHK3H8oOeGIzzescChb/TxpWymoQH4F4w4hp6pVKcFTCFW1JktQgoiWjc0BwaLRCBIO8gUNbmh4ch4HBjunTw80NrWZpJOfkY3l7ZeAeZ6lw2PlR1oXzMNTLNUvcsku6N9UXceMtgDWRhgbgPoSJRpWxQUSo8aVSiHATpFMElLI1nvMbAvwiESTxGdJN8wuiViNv6BMmApWqgk13Go3+b1kaCVfcKR8sQbiVK2ZHcGwECplGyeS6ulVmRiWmGRhfpSfHR4zymXCiPJNQ1Mz7gkeH69UX/p8mMY+n7MoeS1RRET5y1KUdsq2v7PQtwY7HC+HGScyTx72D5Go8MNMHSjFoxSqC08O+yJVeYJSCuFQiUSNjfHognkqvIeKm2xCeOFVSBldinTDcdrs7DhtQVIxP5PIVq4sboGdxvlS9YwnGarVr41sU5n4CblVcWKAhia6CIUCcgeenGpsbmtu6cTKS01dvUwWr7/x9t2/fvtTZS+L6ZRjgINpkkhYUdIBS67skR89+alP3nu6D/sB0uDIiIL94KaespnzeJTItD1Zut4ziqMPK+QRDZxKnQxYsij03wxB2RqkQgiyAaQyg69s4ZEj9ReLKitDVr9WRii6iRxRl6HMh55OzNYjsMoWlDqXUmGcSMYo28zKPYbkyz7T5h5izhZluede3Pvpe27a+8ZbS1RmMoVPlCjOyxFLgCiVRMOjaIiTe/6l1z959w1IVQJgzM2ULOyjeoN7ia0ZQE18yIBSFDjRELly6hGZQQzYFH8GEpgoElukM5ZsvhKt4oIikZVYaacuJiK58M66VTyJLjMAyJd0JMsgZDFErlrDPTJPZgbpS5EwuQcjm4pYtjuQySESt+5hwkOZgn4ODpnNzDGxwuNU+TyD4yhdNDY5XoBZW20eesgPiyKK6HDph0gyP/jzJ5pbOy+9fuPf/+GzS83J/6qehAEi4gF5sn3BCJVonHxOkRJpA2Qrlz0nizGZC0oDfye5AGaFyexLGoYEZSZTMsXI1KOaJHWxytwFifErABtCiWqK0xbSHXG2gfWsRMrjMrcGsgXCQuNCjojyi/mX/hOLNzS6GcODmhWVInWcJyEyNDawN0xoNP/nD42PohES12UtUFBymMbdSJRF7MyQRBMXh5KhRMLKCVCVceQF1nu+GEpn4XpAGEKyvHZDCtSjHzL7yKxUlI6wT0Y4rYzN33fcKk3CHaVC+n1xK3EWqIfZAnnwqhbcmGdSRfR5+vlXP/fArbgtGE88zSzMTUycwzCnpbVzamoC8yEmh1Tw4xCXt2oajHVTa+fZgZN4KmqQ1ptN4snhsU8zRMJnsQzb64yfOzs1gZcCZ/mQazsoVSMVwo1qDXRcSKJxurBlsE4aqdkAJ0+BlXF9yLRKBouMA3C9XUj0JU1MuvEYyBQjUw+sZJNk9Jc9vvyGnta4vvtInWDoj9NJoalWT7wZ+hDDhGPHTuNKNl4UFe3qN42hCN7LgDIcmZv06hpqampNxohmVug6GlnAl7wzYElVND7KD3OW6vL/gsPQtHe3q4bEw1Rxqe4iW+lCAWQTykVPNIqfDyGDtHF/chMV/DoVOPEwVR8ym60hsD8Bs22Z1i6YRzQDDVR+kdlHNdluWH2gL5shQ43zBBddAIWWgVaZcBdRpKqVKjP7gjmyC+Y/PWs3D505hatU2AQHl8PxZqh8x9JMKD9EMXXsi5Tg56lTAw1NrdFMysyisGfoZ+67ee/rb+YZkKjwiQ5mp6cnxswO0IEf9hWIt2F2d8X154olGhIJGVKbLDNAhmMDZKu/rHz5wf5WW4bqTzK3YX7a0Ec0bRaZYmTqAVI2kcq0smx3ITVOX8q17DXVFOKCMcxTCAmzoaB4mB9NvGKqMNI8sdzUiMxi5lH00xSWVl4aG+qjRIFkkf8XUydK1g5asoqWbmQrZ6rxcyNmI4v6/EsdJMYuO0+ZDctQo/oKjniniAxsGUwCQ7N1Kl8KoFrpMNCX0zawkmWQL+mXygzwEC6v3XhAiU0yvwDsyT6JVBkAHH9IwBLDhuRUNnlkrMCphXcSQ77wm08FFhwo1Y5iKceYvPPUsy9/4dN3RRgzLqEP3enX07vKtgVgdGigvgHPhZvGKHOZf5eQi5Pjo3Oz09iodHpybHJsAmo9OikWD2CJtjj/ItfIbyn3JLMXUUkhodkylFQFKMQXxx5egDslgG39OglWnHSjXK7MejOcFtjXquP8/cWtyopjL25Bhaacshg4VU1xMpCzjh4+0dDcaoY1JkXg/9E/udxifufPaHATrd9gTz97dIN009LePdh/Ei+QQVqZmZ463Xcmuo5uMhWWoptbO2rMvuj5gQ6ESZ0sVYUWJ7hY9c7Zk91pTqlpNZQiNCW1KDrTxgV8Ymh+nWAAoGjpxqNG/lUpysCHe1xFmKETpYliYy8rueQccl7pzLFy1kk1KgqGmUJ+IGKGNvQZGBzu6emOMMgYC9HKCy2/nGdHB/XRO8SRU5Bu8GBEZdUkXgmOHY5BBQCmT1gjVrf5KTHydmfIVq0Ol4VVORNNHKUSk6JXI0bCK5I4X4XUkwt2p3SCuRQa4CUtrY0HSaHphqO12Z19KlMPADL7qCanObkL9OVkCK+EF3JHf+c5UjCUQgDzpyVXeOahSGUrMgru68M9eGcHT1bjqc0oTTz86BO/8wdfRhM+ZlyCbBMNcDwdRYMj/HzquZc//6k7GSmzzSuPvcP1KMie5HqPVMZkK6RKNE4Xst8A8EtFq8I7OYtSSUrYHReY3C+VYYEF5S7QygmD1IzphkOyo3V6iquUKUamHuBlU7HcxclQ9U53MlIGkKFsUlQhh8RWIAk7UjxSak0VLk5hD4pcebT9DcpPPP3ir3zuXthSuqGUYw6ZzipQkqKMI8dLUbaK0LxoHB15ovNIhalqtYS4KwpPNE5eJUb2qhNfokr4VUpsRwpgS1UAm4FrQtwxOKSQOt2Q+nDFISIII/MLamT2UU3hnGmRgdGp8NUZVa0eDYHuPAyJTVLMyNAgZRuz47Apmf8wwzJzIRraRAXkGnv3T7RglHf8eF9DY0tTS+fZMyerqmqM91zu4Ud+/MUvfMZkLMpahsT8P210UirsVa+iRgFQIz8lSjTSBZehREWn1PqlMk94QbkLN7SVhEjN7M4vLHZrdGXGEm31ClmUQ7jDejOoyJ1MPagsevYpMDrVJ8xGXaFaqZIwziYCFPcnucP7MPd/eLCtA1edkGfMB0OV/oGhqenpu++8+ennXkHGoOcYkCywzmKvFudV0RoQRji5soEzQ/nsghxjxjU0MDKlAqOzzeM6diUTDXrAee6U2jipGU6r010GHjbxSyWYwrBtgYX8fTee3il6tH7FTncqvxQx+zjd+RUmtqpTpfqWzBUmkTMzQAWIffbOjQxNToxiewoMcCjjIG2Y7YdnpvES3tb2zulJc4cebr2JcWomUrixJkos0cCIcGYmhg8SzmJVdbSqHGOfuVp1GkL7aN5KgwBtqSpqBVCtfIgYA5FskrYg+ckdfuI/5pEArsxWyE+mFCOcFeXWsnBNHJ5S4mTwZB/V5DSnSvIY4s5DEtJELjjAlfHO7lSADfUVuar2+fmZ8fFRvOYFzzo99PBj9/zGrRjmVFRWmS1yosViiMS1JyYhzaDCPqRm7SZXPjszg3v5UP7x0y986XP3oYAvTPR2cJNwZmamcGNxSOdkxtgjGlttZnKnIfhVZzphzkrbMFEtAWxDJ3/hldKdcqqkwpcChHvXazdMzQNpriHSzJ7iNMk44zD+epliEgc+HE7RA4kT6QmQxZBtUSR53JEXPCHV0obbZ07QowwYjGCIkiuvMMOSaHSCZyzHRs82NqxSesA8OjLU2ok7d877LAUemS/Pp5aqi/2vnWjIg61WelatsimxnNiliQw2QOlR3wTgFcBmKGINvHvc2U1KrQ2I07acbuL6VHFJT6opzoeznnkKIbGZZepBq8w+cjHINixFTVyXsi8VO/cJAVQrW8UVEt2RYUV5BTJONJOKCuUVh44cv+6aq2jtxiy+0PKL5QZ68BgnZZroLhtzWR3/AXhubOz+e+/Crl3GCA+Uj5/Dm636ylI8NmV5c1TEJRoH1Pp1zda3gV3qFJCqks41u0NBCk77TQh3zR7DTYBUeqRU4lEAJs8vFdsUjFAFSSTdyHplog6zRahIAg8p+5BHmuezoUpMXF94gbslvE/IqcIzD1pVkxKZqkvNik1FlHOivIMjsEWXp6I0s5Rrjh87ySNcdofF5v6B0YqKStxSjNkWLf0MDA71Rg89TE6M4U3iczPTdfVNbFKUQqpE4/SoOlD2LfCqFTWputTpMW0lPLIMLhCJUotKBUjrC/giBmiLUYIJgMrsj2iqmJ0OZC8wwBYnYUUsK48qv8iBj2rKrIE8FitAycOxkDZuSusRGaTv9Jm6xhakHJN0zKfigw8PfnzLbjBHc6l89FXV1c5+wIrPxOzM3Nz0/Bi2AVycnhqfm5slQ7OLRW0dnmOgZWapmQU7OT2VhScaJ7nSI6Wu8E3kkJd4EpVaNuHQbAA3OQvwmNbEyRNXqcjhjnp1eTIVZxlYbztQhgqgWot7mHj+4E6mGJl6VFOgsBCPgVROmOo9Pn9OsL8Si8L41NWZt+tGGacC985U8U4UZWV4pBu5CBeqFA/FiIFQa3tXfUMTbr2prqoByTPPv3rzjXsi8NLQKDqQmvO2S4yyaanO8S/OizxNDkSRqkgPiURGRkEKDlSbQQt5ycCvTKRayFCtUlhmj5IkVZk80ki5aOlGKUDAqgv40NMXiiTtYWYX6jsdnn0ye0wbmsSTUznTYRkE8/dwXWOzuew9a7LJ1MS5qanJ66+9qmyk7H/7n37vX//hv1+Yn8Uj3ZMT53DhiZ0Sf552aDw/Msrlx0fmXkGzR5f5GfdRkhIFl2hQEycP9ZDEIrlA+ES1HlpPk/TogYU0BQouoscQVcAojyVJN3R6VBewPmqlwzgMgwMLfo+BJAzzZB9uKq5Hdu0pcL/ZnaZqGAk21YSaybHRzp618/PzmDzh4nf1xNjZodHVuc6hkVGsudTVNUQPKOSF2GHWY7E4moJFtyVXYh0H2QdoPFWet1n6x3OjoFIlBdMSG/fzElkJ/7VjVM48agmpAMrcPkz0aJukqlF64I7vaym1a9bpdFTMdEMO4E9FywqoIFvZJNFKkfChMypuLUpBfvXDBz5FcU0kaWOM62Gwoam2sQmb7WHdpqa24bZfvhoru6u3raqfr2msaTQLxrnc+NgIEgouUJ0+cRRrwyoQ3JuzYIYy+JhJGY10ZmfnosVmWJt/cSkdyze4ai6HYIpHHpJg6lu6gMhfDBmLNClKOW3HklNbEquNA7DabB7ZPHNBnYhwwdk8gt/uJVAVJ91k7kSpKVUXMFgyZOuacCs4XbGtfEhV5o7loFT/HDn4wXW3fQnznlNHP8QONbjjpqLSfAfmFxYOHDqCPShwb01zS8fIEPYJbce6L/NwAX8naxqa8/Op/HozVn/Mxa2lTw6rPxg6dfesWapJ+NczdeITTRQqnATe+ObCO1ZyK1VxmlGvkJKkFOW4MJWMOMEZJMV5JKqC0g2rVOozqISJImFy1eSPJ5trvxUrUQphVbqBT4nC7F6zA0u8mP/U1tX1rNnQ2taMVy/MNJyqHV5fV9eE6RCWbMZGh1s7epAyjh0dVn8VETJqjh4+WlFVPTc7g539liZTuU/ceSvWjHEtHCMj3HQDJBKT3WOqqz2JhpCKgc+Fs1WROw9L1LHSl61ZzmVUqzQsYjlVmEqS6mSoUoA4nTD0IzOmm1TBxInz10vd5I7Omaz3MxTemipMmXrgWk67VJNfWCqnfirVWlnTtXXLlsqqyoGThxcWyvpPHtk4fXHnusbagdr5ykXsy4dxjXk5TE1ufHTIXK6qrnGuv9Q3teLVd80t7UcOvFvf2Dw9Od7UWI/J1e/+5pf+8m9+UBM9MIVVoUMH8Thol9LAh4mJhpGyoM4+9RUDVCvXcwH4RAyDi1IghbIf0mrOIKPAMO0uCtEc4nT5Nj9EZbtRobLXRKQyLOSQndI540PiLJES8lIIuUwxMvVAtmySPVO4U8mmynNlDb2rN46ODE6MDdfVNzY0t+FWvTUXdx3/8EzXRU2nB4Zwo/DE2Ei0hFyGLfvGzw1jPnXqZB+9a1x2Be6yqa1vRH7BXqLRfcblZ4eGm5ua/vg/fr21vRujG1z5mp+b7Vql131IUrZEo8KhQ6kKNZ7vRkn71qmN9CiFqFQ1Hs1xtJ76EoXp10x6FMYp8rzb/GTkyrhEYTg1caXTqVNYeMBMHldwOo0DB9ar/CKzD5q421VogeQhsNnFhvWbdgCJRIO14eGhgcGBU8gI771a9tz33lj35fv+0598G4fIQWZ0Q8895XADzlks/ZIqFolNc7rW7sTAZ2J8uLO7dyHa57ivf7Chvh6rN5hhYVuL2rpG+JqZnlCDoyImGmfUqgNJM09kVKuToViV4d8ipYr7mZSoVr882KbC+9k8rdILC+aCbFUk502mJI6ML+CpglCpR+nmQ4nhgKlVNjE+rsC2qazi2Pz1nH3gVKYeWHGTnyFVK37nu1abSQ1SyekTB9s7e1srV2HqdOkNq372xAHzjFMZhjOd/acO42VUGLPMzs4g9WAy1djcPnYOu1WYLzF3y+wsNiiuWdW7flXPmgP7Xq9vah4bOUt6mtu78M7fB37zDmycvnHHmua21stv2va3//fjaC11oiEBzp88keFTTDCOyGmVuZK8ZCZXhoGaC3SaLdg4p0ozyDmo89KN7ZXnL0zBlja48Jq4AAKZlTbWDHPVJAkLdCqpwsvsVOWXomcf5JrGlnUQ1nfiICZK7V29SCUYg1x6Y8/PnjzYf/rYTdddMTU9i0fAZ7BmbJ65xEJvW662AXOisXNnG5s6Tp7o23zxRRxaW9fq1RsuPnP6KJ7OrKqq7ejsxWBoZMzcNDiDLXJqamdnJquq67DlDR5uQOUFSTTcvSwbBfUdkF8Pu1UahpfBqbyE2zqRis2puehOnUpUpcep0gxDlq3TDTdIG1lmALmXTUpQqkOiLRabrU3KZi+lcJoYtd+pJ/uopkRHAODGmbUXfayrdwP2tTl9/MD8/Fzf8YNzC7O777r4ib99oaKqBjuBXrp1zWtv/gIJCHgsAJuNjM0n2ppvsQyjm+gw/wPX0W+8ew+ugveu3Tw+ehbJ6/CBn2Nrm/r6LqSn+sYWTNZwOw9uuqnsHMTjmuC56rq7dl62S5KUuowe5lPs8aUw8hsCK9Xq4aEm/2lNNA8EKFX4W0IrayxeAQJpU8EyRMqqltNNIAtbkkSOE4eqKSQGNs9gG8LPGMkPpzxJZMAKFAJ7WCqRKSbtwAe55uJdt2L1d3T4TP/pI9XVta3tqzC0QRbAC3xn5+YmJ8e++Jk7qqurLtm26aGHHmlsaZ8YG0XGoSc1x88NYcLV1rl6bGyYl2B2XXvf6ROHsUazWLYwePr4RduvaG7txsXv8spKXOrCiAaryNgScOuVm2cOzZctDr/1k/erz9+mS54IGWlRyhl6mP0qYfzNJIBqZSsUCnEqeVKVySnPE9k2XDabpCqA39MViVTLV6aysUgrGaqsd4ogcCLMaZu5khXK88SVoC2RnqIEK1MPpMrso5rQilzT1r0FF6Fw/x6yRs/qTViROXX8AJ41uPHTl73x9FHcGnPDFRuqKnPYqPjtdz/AMo3ZyKYsh4Wc6Ca9MkypYGISy9IHnFX1Pat6N+JuQAyUMHUaOds/dLYfI6Pp3nrM1LA21NTSfvHlmw69e2wB6SdXBhju/0Ny5w4vUW8XpYeXAjX/qm+ClM2tRXcqBXjK8KvkMVjVO2UzOFWhKMGed2UqlXsbLEOVcTrrZaVNVfQaT2dJJVI2NMimbJI8frMRspVMMTL1AIBbnzfvvAmPWbZ3rTl14uDM0ERldXV08173tmtaX3r4PYxxbrt+Z2d7y+m+/j/9r9+mzW+wNozUMobr3w3Npry4ODs9iavjjY1t9FLNtZuvXrV6k0k185iaHWzr7J2ZnqQRE6ZeeKChs2fduZGz7+89jJkanpPAfYN4EBQMp0/1c7qRXVqU3i5dD3NXoyBl4xBOeYCMsmqVhsUtpw1WCSNzlqRaud4uFCvG5cmU7aOQGhkJBUmnR9YXwh9um+oMKXny9KgmvwA2TGXl5/S0cuohvxPTuYG+o5gHvfvmC5suvgyjD4wyWjuqN1/V8Pz338Lteb/xSzctLC68+c6HL776Nh5laGpqxeah2McGWQM3CtPmNRjXRBfEFzHiaW1pwHyqe11P38lDnavWYiWopq6Blpwx0hkcOLlz8xWQh0R06+eueejrj8KyFovN0Qf1SDo8HZNRqM7hTiOMapWGVCZ8Isw2LLCG/HICBZtUXjo98FIguTKXshGFaqVeIoyzKUM3lird2FLo9IREaNtmqGFHhfSUtGVCiJH1SltxT48i9xyy37HJsu2XXoa5zOmTBzdtvRzDEOx3VVNXb27ba1yDyc4XH7hm71u/eOm1d8fHRmtq8cBmKxZ3KrGteT0eaJikJIOfZnxTtoilYkySdl1xeUVNJ7x392w4fXx/dU09rmRFbwqfa2nvgi8g0brnvp3P/MOrSDoY0UQzM7NHOv4LfDGD6lXZ4SC3W1WNp3OK1cSdrAilEr9sZRh4GOc30DwOJmUDYytHjcLEUQXWlzDdsHqpWJZVhKopMAAbtgLnhkMj76S8RH7tAFWN9IsrR9fe+isYcfSdOtzRuRq/6u2dPRjanDjywZf/h/vqRqq2/dINr72574Wfvo1nnWpr6yYmRutqG6rMlKkVaQI7+Jm0gTyTy2FWBQyKyDUYm3St7Qatuby1MF9b34CnwUGOxZqBvmOfve+Gtb0mGS2OLYwOnQEXUhueh+CnNhub2k6fjn9rlYpn6VB9H5x9voRdiX8hQElyelWYwmUH+nWKSVUplcMpTjoue7F+2ZqKVoJLkm5IYog+ieHAoE/WS7n+crhfP09iq5JHJybRqugAFS9yzeadNw72H8fySnfPejyjQOssZ/qP/69f+/WZYzO5+rLDR0+++OrPkRmGzpzCeAbXmCbGR5BcSBvWfHHRKn8iFhcvvmwbRVrftBrDIDwehcx16MO3cXcOkLjmhWXoltauiYlJzJ4Gqs49/M0n6hqasaCTK8PLOXMoINGoS+mZOwFKOF4U8iIjOnU6MruIM2S/cQBPvdImZcNKtSqeQvwqqlSH8AthSlsq5XHuipxuCukgGZ6MTdbHhVGI3zjOkHrye0Gm8ZCnembzjhtwOwyWV7AV8cDpo03NeJ/U/P03b2vffs3Pn91/bmK2u73hH374HNZocC18YRGpA/f7zWJ6hQ1uoutH4zhEktr39ssg5/WgsalcU2MjZk8jIwPjo8PIL3iCAQvD+Hni6Ae37tnZ0dZ8tnbyz7/2ICZVGO9gGoXLXhOYuzW3yz5EUpYdJZsSy+r8qsDltwVUqjWR3ANQfj3IwCalLU550f0GygMMrpVIslWVccr9joqTbti30uT37WmVPEwOvKzHITepeg9zsZrIte1X1rA8ciqbMsuI8zsxVb7tYlz5Hu1ZuwlPRd1x7frqqhxWVd5678hFnWVPvfhz5JGzAyfw9sux0SH8LM9VYApVW4e9aYYxEsHyDdIQMDsu3XX1dddDHl/t+u1/+f/RuKbvxCFcmUKSOnPqWHVdHcZHd916w6b13WPNs3/3Z08je+FunoUFfKMWMfAxr4SRQebMzhWyIrAcF680Vx1brG4Hj2KWTotSVvyknK95FcVFOElIVzObU3lcK9cXmm5SSWSvqQoyMHIH8wt7nQsCpKq4cBSGxQeaK1pPV6Pp4l23DZw+1rNmIzYbvv1Tq6uryvHb/s6+49vv3fgn/+KvMWqZnZ3Cw01INBjOYAAyPztrVnPxyZVVVFT39K5S6QCjG9BOzZZjyebUiUNn+45htIKM09qxCsvDgwMn7rz1xos3dP6Hr3/3ji9ePzx4urIS26tXY1+umhpc3WpDxpH6N27cIA8DyxCg+jDEUJlQv5GhaopjI5NAcBxJ5no+EVI52EqqJ1tXc4xKm1LO4pdv8+MqpvAUmE658ZgUpQnuyDWdEpYB8lIrIV+FeJG2Unmi+ETXja3rzTZXJnWY5ZoT/WOrO+vf+cWBjTtWH32/z2wWMT2JdINMQe/c5UVcFMorqrfu2GqfHcx9Onq2b+xdj+FMdW09ZRNcAh/sP7bn6kt6r7mou6P5Gw8+d8vnrn7kL5+sa2gaPtuHS2BIYbjuju1DDWGUzbB8g8nauvW9tgtPTX6LphcAAA3kSURBVGLIHlvVlKrbi+hXyUg8hGspFXh1SNqYR7VyfdpCKUK2tZGX827zk/HYBhRGKcQFdpDtWooMER/oSMFsvwqQ4VAqh3mc+BDXuNl39y17Bk4d6V27CUMbXJ+en6/9+b5DPds2H/vgCBZTsB6D/7AJVhUeUBBTHNw9PDFx7urrbrD1Yyb15d/7Gr0WZiE3f+b0sabWDpAg3Xz+gVtWdZq31r302s933dTz8iPvYUP14bOn8SYZbKZj9jo2WSbXYBaJh5Fr8IjD9p3bbRdxNSEhx9km1nu6nWwVIJGwKIDAkJU2+Z2BDNUaKAwk2QwD+RlGXs6bTEnHMhiqD+wUdlCsAiuR8mxy2comgMl628pfs2IhS5HkNHy2ePGuWzCNWr32IjyuhIyA9ZeW7oq2XoxrjmA9xTxZMIvNrswr6BBsNODATjSTU9NTmzZf1NZxmeoBWrK5477Pl1dW4QrUGdwu2NGD5RgkGsyqdm3tLS/DGs3CxOTMm7849rE1F8El/isvr0SuwaVxPCCO3Y7hhhzhstSOSy5RLuIOV6y3WQB3O39huAAMtzK+FAV4zOZIWUnlIeIJr0hKEaDkPC/dyAbWAVkfkQu9Up6/zOIBS3saiPmCnAwZlD1bRKuMi8HX3Ntx/MihdRunj+4b3Xxt+7nBqpMHzAY0C3hcKrpWhKSDR7Tx8DcmNaiZnZ3dsnXr1h1mty31Qa6hC1Ld667AKgxWgpCrcM/O5NgIOuTLn78Z+eqtd/d/9/GfIcVcd++Ox//b85jE4cmp+QU8G1XW1r5q/Nwottdi2r0vPob/6JAvdXErFy5gb3tcUxOJdPY8689W8LjOQKgUSvFgs1tVTQaPGUxyab8EMozSKS7umZD9kqi/dK6lDGc50bVT/O2/tntDY/exLcd21O94/G+f+qPf/2OQ10W3yeDBS/zuY+++aFizeOXu6zBo4pVIqYEGNfRlwF+XrrWXrFm/FQs9eLxz++qyRtyEUVv51r7je985ONh3Ai9vuOGBXU8/+AounCMf4RBDJ/N4VE3d5Pg5PNs5PoarXeVqXEMu2Cl/8RBU6b5I7M4uJPa2NJE9j/oCBadyLWVkLrP+8FFzZl9xhtDgSDesLLFPGQkHieA4EaqeOIvFpsjVodK/kq6dSlJFzeK3XGm2BP5K2eQru8205alvvYZ8ofidKYYwMtFQDcy71+1au/5irMJgInbVlprqqqqhkfFHn30bkzXcNHjXr9z43Hf3YoCDy0/mvTHmLuQyXINvaGpFusHjEB2drR6P0i+VOfXQ4Qr8RO+l6m0liTuf6lNRFehaKUl1yK4L0Z/KI4PJ9XnphkSk6jtJx+UMDBx/Blv2m63Artl8JTUU0uckGKMbFPa9dpAO979xNFC/nWiIoWP1pbhkvnr9llzZApZjDu9/995brxhtxkY5WLWZnxwfvejS9f/lD76LdIMJV31jE56XMuvDuRwyzuzczIaNGxNzjYo6buBDeor7U7kuCrn6CsX1fylcB+r3u5b648QHOnLCwE+0+bUbvxonhaqUKlOpL9y1UhJ+GOc6lf5wdwoZ513BAg+3787v73ni/cFE/XGJhnxVVdUgfSCBLJq7hOdra+ufevmDq+/agBnTmW3Hdk7sOLLvFKUeLB6jElAkmvGJcxdv25420ZBHNbqR2Uc1BfaGE1bcDpcu5Jcf9c7+R6WCSYaSlhNdS2FSPFTJpgwiiY1J8vfd8HEGRttEskn1sh5WSorNU7oav2upU+qHHtmUWZ7fe1pazJ6UiRSp9Ce+gRszqeaOEdyajPXeKNvM4bbj2nqzK8Waze2Xt2x48Wdv4Ha+KNEszOCa1PhYIYlGKadDmWJk6kGrbHLaxlWiH2S3xMGKUi8dwS8tl4B5JTVwIGmdSvGkmalQUK2yyS7brs+778Y2KLxG6oN7EHLvy6bCHQUykIZw1wpJ5uRLNSUKYNu0honMHgD7ot9b+QZubpLmGJ588PbTn/ynd69Zv2V0pL+2rnfbSMVzDx5cfVH7sQ/6j8yfRqLBFjlDg6fxXvDZ6amdl+5y8khOlBF7CExZ4VDlF5l9VJNtSzVpz3gcT+Z6OeLj7wCxZeuTQCVFCVwpDNcPpLKF7NgL4YEhZYBR70MNS7dlZaBNNCF3BfqS5qwfrmW9raQorm3awBr6FbV/OaV+GULPmvVNzY2jw6dxfb2yumLDtnUNq/pe+vFz5o7k8gos0uy552OvPrJe/hZ5lBQ3dhmFTD0QIJtIT3Fde2J0Njm9q+9J3ClwEqaqBLPylco8Dqw4nfqdgRPheUvFcT4Kr/coALkUreIp3DXzl4KZ5cWF4A+czUtUiEs0TncyhPt/+xZgjs09/omP/9N3XzpIV7sC8wuTr3DsKvtgHFfSM85h2oXMgctTkFl8Zu92IGlr4JrnLrC1Qyh5ukkbfFF6nLsprXc2LKRATi/gDQ4QnyrR2MGu2YbNsfIfLELby0NLje5/L0i3sxTyTqtUVGkPfBhc9AK8279mGbxQFGwYyFks7+w3VUF5t0Mo1WSKPQV2E0cl8UxCrbKJ8c4CG4abOHkKqeQ5oyRZAT0FJhpSy9e5cIhL7NyfOPSHQEg/RnZIccvSu0wxauAjm4ooQHovnFb1oTwFIFetqCmu97T6nd6VSGCKP7pxOk6r3oknZmpSkTC+dN7ZhaeQ6D0kBA+/v6koicbvAq2eENAUd14SaQsHhHuX2adYqSfce+GRqrNAhP8oer6Y6Ya+iCsTNvmSHb2S3u1vTAbvdgg2bWDNyiQaW4wMAa0rc+rjZGTzLlMPmDNknwyn3g4hc406BeDJ1g+FCAj3mKMrowWqvLA9jltF6NWlBUaRrceLErv80oSfPBKMX5gMvyTZgrWtOHwZAmBpo7CZQ2rYewg4BCOzT0ivQsDKROoU7/S+YiciQ+cvj26kysAeZJNAvLPLCqm0A2ZJoC21Ktt7IbGwbXgIF2pQQ1L94YdHwYGnLcBFSU+xTD3QprKPP/y0saTFh3uXJwJeitVj2Tp/Od3IgKVEp77waCVtEcshAhKjyKwnxHtmcmkoQ0A9n4uPcqKR+qkcF4WNDKxZsf6XevzZRyJLXUb4/E1I66so5yKzAHe6kTFIfQiSDjNHK5kzlFlMWgFsCKdpbaXOCx4+Xd+9UDeVFCX8Qs5FUQTIE5q2DAH0/ZHZRw180nKmwrOAVFZx4LTnosD+T043LDStMjYsSqHAOKWGbIEUUYAUE15WI5psUYS7s5HwWEimtglREx7FBe9/jwCZehBUibKPR4Czb9NWynMBW/tcA2BXpvKSnG5YhPTElU5ZqRQkgsmX9J5oEg4ICaSkAkKkqkRjm4REYVuF16xMD8gooE2ecTTJw3DlxUKmEiCzT7FSTyoBRYlano5i3bPqSzfkL/E0S1mJ4FQdESggFacHbAeywgJsbYmJxjaxo7Ax4TUXsAfIdbG+6OEhK2SBPSBTD5gzZJ8CBahwMhxCAH6vSQabZ/tNd6ebzBFKTdkEUTyZBXB3FFi4sBfXIT5DorFDlqcDranOyAU/BVJAIYHY3RJeA7+pOi2RWWafkNRTdAGJChUgToA8I+FddF66YYpweyVOHjIbKsMJySocLz0WpWwLyBZIZjFFSTRO74GB2D3gZCtpJTR4vgOBgRSicAU6QaYeSFXZZwUE+PsnXIA8HeD0nLh8ugmn9kuMa5WC4tSUWkOcNq4PERASCBOmLZQu0dhK4gJBfdwJsklKURNyFqTfuEAkJlU5rYBU5B6wP/t4DEvRVMjXQJ4RaJNfp/xdxbKqFOolJ6shp+pQIlesTBrSdgIrh860tiq0lUw0yjUOKZB/7KskHAgHmOGkoCsyWLHHwgv8VZTZRw18CvfiZyhuJ1BE5PG8yZRfRNFbsT4CTnr+4EKdYz67BUYn+zRVLBc20VDUshMyB1J4B6bqtxB3qWKRnRBCXgoMNDg7QaYe+C1d9il1J1yYdGNHRTV0Cp09XvSza2solovwWPA1Kt1XJyQcfyfIQMBWovPi1xASRQhGxmIHgla7MoS2WJhUnSCzTxG/PyvQCSudbkK6lTB0IkvxJQjRUNyvkR3LBR/UZOiEop+XDBqKcl5kIPapKYqLVCTQk/l7LlMPnGbOPoVoCA925dJNtu+W/GZkPiXcHdk0sHmBBfKe+C6EAr2EmENJgZ1Z+HkpXENIpH4MaSg8Fr8XTyu5LvBcSH6ZfQJTT9E1SD2qvBLppljxFPK1KJYG1X2pDuWIppBYUjlV4FL0Q9pYSqFBhZl4GKdBxgKSIiYCWxJ8lZRfph54d2afUmtQUZcw3fCZK0WfMnnid4KQpdCgutJzKBONDQuPxbYNr1mZfpCxQJvq9pXR4O+TVBpkOCoWv5fEVjAXlzDRo519Vl5DSdJNqjOa2E2JAP5OqPO3wjKcOv2JxjbhWNCkwrHBgTUXsB9kOEWMKDBwGwY9mXtVxpKZBJIu4OngDoGGC7J1fHF285NhoFzIyWCqDAX5hbiAMkh52kRjxyvDydalH4VvNuKSgVCY2cKxuyi8prhdoSIKDweG4eDw6FIhbQ32wCcVYTh4eXQjezBDj5B5BsNwrSFIllFgOCG+4jCFJxqbOUM4MPnonA4VUYZwFEOqw1J3RUg4hPkonJFEDTL7OFd8UnW+BC+nG1kb0n2M/+j0IyQ5uzJVOBxXhkIpEo0tIzGcj8IZCdeQGI7dA+E14TLCOf1IGQ6Q9IVEpfOb6acqbmu2rpCpB3oKzD7/PwGFf58tiFVnAAAAAElFTkSuQmCC', 'remote', NULL, 10, '30萬', '2025-02-11', '2025-02-11', 'app', NULL);
INSERT INTO `orderform` (`orderid`, `name`, `intro`, `deadline`, `detail`, `picurl`, `location`, `rank`, `people`, `budget`, `upload`, `newdate`, `category`, `collect_count`) VALUES
(31, 'web前端連windows主機', '編寫簡單的Web前端頁面 ', '2025-01-22', '<p>1.編寫簡單的Web前端頁面 </p><p>2.會設定windows系統連線到web端(像是IIS或是nignx..等等),區網與固定IP的公開網路https都可以使用 3.使用C#寫Windows測試程式來證實連線成功(用Winform佳或asp.net Core) 目前使用的是SignalR的函式來連線</p>', 'http://localhost:8080/order_edit', 'remote', NULL, 3, '另議', '2025-02-11', '2025-02-11', 'web', NULL),
(32, 'LINE PAY 導入', '我們的APP想要導入LINE PAY', '2025-03-31', '<p>我們的APP想要導入LINE PAY</p>', 'data:image/jpeg;base64,/9j/4AAQSkZJRgABAQAAAQABAAD/2wCEAAUFBQUFBQUGBgUICAcICAsKCQkKCxEMDQwNDBEaEBMQEBMQGhcbFhUWGxcpIBwcICkvJyUnLzkzMzlHREddXX0BBQUFBQUFBQYGBQgIBwgICwoJCQoLEQwNDA0MERoQExAQExAaFxsWFRYbFykgHBwgKS8nJScvOTMzOUdER11dff/CABEIAWgBaAMBIgACEQEDEQH/xAA1AAEAAgMBAQEAAAAAAAAAAAAAAQUGBwgCBAMBAQACAwEBAAAAAAAAAAAAAAAGBwMEBQEC/9oADAMBAAIQAxAAAADrAEXlHeAFHMSReUd4AUcxJF5R3gBRzEkXlHeAFHMSReUd4AUcxJF5R3gBRzEkXlHeAFHMSAQvBRXqiL1RwJvBRXqiL1RwJvBRXqiL1RwJvBRXqiL1RwJvBRXqiL1RwJvBRXqiL1RwJvBRXqiL1RwJvBRrwAKO8oj1CC9Ao7yiPUIL0CjvKI9QgvQKO8oj1CC9Ao7yiPUIL0CjvKI9QgvQKO8oj1CC9ABRpHm9o7wAopSeb3G9T8rnbcwbTqCRPOvywpytDNf3wN8+Z4wMZqwoZr++BjPGBjNWFDNf3wMZ4wMZqwp6zrJtPs+XpvIORM+lHd3BPzfVNZV5vaO8+vQKKUkJELwUV6oi9UcD8Mk0JyudjlEU9XAYPgAAAAAAAAAAAC735zRnsw7+4b1RWbPL1RwJvBRrwAKO8oj1CDzzHuHT1XQIInwQAAAA+vC6sd3YxRl/5/f3ii5pdTXkYPkAAABEvXTP7a+2BdFl+oR1OhegAo0jze0d4Ac/4JmuFU1WYcfQAAPWz+js612BuX755K8Jy76En74bOwA+f6HnmD4BvdxuVyT+XVOooVF9ZpiJcIPAAGb9Cc79EWrPAlHfopSQkQvBRXqiL1RwaWwrPMDpisg5OiAsJ6PkvWrctLSn4ZswAAAAAGH6B6ux+Mx/mR9vxVZBQx+AZl0Tz/uO1Z3eqOJRIE3go14AFHeUR6hBp3A88wOmKyDk6L152V0NjYuWFz2aGbMAAAAAAABhvO/XWh4REteCuYiBne5NN7jtSd+oRKZBegAo0jze0d4Ac84VmuFUzWQcjRjqLnzp2wpaE7lzS+5+QYjGuq7TE8sknbak23ypweR0TjH44Jq620835N6X29n9NY5dzzzdHq3T+x+bH1sxR/pyeZuXI8TyyxZsx3ImXLyF6taqjaqDD5mXRPO/RFqzsJRIKKUkJELwUV6oi9UcGlsKzzA6YrIOTo55v/Q2+bWnYSeQRyD19yDAof0nlmJ5ZLZE5U6r5UjPC25gmd4Jz9PD8iu8Q4XH3boHIcey5OlOa+lObel0d4/XoR8YerPu1/sCxZsG1tc8YXnWC0tWAcvTzLonn/cdqzu9UcSiQJvBRrwAKO8oj1CDTuB55gdMVkHJ0ct6O5J6vsmY/uJpKo5B6/5CgUP39mfJsamt15yvn2CfTbOCZ/r/AOvrJMxwzdPb6vInna+qq/h3SXNXSfN/e7PUv3ckNnN1+13sScSsfHsZ+dsZmKNqkNb4zvcmm9x2pO/UIlMgvQAUaR5vaO8AOecKzXCqZrIORot4aPs+1v8AVD5PruKy2OZGx48RZc18Fd8d6z5vw+C2fX18H3n19fjSZC+PjzieXPnzEWXMGD5/oN3car2LzDF498IquDAZl0Tzv0Ras7CUSCilJCRC8FFeqIvVHBpbCs8wOmKyDk6IGd7+5G2FOZJvl+P7WHNg99AAAAAAflGhOXzfwwwqGuw1MQGZdE8/7jtWd3qjiUSBN4KNeABR3lEeoQadwPPMDpisg5OiABku9eZZkvW66aJ2bYExykdjqAAAAPgrefuBxbLFCq4EGrjAAzvcmm9x2pO/UIlMgvQAUaR5vaO8AOecKzXCqZrIORogAAIl75a5drx0drdOc8u5vJ+50ILEmw+L58+3XWF68g0Q+j8CARQPgAABmXRPO/RFqzsJRIKKUkJELwUV6oi9UcGm8F3Dp6oK3Dg8wAAAABn+AbH7W/vRg+qbGmez9K1k13DQ4fPAAAAAzfoTUWwLbsC9UcSLtpvBRrwAKO8oj1CDxzJ13oOERTABXMPAAAAAAAAAAAAAROdbmbb373lFdlo+oRlyXoAKNI83tHeAFF8/0z8+c9UnS+pa0gmBImIcAPAAAAAAAAAABGd7mbHt+PrtSfeb2jvO71wKKUkJELwUV6oi9UcCbwUV6oj8sE2DHL5+mPz6IcvQ53+vftE80573DHjSjoh653+vftEac97hjxpR0Q9c7/Xv2iNOe9wx40o6Ieue8m29RZsv4ZJRx3esm8ZctFeqIvVHAm8FGvAAo7yiPUIL0CjvKI9QgvQKO8oj1CC9Ao7yiPUIL0CjvKI9QgvQKO8oj1CC9Ao7yiPUIL0AFGkeb2jvACilJ5vaO8AKKUnm9o7wAopSeb2jvACilJ5vaO8AKKUnm9o7wAopSeb2jvACilJCQBF4AFHIReABRyEXgAUchF4AFHIReABRyEXgAUchF4AFHIAf/8QASxAAAQIDAQgLDQYFBQEAAAAAAQIDAAQFEQYSITAxNVGSExUWICIyQVJxc4MQFEBhY3KBkaGxwdHhIzRCVGKyJDNTgsIlQ0RQgKL/2gAIAQEAAT8B/wDDE1U5GSwPPgK5owq9Qh66pH+xKKV41qvfdbCroZ48VplPoJjb+oeR1I2/qHktSN0lT8jq/WN0lT8jq/WN0lT8jq/WNv6h5LUjb+oeR1I2/qHktSN0lT8jq/WN0lT8jq/WN0lT8jq/WNv6h5LUjb+oeR1I2/qHktSN0lT8jq/WN0lT8jq/WN0lT8jq/WNv6h5LUjb+oeR1ITdDPDjNMq9BEM3VIyPyih40KvvfZEpU5GdwMvi+5pwH1eBvOtMNKcdWEoGUxUK/MTN8iWtaa0/jPyjT4TT6/MypSiYJda0/jHzhl5qYbS60sKQeXwB15phtbrirEJFpMT8+7UHb5WBtPERo+vhkjPOyDt+jCg8dGn6wy81MNIdaVahQwY+6CoGZmDLIP2TRw/qX9PDqBUO9ZkMLP2Tx9S/rjqnN95ST7w4wFifOOAf9BSpvv2RYdPHssX0jBjbqXuBKMaVFZ9GD441PCNibVHQMMIptRc4si96U3vvgUKrH/h+tafnG0FW/LDXEGh1cf8O3+9PzhdOqDfGkXvQm+90HAbDgOg4Mbcs/gm2PGlY9OA426FVs60nmsj2nFNNOvrvGmlOK0JFsS1zM25wph1LI5o4SvlDFz9NYys7KdLht9mSG2m2k3rbaUDQkWb51pl5N640lY/ULYfufpr1pS0WlaWzZ7Imrmpxq0sOJeGjiq+UOIcZXeOtqQvQoWHFXPqsn1DnMqxtfzh2KMQAVKCUpKlHIBhJiQubW5Y5OqvU/0k5fSYl5ZiVRsbDSUJ0DGTMrLzbd4+ylafHE/c461fOSZLiP6Z4w6DGQkHARlBxFBziOqXja/nDskb+VlX5x7YmEWq5TyJGkxTqTL05No4bpHCcOX0eLwCp0eXqCb8fZvjIvT4jpiYl3pR1TLyL1Y9RGkb+gZxHVLxt0mc+xT8d9Kyr06+llocI5TyJGkxISLNPZDTQ85XKo6T4FUKezUGdjcwEcRYypMTEu7KPLZeFi0+ojSN9c3nVPVKxt0mc+xT8d6ApRCUpJUTYAOUmKTTk06XANheXhcV49Ho8ErNNFQl7UAbO2LWz8PTHsPKN7c3nQdSvG3SZz7FPx3tzclsry5tY4LRvUedp8Guike95oTKBwH+N4l/Xe3N51T1SsbX84dkjeHJFPlRJycuxzU8Lzjl3j11DuzK2CXQWgcBUTarxxJzLc7LNTCMixkPIe7P3RuMTLjMuwhQbVeqUu3KMtlkUyfRUZbZgm9IN6pOgxVa6qRf73YaC3ALVFWQWxSKwmohaFovHk4SnSNI7k7NokZZ2YWLQnk0kxL3Tul9ImJdAaJstSTaImZhuVYdec4qE2mFXUTdpvZVoJ5LSSY3VT/wDQY9sbqZ38qx61RTJ9FSltlCb0hV6pOg92qynfkg+0BwrL5HnJgG0A7ygZxHVLxtfzh2KN5S2e+KjJt8myXx/s4W8OQwjiiLms0Mec5+7uzf3yd69390XLfdJnr/8AERdBnic7P9ghl52XdQ80qxaDaIkJ1ufl0vI6FJ5p0RdHmh3rW/fBiu5nnuhPvHcRQao4lKksJIItHDEbnqv+WTriKPTzTpUtrUFLWq+VZp8W8n2e956cZGRLqrOg4RvKDnEdUvG1/OHZI3lzab6qA81lZ9w3hyGEcURc1mhjznP3d2b++TvXu/ui5b7pM9f/AIiLoM8TnZ/sEchMUuoKp0yF4SyrA4n49Ii6BaXKQtaFApUpsg6RfQYruZ57oT7xBwgwxdFTm2WUKLtqUAcTQI3TUzS7qRLzDM00l1lwLQeUby6FN7Vn/wBSGz7LN5QM4jql426TOfYp+O8uYVe1NXjYV7xvDkMI4oi5rNDHnOfu7s398nevd/dFy33SZ6//ABEXQZ4nOz/YIoMs3OGoMOcRTSfXbgMTMs7JvuMOjhJ5dI0iEzy9rX5FdpTfJU0ebYbSIMV3M890J947lh5qvVFh5qvUYucl3peSXsqSnZHCoJOWyzeXSH/V3erRvLm86p6pWNukzn2KfjvKE5sdVlcPGvkesbw5DCOKIoDrSKVLhTiQb5zKf1GO+WP67esIBChaDaIm/vk717v7ouW+6TPX/wCIi6DPE52f7BFyX3uc6pPvitUwT7F82Pt2+IdP6Y9nigxXczz3Qn3iFcU9ESzrYlpa11H8pHL4o2Zr+qn172suh6qzyhkCwjUFm8ubzoOpXjbpM59in47xDimXG3U8ZtQUPRDbiHW23EHApIUOg93kgAp4JwEYCOiL0Hki9TzRFyy3BMTLQ/k7HfWaFfWJ0FM9PAiw7Ov2mLlge8phXIXzZ6hFfSU1aZtHGCCPGLLIuVB2edVyXiB6e5dDTLw9/MjAf5w0fq+cWFRSkYSpQAHTFcSVUqdAH4LfUbe5ep5oi8TzRFzLji6esLJKUOlKOjuvvJl2XXlcVCSo+iCpSypauMoknpO8ubzqnqlY2v5w7JG9uanNllVSylcNnJ5h3j1Jp0wsuOyiSs5Tkt9UbQ0n8mNZXzjaGk/kxrK+cS0rLyiLxhpKE+KJimyE2q/flkqVp5fZDbaGkJQ2gJSnIBkiakZOdAD8uldmQnKIYl2JVvY2GghGgdxSUrSUqFoOAgwzSqdLu7K1KISvkOjogi2FUKlKJJk0+gke6NoKR+T/APtUbQ0j8kNZXzhpptlCW20BKBkA7t003eMtyiTwnOEvzR8zvaBnEdUvG1/OHYo3snNLkplqYRhvTwhzknKIYebmGkOtqtQsWg+CTMw1KsuPOmxCBaYmZhybmHX3OMs5NA5BvaDnEdUvG1/OHZI31EqveLmwPK/h1nLzD8ott8CUQkFSjYBlMVmqbYO7G2f4dBwfrOn5b6gZxHVLxt0mc+xT8d/R62qSvZeYJMv+FXKj6QlSXEhSSFJOQjl8AWtDSFLWoJSkWkmKvWVT1rLNqZfl/X9N/c3nVPVKxt0mc+xT8cRT6rM05VieGzytH4aIkalKVBP2TnDswtnAoY6YmGZVpTrywlA5TFUqz1RVei1DAOBGnxqxFzedB1K8bdJnPsU/HEglKgpKilQyEYCIk7pJtixEwNmRpyK+sSlYkJywIfCVn8C+CcXP1GXpzd86bVHioGVUT0/MVB2/eVgHEQMicTc3nVPVKxtfzh2SMWQDyRLz07K2bDNOJA/Dban1GGrpqgjA4204PSkw3da1/uSS0+aoK+USc9LT7d+wu2zKOUdO+qlealL5mXscf5eajp+UOuuvuKddWVrVlUcVQM4jql42v5w7FGPudcU3VWwMjiFpV6MO8fmGZZtTjzgQgcpipV96avmpa1pnnfjV8hGTF0HOI6peNuhTZOtq5zI9hx9zTd/UlK5jKvabO7UK9LSdqGvtntAOBPSYmpuYnXL99y+0J/CnoGNufTbPqPNZVjbqmeDJvjkUpB9OH4Y+5uZl5d+bDziUX6U3pUbBgiar9Pl7QlzZl6G8PtierU7O2pvtia5iOXpMZMdcszgnHzpShPownG1OU79kX2RxrLU+cMI/6ClSneUiw0ePZfL85WOr9P71mS+2PsnTh8S/r4dQaf33Mh5Y+xZNvSrHvMtzDS2nU2oWMMT0i7IO3i8KDxF6fr4ZIyL0+7eIwIHHXzR84ZYal2kMtJsQkeAPMtTDSmnUBSDyRUKDMytq5cF5rR+NPz8Kp9BmZuxb4LLPj4xhhhmXaS0ygJQPA5ulSM5hdYF9zk4D7IeuWGVicPQtNvtEKufnxkUyr+6Noajoa142hqOhrXjczVea1rxubqmhnXjczVea1rxtDUdDWvG0FR8lrxtDUdDWvG5mq81rXjc3VNDOvG5mq81rXjaGo6GteNoKj5LXjaGo6GteNzNV5rWvG5uqaGdeNzNV5rWvG0NR0Na8bQ1HQ1rwm5+fOVTKf7oZuW5X5w9CE2e0xKUqRksLTAv+erCf/DP/xAApEAEAAQQCAAUEAwEBAAAAAAABEQAhMVEQIDBBYZHwcYGhsUDB0eHx/9oACAEBAAE/EOHD0MHDh6GDhw9DBw4ehg4cPQwcOHoYOHD0MHVw9DBw4ehg4cPQwcOHoYOHD0MHDh6GDhw9DBzJupN0pDfoJBepN0pDfoJBepN0pDfoJBepN0pDfoJBepN0pDfoJBepN0pDfoJBepN0pDfoJBepN1JvoBBaoNUhDboBBaoNUhDboBBaoNUhDboBBaoNUhDboBBaoNUhDboBBaoNUhDboBBaoNUhDbuYOHD0MHDh6GDhw9DBw4ehg4cPQwcOHoYOHD3EgvUm6Uhv0EgvUm6Uhv0EgvUm6Uhv0EgvUm6Uhv0EgvUm6Uhv0EgvUm6Uhv0EgvUm6Uhv0g1UGqQht0AgtUGqQhtx95MvzDQVAtb8BT9oE/del7n+16Xvf7Xoe7T0Pdp6Hu09L3v9r0vc/wBr0ve/2vQ92noe7T0Pdp6Xvf7Xpe5/tel73+16Hu09D3aeh7tPS97/AGvS9z/awAfJZqYBdT8BS6G8z++4AgtUGqQht0AgtUGqg1y4ehg4Eet39bV8gp9WN5aUXTKqqt1X+R5jhGRLI7GsQTyuOxoRtbD8iZE8x4cPQwcybqTdKQ36CQXojf8AyltWwVfExNfbv+Yv8eX4Ds1QTskv2J5I2SlIb9BIL1JupN9AILVBqkIbcYWb1D+cRvigbsP6cAQWqDVIQ27mDhw8TipfKqqqt1W6v85FLKPklkaS70ve3vmjBw4e4kF6k3SkN6YE2+1IPFWZpwKvYmr/AL0p/TRczPo+A4qr+haY+BlUfvSHNPIKPs+K0tsF/R/QUJBepN0pDfpBqoNUhDbpoT3aeF6g1yDbook9AH/JRQv8VsoGKfIj2O3or0z7NHwO/wCwkoHbefuVUoIvPfUByeEheAP2R6AQWqDVQa5cPTF8LvgJMEDqHABdamqzCX/PBQsC8mJ9Xb4ijyiDcdjkaPBBL/3KkQSpAIiZEbj4kDBzJupN0pDfpj+V3uCtKUtsFEBIQPs0/gFUAoP2D5Kz0hvYPM8MQkF6k3Um+gEFqg1SENqwfG/ZOuuP5mGj1fD/AMKCcMoH1B/ZX/OqF6D2+V2UBBaoNUhDbuYOHDWD436hNKOlRABtaOuA3tHpgfxI0SsCdt1SEURBRCERhHSdomDhw9xIL1JulIb1g+N+oZ09ArL/AGH8a0SyAwP+evyuyhIL1JulIb9INVBqkIbdMfyu9EiQV1tomFxlu4/d6EB3AAtIsFG4kzzAYR+icsOAhdaA0oUl994dOqIBg+h4FsrQRDgGTiGoBIOUQBRiVpSe0s2aRpHRXbeRS28vDn1SCgyDikCHvPZhvZ8zm9QX7wV6gB4AgILVBqoNcuHpi+F3oK0WJsQH+nUfglfLb8/Nb1+fp/DoXHWHk7HYlkq3+txkcqvlNawPqUCaqUBdE0F6zR2SeFkwlfAQEegDoJCIzp/1PgQMHMm6k3SkN+mP5Xehr4/M9QfglfLb8/Nb1+fp/DoQ2DAgvkLgWliwIteRKCIMrCCsPuUCaqKLzRpXlfDSQokv7usDA+lIPi/6eAISC9SbqTfQCC1QapCG1YPjfoGf5P264/BK+W35+a3r8/T+HQKeZXYEh6lR1n+jyvqURBW0BR6arD7lAm4r/wBbw0vvi+AwXNsdJB0fT5XZQEFqg1SENu5g4cNYPjfoFzALdcfglXc/ARvxYHBISIyV81vX5+n8PgHQOBro+adNXFEUKKIRLIjhKw+5QJqr7mVFUi4R1oVgX7euIpP2H1iYOHD3EgvUm6UhvWD436PfDOWIVIwcPQk5booRFWuyKhGlUpXaV/5lPYoC8isHsp8wrDpUaM490wU01xC/Qf6Vb+2b6l4n5L2fNgqAqiVdVAB9WpMSCBolQiSXGnO0Pm+wUuMNWW0UnQ8tbH0cE0hMqe1VenyuyhIL1JulIb9INVBqkIbdMfyu9YLlbd4fbHR/myKv6pnJgxdfUocu1y0bPwBiL0VElBk6DgDQFMafPCTSQlGiZWOCXK8AJEgSI+TUSAuIsvqxQBEIorpXy/2QV6f5evB4GewcAPQOTDpYteDggILVBqoNcuHpi+F3qbDIPoigDxO8P8SRqKeb6G1q2lJJTFb7PgwMHMm6k3SkN+mP5Xe1+F3LD+f10AiMj/CHABUYAKUVDn0v6+EEJBepN1JvoBBaoNUhDasHxv2IJDXkBrN/rU54ioQOk/gOBItABlWlXhbrj/nv+V2UBBaoNUhDbuYOHDWD438AQWRlkH1fmqexiUX6g8YRK3/QbWoGSzz38reDEwcOHuJBepN0pDesHxv4Jtwi9QeYkI0N6HWP+qfC+Pmz9vDOtG57GjW2rGjMr/2dr4PyuyhIL1JulIb9INVBqkIbdMfyu+GBCEqH40X7SVE7ej3BJVoDbqbiLUOQ+g9rBxZZT9mn+DsiBgDyCx4wgILVBqoNcuHpi+F3x8IxGwR6ZStvBV5Ms40wAgAPHgYOZN1JulIb9NDe7Q8f1Rn3Lk9HCRvqqfdF8Qa8UQfCX7odBIL1JupN9AILVBqkIbVJivtKDxyAdZbDZBfrQ8GYt/61Acq0jIrAAAAeM8FA+5P2FAQWqDVIQ27mDhw0wS779oPURLI5EyPjJsGg8dsLC6KYfEnuD7YowcOHuJBepN0pDfh59eww3w/zksufo8H2y8CQXqTdKQ36QaqDVIQ26AQWobsQMJpNI3Gr/Hvlh06/mAZqByCfulpwQZV27Vu0hDboBBaoNVBrlw9DBwUtLrfkjkTySlNZRIepQRU8xhPMT+QoRO7FJayCPpjisCFAyrldrt4cPQwcybqTdKQ36CQXqTdKQ34RXvXe/lU+F0b9Ck4M2I/ZxB6QdFxUPQqekHRcVD0KnpB0XHEIJQZtb+ijkV2b8hpwaGPwa44EgvUm6Uhv0EgvUm6k30AgtUGqQht0AgtUGqQht0AgtUGqQht0AgtUGqQht0AgtUGqQht0AgtUGqQht0AgtUGqQht3MHDh6GDhw9DBw4ehg4cPQwcOHoYOHD0MHDh7iQXqTdKQ36CQXqTdKQ36CQXqTdKQ36CQXqTdKQ36CQXqTdKQ36CQXqTdKQ36CQXqTdKQ36QaqDVIQ26AQWqDVIQ26AQWqDVIQ26AQWqDVIQ26AQWqDVIQ26AQWqDVIQ26AQWqDVIQ26AQWqDVQa5cPQwcOHoYOHD0MHDh6GDhw9DBw4ehg4cPQwdXD0MHDh6GDhw9DBw4ehg4cPQwcOHoYOHD0MHP//EAEkRAAIBAgMACg0ICQUBAAAAAAECAwQFAAYREBIVICEiMTVhkhMWMEFCUVVjcXOBg5EUIzJScqGywTNTYHSCk7HC4TQ2RVTR0v/aAAgBAgEBPwD9ibneKO1IDM+rkcWNfpHFXm+5TMRAEgToG2b4nBv95J13Rm9hxu7ePKM3Wxu7d/KE3Wxu9ePKM3Wxu7ePKM3Wxu7d/KE3Wxu9ePKM3Wxu7ePKM3Wxu7d/KE3Wxu9ePKM3WxDmW8wkH5YXHicBsW3OEUrCOuiEZ/WJ9H2jCsrqrIwZSNQQdQR3C8XNLVRvMQC54sa+NsVNTNVzPNM5eRzqSe7ZYvj0kyUc7608h0QnwGP5HuGb6szXIQa8WBAP4m4TvgpY6AEnCWy4yDVKGdh0RscGz3Uf8dUfy2xLTVEH6WB0+0pG+B0xZqs1tspJ2OrFNG9K8B39/JN5uPriN5QWqtuUm0p4iQPpOeBR6TigyfRQhWq3Mz/VHFTEFHS0oAgp44/sqBssqsCGAIPKDiry/aqwEvSqjnw4+KcXPKVXShpKVuzxjvaaOMEFToRod5lAk2cdEz7++88XD1zbNhsEl0cyykpTKeE99j4hiCnhpYlihjCIvIB3C+ZehuKNNAAlUPYH6DiWJ4XaORSrqSGB7xGzlDmj3z7++873D1zbFroXuNbDTLwbY8Y+JRynFPBFSwxwxLtUQaAdyzdaVkiFwhXjpoJelfHs5P5o98+/v3PFx9c2xkqkAjq6sjhJEa/1Oxmu51luSiFNLtOyFyx0+rpihmeooqSZ/pSQozekjXGabjVW+lpzTSbRpJCC3f0AxcbvWxZdoatHAmmZVZgPGCfyxly9m5QmGdh8pjHXXx4zJeq+33Gmip5dqgjDkafSJPfxmm719DVU8FNMY1MW3JAGpJJGBU5vIBC1RHq8UJqWpKc1Q0nKDbjpxPClRDLC41V1Kn0HE8TQTSxNyo5U+w6bGUOZ/fvv77zxcPXNsZRAFnXplfXYzxyW33v9uLVzZb/3eL8Ixnb/AEtD61v6Yuv+0rR61PwtiOCrt0FDdYGOhYjX6rA6aHoIxfrhFc6mkqI+DWBQ6/VYE6jGdOcqX93H4jhc13hFVRBHoAAOIcUM8tTR080sXY3dAWXxHYvYAu1x0/Xv/XYyhzR759/fed7h65tjJdQGpKqn14ySbf2MP8bGeBxbaemX+3FLnB6amp4BQg9ijVNdvy7UaYzDXbp2i3VQiKayuCOkDF1Vu1K1cB4JEJ+DYsFLFV5eignTVJNuD1sXK2zW2tamcE8OqED6QOM6Ai40h04OwD8RwmdWREXc8HQAfpP8YoqkVlLBUBCokQNtT3sMwRWZjoACScVk/wApqqmf9ZIzfE67GT+aPfPv79zxcfXNsWG47mXCOVj803Ek9BwrBlDKQQRqCMSwQzrtZokkXXXRgGH343Nt3/Qp/wCUuGp6doxE0EZjHIhUFfhhoonj7G8asmmm1IBGFVUUKqhVA0AHABh4YZGR3iRmThUlQSPRiamp6gATwRyAcgdQ2nxxuXbfJ1N/KXAAUAAAAcAAxmq5rSURpkb56caehO+dnKHM/v339954uHrm2ct5hWALRVj6R8kUh8HoPRgEEAg9wut2prVAZJTq5HEjHKxxW1s9fUyVEzaux9gHiGzlDmj3z7++873D1zby05kq7cFif56AeATwr9k4ob7ba8AR1AVz4D8Vt9eb/TWtCi6SVJHFj8XS2KusqK6dp55C7t93QN5k/mj3z7+/c8XH1zb6mvFypABDWSKo5F11HwOLNmivmraenqisiSuE1CgEE+jYZlRSzMAoGpJ4AMXrNYTbQW86nkab/wCcO7yMzuxZidSSdSTvcocz+/ff5liMV5rNRwMwcfxDXf5eEZvFF2Rgqhy2p8YGoxcMxW2gBHZhLJ3kjOvxOLpfq66Eq7djh70S8nt8e/yrEYrNAT4bO/36b/OFtaWKKujGpjG0k+z3j3eho5a+qhp4hxnb4DvnEEKU8MUKDRI0Cj0DfsqurIygqwIIPIQcXzLE1I7z0aGSnPCUHCyf+jutHQVVfKIqeEu33D0nFkskNoiJJD1Djjv+Q7lV2a2VpLT0iFj4Q4p+IwcoWcnkm6+O1C0ee6+O1C0ee6+O1Cz+f6+O1C0ee6+O1C0ee6+O1Cz+f6+O1C0ee6+O1C0ee6+O1Cz+f6+Icq2aIgmBn+25/LTEMENOgjhiWNB3lGg/Yv8A/8QASBEAAgECAgIMCgUKBwAAAAAAAQIDBAUAEQYSECAxMjVSYXFzkrHRExUWISIwQVFUkRQjQnKBMzZTYHSTobLBwkRiY4Ki0uH/2gAIAQMBAT8A/UmvudNb1HhWJcjNY13xxUaRV8xPgtWFfZkNY/M4N1uROZrpfwbLHjO4/HTdY48Z3H42brHHjS5fHTdc48Z3H46brHHjO4/GzdY48aXL46brnHjO4/HTdY48Z3H42brHHjS5fHTdc4jvN0jIyq2bkYBu3FFpKrFUrIwn+om9/EYVldVZWBUjMEHMEeoudetupmlyBcnVjX3t3DEssk8jyyuWdjmSfXWO6NSSrTStnBIchn9hj/Q+o0iqDLX+Cz9GFQMuVvOdtmPfhKWrk3lJM3NGxwaGuH+CqP3TYdHiOUiMh9zAr27e1VJqrfTSsc2K5MeVfMdvdSTcq4n9Mw+W0paOprZNSCIsRuncVec4pNGqdAGqpDK3FX0V7ziCkpqYZQ06J91QDslQwIYAg+w4qbJbqnM+AEbcaP0f4bmK6wVdKC8P18fIMnH4e3a6Nkm2nkmfsG3ufCNd0zbNqtUlxkLMSkCn0n9pPFGIIIaaJYoYwiDcA9RdrJHWBpqcBKjdI3A/Py8uGVlZlZSGBIIO6CNnRrg5umbsG3ufCNb0zbFJTPWVMMCbrnzn3D2nEEEVNDHDEuSIMgPVaR28ZCujXzjJZewNs6NcHN0zdg2904RrumfY0XpwfpVSR7o17TsaRV1VSfQ1p5jHr65YgDM6uXv58UUrz0dJM++khRm5yM8aQ1lTSQ04glKF3ObDdyGKu41i2OjnWXVllcIzgDl7sWO6msQwTvnOgzB4694xfbnW0ldHHBNqIsSvlkDmSTu40guNZTVMUUE5jTwQc5AeckkYFRpCciDV5dH/AOYojUGkpzUjKYoNfnxNEk8UsTjNXUqeY4ZGjZ0bfIxVucHI7GjXBzdM/YNvc+Ea7pm2NGgBbm5Zmz2NKt/b+aX+3Fr4NoP2eP8AlxpT+So/vPit/N22dMOxsLHUUsVJXRnIF21WHsZSRkecYu1YtfPHOoyJgUMvuYE5jGk4zr4v2df5jhdIrioCgw5AZbw9+KKaSopIJpY9R3QErsXAAV9b08nbsaNcHN0zdg29z4RrembY0XmBhqoParhxzMMv6bGlW/t/NL/bim0jlpqeCAUiMI0VAS5GeqMvdi71vjCgoKjwRTOSRSM8xmMVv5u2zpR2NizU0VVZFhlXNHaT+Y+cYraSWinkgk3RvTxgdwjGk4zrouWnA/5HCaTyoqr9CQ5AD8oe7FHUispYagIVEi56p9mGZUVmY5AAknEshmlllIyMjs/WOexo1wc3TN2Db3ThGu6Z9i21poKyKY7zeyD/ACnuwrB1DKQQRmCMSwwzqFmiSRc88nUMP448XW/4Gn/dLhqenaIRNBGYxuIVBUfhh4onj8G8asmWWqQCPlhEVFCooVQMgAMgMPBDKyO8SMyb0lQSObE1PT1Gr4aCOTLc11DZfPHi23fAU/7pcKoUBVAAAyAGNIq4QU30ZD9ZMMjyJ7fnubOjXBzdM/YNvc+Ea7pm2bLeRS6tLUt9T9hz9jkPJgEEAj1FxuUNui1n9KRt5GN0nuxPPLUzSTStm7nM9w2dGuDm6Zuwbe58I1vTNtLfeKq35J+Uh/Rsdz7pxR3mgrMgsuo5+xJ6J7jtrpeYaAGNMpKgjzL7F5WxNNLUSvLM5d23Sdpo1wc3TN2Db3ThGu6Z9tDW1lMAIaqRAPYGzHyPmxbr7WtVQRVDrIkjhM9UAgt5hubDMqKWZgFAzJPmAxc9Ic9aGhPIZv8Ar34JJJJJJJzJO10a4Obpn7Bt7zGY7pWDLfMGH+4Z7e1hDcqLXYKokzJPICRisvtDSghX8NJxYzn8zuDFdc6q4H619WMHzRrvfx9+30ejKWyIn7bu38ctvpLRFljrEG8GpJ932H19NTyVU8UEY9Jzlze84hiSCKOJBkqKFHMNuyq6srAFSMiDuEHF0sctIzS0ymSA+fIedk7x62npp6qQRwRF25PZznFqtUdujJYh53Hpv7h7h6qptVBVEtLTLrHdZfRP4kYOjdtJ3ZhyB8eTVu403WHdjyat/Gm6w7seTVu403XHdjyat3Gm6w7seTVv403WHdjyat3Gm647seTVu403WHdjyat/Gm6w7seTVu403XHdiPR62IQTE7/ec/0yxFDFAgSKNUX3KMh+pf8A/9k=', 'remote', NULL, 1, '5萬', '2025-02-11', '2025-02-11', 'app', NULL);

-- --------------------------------------------------------

--
-- 資料表結構 `ordertag`
--

CREATE TABLE `ordertag` (
  `orderid` bigint(20) NOT NULL,
  `tagid` int(10) UNSIGNED NOT NULL
) ENGINE=InnoDB DEFAULT CHARSET=utf8mb4 COLLATE=utf8mb4_general_ci;

--
-- 傾印資料表的資料 `ordertag`
--

INSERT INTO `ordertag` (`orderid`, `tagid`) VALUES
(20, 2),
(20, 3),
(20, 8),
(20, 13),
(20, 17),
(21, 1),
(21, 4),
(21, 5),
(21, 7),
(21, 11),
(21, 19),
(22, 6),
(22, 10),
(22, 17),
(23, 7),
(23, 14),
(23, 15),
(23, 16),
(23, 20),
(24, 2),
(24, 6),
(24, 13),
(24, 15),
(24, 17),
(25, 5),
(25, 7),
(25, 17),
(25, 19),
(26, 2),
(26, 3),
(26, 12),
(26, 14),
(26, 16),
(26, 20),
(17, 1),
(17, 4),
(17, 5),
(17, 7),
(17, 16),
(17, 20),
(18, 1),
(18, 4),
(18, 5),
(18, 6),
(18, 10),
(18, 19),
(19, 8),
(19, 16),
(19, 20),
(27, 1),
(27, 3),
(27, 4),
(27, 5),
(27, 10),
(27, 18),
(28, 7),
(28, 10),
(28, 16),
(28, 20),
(29, 1),
(29, 2),
(29, 3),
(29, 4),
(29, 7),
(29, 8),
(29, 9),
(29, 10),
(29, 11),
(29, 12),
(29, 15),
(29, 16),
(29, 17),
(29, 19),
(29, 20),
(30, 1),
(30, 2),
(30, 3),
(30, 4),
(30, 5),
(30, 10),
(30, 11),
(30, 12),
(30, 15),
(30, 16),
(31, 1),
(31, 2),
(31, 3),
(32, 5),
(32, 6),
(32, 7),
(32, 8),
(32, 9),
(32, 10),
(32, 11),
(32, 12),
(32, 13),
(32, 14),
(32, 15),
(32, 16);

-- --------------------------------------------------------

--
-- 資料表結構 `tag`
--

CREATE TABLE `tag` (
  `tagid` int(10) UNSIGNED NOT NULL,
  `tagname` varchar(255) DEFAULT NULL,
  `category` varchar(255) DEFAULT NULL
) ENGINE=InnoDB DEFAULT CHARSET=utf8mb4 COLLATE=utf8mb4_general_ci;

--
-- 傾印資料表的資料 `tag`
--

INSERT INTO `tag` (`tagid`, `tagname`, `category`) VALUES
(1, 'CSS', 'Front'),
(2, 'SCSS', 'Front'),
(3, 'Sass', 'Front'),
(4, 'JavaScript', 'Front'),
(5, 'jQuery', 'Front'),
(6, 'Vue', 'Front'),
(7, 'React', 'Front'),
(8, 'Angular', 'Front'),
(9, 'Java', 'Back'),
(10, 'Python', 'Back'),
(11, 'Ruby', 'Back'),
(12, 'PHP', 'Back'),
(13, 'C#', 'Back'),
(14, 'C++', 'Back'),
(15, 'Go', 'Back'),
(16, 'Node.js', 'Back'),
(17, 'MySQL', 'Database'),
(18, 'SQLSever', 'Database'),
(19, 'PostgreSQL', 'Database'),
(20, 'MongoDB', 'Database');

--
-- 已傾印資料表的索引
--

--
-- 資料表索引 `keywords`
--
ALTER TABLE `keywords`
  ADD PRIMARY KEY (`id`),
  ADD UNIQUE KEY `keyword` (`keyword`);

--
-- 資料表索引 `member`
--
ALTER TABLE `member`
  ADD PRIMARY KEY (`memberid`),
  ADD UNIQUE KEY `email` (`email`);

--
-- 資料表索引 `memberorder`
--
ALTER TABLE `memberorder`
  ADD KEY `memberid` (`memberid`),
  ADD KEY `orderid` (`orderid`);

--
-- 資料表索引 `membertag`
--
ALTER TABLE `membertag`
  ADD KEY `memberid` (`memberid`,`tagid`),
  ADD KEY `tagid` (`tagid`);

--
-- 資料表索引 `message`
--
ALTER TABLE `message`
  ADD PRIMARY KEY (`messageid`),
  ADD KEY `sendmember` (`senderid`),
  ADD KEY `receivermember` (`receiverid`);

--
-- 資料表索引 `orderform`
--
ALTER TABLE `orderform`
  ADD PRIMARY KEY (`orderid`);

--
-- 資料表索引 `ordertag`
--
ALTER TABLE `ordertag`
  ADD KEY `tagid` (`tagid`),
  ADD KEY `orderid` (`orderid`);

--
-- 資料表索引 `tag`
--
ALTER TABLE `tag`
  ADD PRIMARY KEY (`tagid`);

--
-- 在傾印的資料表使用自動遞增(AUTO_INCREMENT)
--

--
-- 使用資料表自動遞增(AUTO_INCREMENT) `keywords`
--
ALTER TABLE `keywords`
  MODIFY `id` bigint(20) NOT NULL AUTO_INCREMENT, AUTO_INCREMENT=25;

--
-- 使用資料表自動遞增(AUTO_INCREMENT) `member`
--
ALTER TABLE `member`
  MODIFY `memberid` bigint(20) NOT NULL AUTO_INCREMENT, AUTO_INCREMENT=1010;

--
-- 使用資料表自動遞增(AUTO_INCREMENT) `message`
--
ALTER TABLE `message`
  MODIFY `messageid` bigint(20) NOT NULL AUTO_INCREMENT, AUTO_INCREMENT=43;

--
-- 使用資料表自動遞增(AUTO_INCREMENT) `orderform`
--
ALTER TABLE `orderform`
  MODIFY `orderid` bigint(20) NOT NULL AUTO_INCREMENT, AUTO_INCREMENT=33;

--
-- 使用資料表自動遞增(AUTO_INCREMENT) `tag`
--
ALTER TABLE `tag`
  MODIFY `tagid` int(10) UNSIGNED NOT NULL AUTO_INCREMENT, AUTO_INCREMENT=21;

--
-- 已傾印資料表的限制式
--

--
-- 資料表的限制式 `memberorder`
--
ALTER TABLE `memberorder`
  ADD CONSTRAINT `memberorder_ibfk_1` FOREIGN KEY (`orderid`) REFERENCES `orderform` (`orderid`) ON DELETE CASCADE ON UPDATE CASCADE,
  ADD CONSTRAINT `memberorder_ibfk_2` FOREIGN KEY (`memberid`) REFERENCES `member` (`memberid`) ON DELETE CASCADE ON UPDATE CASCADE;

--
-- 資料表的限制式 `membertag`
--
ALTER TABLE `membertag`
  ADD CONSTRAINT `membertag_ibfk_1` FOREIGN KEY (`memberid`) REFERENCES `member` (`memberid`) ON DELETE CASCADE ON UPDATE CASCADE,
  ADD CONSTRAINT `membertag_ibfk_2` FOREIGN KEY (`tagid`) REFERENCES `tag` (`tagid`) ON DELETE NO ACTION ON UPDATE NO ACTION;

--
-- 資料表的限制式 `message`
--
ALTER TABLE `message`
  ADD CONSTRAINT `message_ibfk_1` FOREIGN KEY (`senderid`) REFERENCES `member` (`memberid`) ON DELETE CASCADE ON UPDATE CASCADE,
  ADD CONSTRAINT `message_ibfk_2` FOREIGN KEY (`receiverid`) REFERENCES `member` (`memberid`) ON DELETE CASCADE ON UPDATE CASCADE;

--
-- 資料表的限制式 `ordertag`
--
ALTER TABLE `ordertag`
  ADD CONSTRAINT `ordertag_ibfk_1` FOREIGN KEY (`tagid`) REFERENCES `tag` (`tagid`) ON DELETE NO ACTION ON UPDATE NO ACTION,
  ADD CONSTRAINT `ordertag_ibfk_2` FOREIGN KEY (`orderid`) REFERENCES `orderform` (`orderid`) ON DELETE CASCADE ON UPDATE CASCADE;
COMMIT;

/*!40101 SET CHARACTER_SET_CLIENT=@OLD_CHARACTER_SET_CLIENT */;
/*!40101 SET CHARACTER_SET_RESULTS=@OLD_CHARACTER_SET_RESULTS */;
/*!40101 SET COLLATION_CONNECTION=@OLD_COLLATION_CONNECTION */;
